ID_CONTADOR,ID_CLIENTE,FECHA_BUILD,FECHA_INSTALACION,LATITUD,LONGITUD,MUNICIPIO
CNT_000001,CLI_000001,2020-04-17,2020-07-04,38.252367,-0.701498,Elche
CNT_000002,CLI_000002,2016-02-26,2017-08-04,38.608316,-0.862031,Villena
CNT_000003,CLI_000003,2017-05-25,2018-06-04,38.693453,-0.485256,Alcoy
CNT_000004,CLI_000004,2022-07-12,2023-05-30,38.103069,-0.947444,Orihuela
CNT_000005,CLI_000005,2015-12-04,2017-11-21,38.358641,-0.485977,Alicante
CNT_000006,CLI_000006,2015-09-23,2017-08-25,38.355905,-0.476379,Alicante
CNT_000007,CLI_000007,2022-10-21,2023-04-18,38.3382,-0.472681,Alicante
CNT_000008,CLI_000008,2018-10-10,2020-06-12,38.463352,-0.785082,Elda
CNT_000009,CLI_000009,2021-08-04,2023-03-01,38.095106,-0.939747,Orihuela
CNT_000010,CLI_000010,2023-05-20,2024-03-04,38.524189,-0.145829,Benidorm
CNT_000011,CLI_000011,2019-12-20,2020-12-05,38.399802,-0.504462,Alicante
CNT_000012,CLI_000012,2021-03-14,2021-06-28,38.643846,-0.872757,Villena
CNT_000013,CLI_000013,2015-11-17,2016-04-04,38.471732,-0.795187,Elda
CNT_000014,CLI_000014,2017-04-29,2019-03-10,38.329915,-0.454731,Alicante
CNT_000015,CLI_000015,2016-12-19,2018-07-18,38.342876,-0.510073,Alicante
CNT_000016,CLI_000016,2017-09-18,2018-12-14,38.339212,-0.489935,Alicante
CNT_000017,CLI_000017,2023-12-28,2025-02-23,38.373121,-0.457175,Alicante
CNT_000018,CLI_000018,2019-12-14,2020-09-03,37.982055,-0.687598,Torrevieja
CNT_000019,CLI_000019,2023-03-20,2024-03-13,38.249404,-0.688171,Elche
CNT_000020,CLI_000020,2023-12-19,2024-12-07,38.392461,-0.484489,Alicante
CNT_000021,CLI_000021,2016-12-17,2017-06-15,38.085786,-0.939364,Orihuela
CNT_000022,CLI_000022,2017-09-11,2019-04-09,38.364421,-0.486712,Alicante
CNT_000023,CLI_000023,2020-04-23,2022-02-17,38.329994,-0.464323,Alicante
CNT_000024,CLI_000024,2017-06-14,2017-08-14,38.273489,-0.732291,Elche
CNT_000025,CLI_000025,2018-03-22,2019-01-17,38.272344,-0.706293,Elche
CNT_000026,CLI_000026,2024-08-01,2026-05-25,38.373624,-0.521741,San Vicente del Raspeig
CNT_000027,CLI_000027,2019-11-12,2020-12-13,38.395582,-0.467658,Alicante
CNT_000028,CLI_000028,2021-05-23,2022-10-26,38.293894,-0.665455,Elche
CNT_000029,CLI_000029,2022-09-05,2023-08-16,38.076856,-0.95232,Orihuela
CNT_000030,CLI_000030,2024-04-15,2025-12-25,38.317643,-0.444013,Alicante
CNT_000031,CLI_000031,2018-12-30,2020-09-07,38.091751,-0.95768,Orihuela
CNT_000032,CLI_000032,2019-06-04,2021-01-25,38.347367,-0.447784,Alicante
CNT_000033,CLI_000033,2021-12-18,2023-09-05,38.354092,-0.460563,Alicante
CNT_000034,CLI_000034,2018-03-18,2019-04-19,38.639299,-0.877162,Villena
CNT_000035,CLI_000035,2016-06-25,2016-10-12,38.643075,-0.862516,Villena
CNT_000036,CLI_000036,2016-09-26,2017-04-15,38.413668,-0.525915,San Vicente del Raspeig
CNT_000037,CLI_000037,2024-09-23,2025-07-07,38.359403,-0.46536,Alicante
CNT_000038,CLI_000038,2018-09-11,2019-07-16,38.318959,-0.486582,Alicante
CNT_000039,CLI_000039,2023-03-06,2024-08-20,38.550551,-0.134987,Benidorm
CNT_000040,CLI_000040,2023-06-28,2025-02-04,38.301594,-0.66818,Elche
CNT_000041,CLI_000041,2024-02-13,2025-07-17,38.424001,-0.483468,Alicante
CNT_000042,CLI_000042,2016-11-28,2018-08-04,38.240783,-0.680119,Elche
CNT_000043,CLI_000043,2020-05-06,2021-12-22,38.351272,-0.486634,Alicante
CNT_000044,CLI_000044,2020-10-23,2021-10-24,38.809469,0.1307,Denia
CNT_000045,CLI_000045,2024-12-07,2026-05-25,38.359029,-0.497958,Alicante
CNT_000046,CLI_000046,2019-05-24,2020-05-13,38.527622,-0.13867,Benidorm
CNT_000047,CLI_000047,2016-05-12,2016-11-29,38.307816,-0.664761,Elche
CNT_000048,CLI_000048,2024-07-19,2024-11-09,37.964757,-0.690209,Torrevieja
CNT_000049,CLI_000049,2016-12-22,2018-06-28,37.948295,-0.653381,Torrevieja
CNT_000050,CLI_000050,2019-11-10,2021-04-03,38.333418,-0.458704,Alicante
CNT_000051,CLI_000051,2018-09-25,2020-04-20,38.613294,-0.868056,Villena
CNT_000052,CLI_000052,2015-11-04,2017-01-24,38.707413,-0.49516,Alcoy
CNT_000053,CLI_000053,2022-07-14,2023-07-17,38.463249,-0.770193,Petrer
CNT_000054,CLI_000054,2017-06-02,2018-05-17,38.841127,0.107224,Denia
CNT_000055,CLI_000055,2018-06-18,2019-05-17,38.043244,-0.921156,Orihuela
CNT_000056,CLI_000056,2015-09-10,2016-07-07,38.480697,-0.754116,Petrer
CNT_000057,CLI_000057,2017-07-24,2019-07-13,38.386284,-0.498125,Alicante
CNT_000058,CLI_000058,2018-05-28,2018-10-18,38.354216,-0.46097,Alicante
CNT_000059,CLI_000059,2021-09-10,2022-11-20,38.323613,-0.461865,Alicante
CNT_000060,CLI_000060,2023-04-22,2023-06-16,38.264814,-0.674685,Elche
CNT_000061,CLI_000061,2024-04-30,2025-01-21,38.265896,-0.687329,Elche
CNT_000062,CLI_000062,2019-10-19,2020-09-22,38.357016,-0.529562,Alicante
CNT_000063,CLI_000063,2019-10-04,2021-09-16,38.379898,-0.527165,San Vicente del Raspeig
CNT_000064,CLI_000064,2017-11-18,2018-08-07,38.278536,-0.723726,Elche
CNT_000065,CLI_000065,2016-05-08,2017-12-07,38.27759,-0.486065,Alicante
CNT_000066,CLI_000066,2017-08-16,2018-06-06,37.967362,-0.66456,Torrevieja
CNT_000067,CLI_000067,2020-07-14,2020-08-25,38.332993,-0.473371,Alicante
CNT_000068,CLI_000068,2019-10-14,2021-03-22,38.4039,-0.511523,San Vicente del Raspeig
CNT_000069,CLI_000069,2024-10-13,2025-09-23,38.345766,-0.472456,Alicante
CNT_000070,CLI_000070,2018-03-23,2019-12-30,38.38875,-0.450185,Sant Joan d'Alacant
CNT_000071,CLI_000071,2017-09-18,2019-07-17,38.68658,-0.50365,Alcoy
CNT_000072,CLI_000072,2024-01-16,2025-03-04,38.350167,-0.47728,Alicante
CNT_000073,CLI_000073,2020-11-19,2022-09-21,38.343223,-0.486348,Alicante
CNT_000074,CLI_000074,2022-11-14,2023-10-25,38.389351,-0.537023,San Vicente del Raspeig
CNT_000075,CLI_000075,2021-02-02,2021-11-14,38.52843,-0.151708,Benidorm
CNT_000076,CLI_000076,2023-04-20,2024-08-02,38.706754,-0.482217,Alcoy
CNT_000077,CLI_000077,2017-07-15,2017-12-06,38.692188,-0.475734,Alcoy
CNT_000078,CLI_000078,2021-03-29,2022-02-20,38.342998,-0.464353,Alicante
CNT_000079,CLI_000079,2020-08-21,2021-01-21,38.313239,-0.69415,Elche
CNT_000080,CLI_000080,2018-04-24,2019-02-03,38.309608,-0.440798,Alicante
CNT_000081,CLI_000081,2022-09-09,2024-07-20,38.456478,-0.804227,Elda
CNT_000082,CLI_000082,2017-07-20,2017-10-04,38.100472,-0.926879,Orihuela
CNT_000083,CLI_000083,2021-05-02,2022-09-06,38.25057,-0.697259,Elche
CNT_000084,CLI_000084,2020-04-09,2021-04-23,38.337244,-0.463633,Alicante
CNT_000085,CLI_000085,2018-03-04,2018-08-03,38.248315,-0.707903,Elche
CNT_000086,CLI_000086,2017-01-26,2017-03-27,38.259784,-0.674723,Elche
CNT_000087,CLI_000087,2017-11-20,2018-02-12,38.717582,-0.469857,Alcoy
CNT_000088,CLI_000088,2016-03-31,2016-09-29,38.100843,-0.958089,Orihuela
CNT_000089,CLI_000089,2015-09-16,2017-01-13,38.853633,0.10552,Denia
CNT_000090,CLI_000090,2023-09-11,2024-07-22,38.234343,-0.70357,Elche
CNT_000091,CLI_000091,2016-03-06,2016-05-10,38.316421,-0.468771,Alicante
CNT_000092,CLI_000092,2024-06-15,2025-03-27,38.500131,-0.145457,Benidorm
CNT_000093,CLI_000093,2021-11-21,2022-06-16,38.688687,-0.473752,Alcoy
CNT_000094,CLI_000094,2024-10-24,2026-05-24,37.995921,-0.675084,Torrevieja
CNT_000095,CLI_000095,2020-05-18,2021-02-25,38.704603,-0.473004,Alcoy
CNT_000096,CLI_000096,2020-05-27,2021-11-15,38.260627,-0.668667,Elche
CNT_000097,CLI_000097,2023-12-23,2025-11-25,37.978299,-0.668268,Torrevieja
CNT_000098,CLI_000098,2016-10-08,2016-11-27,38.250345,-0.698465,Elche
CNT_000099,CLI_000099,2016-03-22,2016-07-04,38.350319,-0.475583,Alicante
CNT_000100,CLI_000100,2022-10-01,2024-02-02,38.364347,-0.473608,Alicante
CNT_000101,CLI_000101,2018-01-17,2018-08-12,38.304803,-0.470918,Alicante
CNT_000102,CLI_000102,2015-07-14,2016-08-28,38.090793,-0.981013,Orihuela
CNT_000103,CLI_000103,2018-12-08,2019-02-12,38.286014,-0.704934,Elche
CNT_000104,CLI_000104,2018-02-19,2018-07-18,38.256368,-0.730958,Elche
CNT_000105,CLI_000105,2021-11-14,2023-09-04,38.851211,0.124874,Denia
CNT_000106,CLI_000106,2018-02-13,2018-03-15,38.415566,-0.482521,Alicante
CNT_000107,CLI_000107,2015-07-15,2016-06-19,38.263204,-0.702554,Elche
CNT_000108,CLI_000108,2020-09-14,2021-05-09,38.70312,-0.462638,Alcoy
CNT_000109,CLI_000109,2020-10-15,2021-04-16,38.326749,-0.470442,Alicante
CNT_000110,CLI_000110,2016-10-06,2018-09-18,38.349731,-0.509216,Alicante
CNT_000111,CLI_000111,2024-03-06,2025-02-13,38.356707,-0.482773,Alicante
CNT_000112,CLI_000112,2024-09-20,2025-08-22,38.350071,-0.489379,Alicante
CNT_000113,CLI_000113,2017-10-31,2019-04-17,38.473703,-0.787445,Petrer
CNT_000114,CLI_000114,2019-10-20,2021-07-29,38.398776,-0.533583,San Vicente del Raspeig
CNT_000115,CLI_000115,2015-11-18,2017-10-02,38.114044,-0.948171,Orihuela
CNT_000116,CLI_000116,2019-08-19,2021-02-18,38.484084,-0.793179,Elda
CNT_000117,CLI_000117,2021-04-06,2023-01-01,38.407844,-0.543087,San Vicente del Raspeig
CNT_000118,CLI_000118,2017-10-13,2018-02-16,38.339275,-0.452208,Alicante
CNT_000119,CLI_000119,2023-07-29,2024-12-29,38.851949,0.104168,Denia
CNT_000120,CLI_000120,2016-10-11,2016-11-16,37.983727,-0.681524,Torrevieja
CNT_000121,CLI_000121,2022-02-22,2022-04-04,38.384889,-0.520492,San Vicente del Raspeig
CNT_000122,CLI_000122,2019-08-30,2021-02-23,38.845478,0.093879,Denia
CNT_000123,CLI_000123,2021-01-21,2022-02-03,38.243683,-0.68826,Elche
CNT_000124,CLI_000124,2017-04-10,2017-05-16,38.329378,-0.490177,Alicante
CNT_000125,CLI_000125,2015-07-08,2016-12-18,38.349933,-0.503415,Alicante
CNT_000126,CLI_000126,2019-02-19,2020-07-07,38.272039,-0.685684,Elche
CNT_000127,CLI_000127,2015-04-02,2016-10-06,38.382029,-0.5074,San Vicente del Raspeig
CNT_000128,CLI_000128,2020-03-26,2020-06-20,38.491348,-0.783102,Elda
CNT_000129,CLI_000129,2021-05-25,2023-02-03,38.3595,-0.457926,Alicante
CNT_000130,CLI_000130,2024-10-20,2026-05-25,38.249996,-0.709754,Elche
CNT_000131,CLI_000131,2023-08-13,2024-05-01,38.231673,-0.733448,Elche
CNT_000132,CLI_000132,2019-04-30,2019-06-28,38.341577,-0.443747,Alicante
CNT_000133,CLI_000133,2024-07-31,2025-08-31,38.334051,-0.429637,Alicante
CNT_000134,CLI_000134,2018-11-09,2020-08-06,38.267989,-0.664358,Elche
CNT_000135,CLI_000135,2023-07-22,2023-10-15,38.480269,-0.773358,Petrer
CNT_000136,CLI_000136,2015-06-24,2015-08-02,38.221336,-0.723702,Elche
CNT_000137,CLI_000137,2019-08-24,2020-02-16,37.97171,-0.701382,Torrevieja
CNT_000138,CLI_000138,2024-12-29,2026-01-26,38.530533,-0.151505,Benidorm
CNT_000139,CLI_000139,2016-04-18,2018-01-06,38.279441,-0.700662,Elche
CNT_000140,CLI_000140,2020-04-18,2021-01-25,38.628622,-0.846932,Villena
CNT_000141,CLI_000141,2024-05-25,2025-03-03,38.657144,-0.8679,Villena
CNT_000142,CLI_000142,2015-09-27,2017-01-11,38.297409,-0.473442,Alicante
CNT_000143,CLI_000143,2020-08-06,2021-08-10,38.294346,-0.668037,Elche
CNT_000144,CLI_000144,2021-09-20,2023-03-19,38.339592,-0.491102,Alicante
CNT_000145,CLI_000145,2023-10-01,2024-10-17,38.36669,-0.430112,Alicante
CNT_000146,CLI_000146,2016-11-24,2018-09-08,38.347195,-0.431198,Alicante
CNT_000147,CLI_000147,2016-01-11,2017-11-23,38.107591,-0.947122,Orihuela
CNT_000148,CLI_000148,2018-11-16,2019-11-03,38.256978,-0.711006,Elche
CNT_000149,CLI_000149,2021-02-07,2021-07-26,38.317734,-0.463569,Alicante
CNT_000150,CLI_000150,2020-09-14,2022-01-01,38.380713,-0.489688,Alicante
CNT_000151,CLI_000151,2018-05-20,2018-09-21,38.838998,0.088352,Denia
CNT_000152,CLI_000152,2020-05-25,2021-12-28,38.350739,-0.448969,Alicante
CNT_000153,CLI_000153,2015-05-14,2016-08-05,38.376069,-0.450589,Alicante
CNT_000154,CLI_000154,2022-12-22,2024-06-17,38.242797,-0.694879,Elche
CNT_000155,CLI_000155,2017-07-12,2018-01-07,38.406759,-0.449866,Sant Joan d'Alacant
CNT_000156,CLI_000156,2016-11-20,2018-06-25,38.330453,-0.511738,Alicante
CNT_000157,CLI_000157,2019-08-29,2020-09-12,38.532614,-0.130013,Benidorm
CNT_000158,CLI_000158,2020-07-22,2020-12-14,38.699267,-0.479398,Alcoy
CNT_000159,CLI_000159,2021-12-13,2023-10-05,38.307694,-0.489527,Alicante
CNT_000160,CLI_000160,2020-02-16,2020-11-08,38.689054,-0.461136,Alcoy
CNT_000161,CLI_000161,2017-04-20,2018-02-13,38.295224,-0.68217,Elche
CNT_000162,CLI_000162,2017-09-14,2018-07-31,38.102524,-0.916937,Orihuela
CNT_000163,CLI_000163,2019-01-01,2020-04-08,38.083547,-0.964312,Orihuela
CNT_000164,CLI_000164,2017-04-18,2017-05-26,37.983076,-0.688377,Torrevieja
CNT_000165,CLI_000165,2023-07-15,2025-05-04,38.337844,-0.462025,Alicante
CNT_000166,CLI_000166,2022-06-08,2023-10-25,38.494979,-0.786423,Elda
CNT_000167,CLI_000167,2024-07-04,2026-01-06,38.261092,-0.664588,Elche
CNT_000168,CLI_000168,2024-09-29,2026-04-18,38.350996,-0.470487,Alicante
CNT_000169,CLI_000169,2023-05-26,2025-05-09,38.373851,-0.434797,Alicante
CNT_000170,CLI_000170,2021-10-15,2021-11-24,37.964707,-0.67248,Torrevieja
CNT_000171,CLI_000171,2018-12-22,2020-09-24,38.552905,-0.118554,Benidorm
CNT_000172,CLI_000172,2017-01-17,2018-01-08,38.306938,-0.489088,Alicante
CNT_000173,CLI_000173,2022-11-15,2024-07-31,38.301352,-0.697986,Elche
CNT_000174,CLI_000174,2024-12-22,2025-10-23,38.335883,-0.458226,Alicante
CNT_000175,CLI_000175,2022-01-08,2023-02-11,38.079946,-0.91224,Orihuela
CNT_000176,CLI_000176,2021-11-14,2023-04-17,38.29795,-0.462769,Alicante
CNT_000177,CLI_000177,2017-08-23,2018-09-01,38.528742,-0.132298,Benidorm
CNT_000178,CLI_000178,2020-04-10,2021-05-12,38.242624,-0.667999,Elche
CNT_000179,CLI_000179,2020-07-31,2021-07-06,38.477824,-0.79192,Petrer
CNT_000180,CLI_000180,2021-02-06,2022-10-29,38.341767,-0.516556,Alicante
CNT_000181,CLI_000181,2015-05-25,2016-10-20,38.286571,-0.683304,Elche
CNT_000182,CLI_000182,2020-01-25,2020-03-09,38.35039,-0.480647,Alicante
CNT_000183,CLI_000183,2024-02-19,2026-02-05,38.486977,-0.763945,Petrer
CNT_000184,CLI_000184,2017-01-04,2017-02-06,38.465554,-0.791027,Elda
CNT_000185,CLI_000185,2021-09-19,2022-10-29,38.323181,-0.466726,Alicante
CNT_000186,CLI_000186,2022-10-31,2023-12-03,38.120775,-0.960788,Orihuela
CNT_000187,CLI_000187,2023-04-05,2024-08-11,38.387478,-0.518454,San Vicente del Raspeig
CNT_000188,CLI_000188,2023-03-22,2024-10-04,38.008512,-0.664301,Torrevieja
CNT_000189,CLI_000189,2021-12-06,2022-05-21,37.974325,-0.66023,Torrevieja
CNT_000190,CLI_000190,2021-12-04,2022-12-31,38.345257,-0.430661,Alicante
CNT_000191,CLI_000191,2024-01-22,2024-09-23,38.371959,-0.474898,Alicante
CNT_000192,CLI_000192,2024-11-05,2025-12-07,38.859778,0.109809,Denia
CNT_000193,CLI_000193,2021-07-14,2021-12-07,38.839038,0.082852,Denia
CNT_000194,CLI_000194,2021-05-04,2021-11-28,38.077035,-0.955128,Orihuela
CNT_000195,CLI_000195,2021-05-02,2022-02-01,38.26427,-0.702548,Elche
CNT_000196,CLI_000196,2016-06-11,2016-11-15,38.272935,-0.675193,Elche
CNT_000197,CLI_000197,2023-08-30,2024-09-20,38.709096,-0.480732,Alcoy
CNT_000198,CLI_000198,2024-02-02,2024-05-19,38.840763,0.117645,Denia
CNT_000199,CLI_000199,2023-06-18,2024-05-05,38.849983,0.105676,Denia
CNT_000200,CLI_000200,2022-12-29,2023-04-19,38.41596,-0.527426,San Vicente del Raspeig
CNT_000201,CLI_000201,2024-06-23,2025-06-29,38.092426,-0.939522,Orihuela
CNT_000202,CLI_000202,2018-11-12,2019-11-14,38.352991,-0.490779,Alicante
CNT_000203,CLI_000203,2023-02-21,2024-10-20,38.307227,-0.491726,Alicante
CNT_000204,CLI_000204,2018-01-23,2018-05-28,38.801239,0.080128,Denia
CNT_000205,CLI_000205,2016-03-05,2016-08-26,38.092568,-0.949459,Orihuela
CNT_000206,CLI_000206,2022-10-13,2024-06-10,38.342829,-0.492999,Alicante
CNT_000207,CLI_000207,2023-03-08,2024-09-08,38.33233,-0.4939,Alicante
CNT_000208,CLI_000208,2017-11-26,2019-01-26,38.537122,-0.126298,Benidorm
CNT_000209,CLI_000209,2018-11-17,2019-12-08,38.34369,-0.464534,Alicante
CNT_000210,CLI_000210,2019-05-16,2019-12-17,38.373395,-0.475195,Alicante
CNT_000211,CLI_000211,2024-03-16,2026-02-13,37.98025,-0.664283,Torrevieja
CNT_000212,CLI_000212,2020-03-12,2021-10-05,38.525237,-0.124393,Benidorm
CNT_000213,CLI_000213,2021-06-08,2021-12-05,38.104603,-0.950401,Orihuela
CNT_000214,CLI_000214,2019-11-15,2020-10-28,38.339772,-0.492571,Alicante
CNT_000215,CLI_000215,2021-09-14,2023-08-12,38.540518,-0.127546,Benidorm
CNT_000216,CLI_000216,2022-11-10,2023-02-06,38.333265,-0.466656,Alicante
CNT_000217,CLI_000217,2021-07-19,2021-08-27,38.251204,-0.667547,Elche
CNT_000218,CLI_000218,2022-12-20,2023-05-22,38.69941,-0.459106,Alcoy
CNT_000219,CLI_000219,2016-06-01,2017-06-21,38.085057,-0.955329,Orihuela
CNT_000220,CLI_000220,2018-11-01,2019-11-11,38.484458,-0.793024,Elda
CNT_000221,CLI_000221,2015-06-14,2016-03-06,38.079427,-0.93108,Orihuela
CNT_000222,CLI_000222,2023-06-12,2024-06-08,37.945646,-0.662976,Torrevieja
CNT_000223,CLI_000223,2020-09-03,2020-10-19,38.334381,-0.457526,Alicante
CNT_000224,CLI_000224,2018-02-20,2019-05-19,38.282964,-0.699705,Elche
CNT_000225,CLI_000225,2015-05-09,2016-04-26,38.337766,-0.512351,Alicante
CNT_000226,CLI_000226,2022-11-04,2022-12-26,38.33904,-0.505973,Alicante
CNT_000227,CLI_000227,2019-07-16,2020-11-15,38.648837,-0.862928,Villena
CNT_000228,CLI_000228,2024-11-27,2026-03-31,38.249837,-0.690771,Elche
CNT_000229,CLI_000229,2017-10-14,2019-04-17,38.817558,0.08922,Denia
CNT_000230,CLI_000230,2016-08-17,2018-03-26,38.081587,-0.943609,Orihuela
CNT_000231,CLI_000231,2018-08-25,2019-11-18,38.39049,-0.517725,San Vicente del Raspeig
CNT_000232,CLI_000232,2021-10-19,2022-12-25,38.244243,-0.723627,Elche
CNT_000233,CLI_000233,2015-07-01,2016-06-25,37.975543,-0.66231,Torrevieja
CNT_000234,CLI_000234,2019-05-31,2020-09-28,38.276313,-0.706606,Elche
CNT_000235,CLI_000235,2022-04-17,2023-09-11,38.344968,-0.44956,Alicante
CNT_000236,CLI_000236,2017-01-13,2018-06-24,38.537884,-0.137701,Benidorm
CNT_000237,CLI_000237,2020-01-13,2020-03-09,38.390535,-0.506666,Alicante
CNT_000238,CLI_000238,2020-09-21,2021-11-21,38.336628,-0.492453,Alicante
CNT_000239,CLI_000239,2021-09-17,2022-04-22,38.090367,-0.946403,Orihuela
CNT_000240,CLI_000240,2020-05-06,2020-10-22,38.33247,-0.490712,Alicante
CNT_000241,CLI_000241,2016-08-27,2018-02-28,38.475436,-0.77216,Petrer
CNT_000242,CLI_000242,2022-05-27,2022-09-25,38.629981,-0.862192,Villena
CNT_000243,CLI_000243,2019-11-25,2020-03-10,38.833519,0.103132,Denia
CNT_000244,CLI_000244,2019-06-02,2020-03-01,38.273408,-0.699754,Elche
CNT_000245,CLI_000245,2015-09-20,2017-08-16,38.403927,-0.523731,Alicante
CNT_000246,CLI_000246,2020-10-18,2022-09-09,38.47674,-0.766083,Petrer
CNT_000247,CLI_000247,2016-10-22,2017-02-16,38.256334,-0.700262,Elche
CNT_000248,CLI_000248,2018-08-08,2020-05-16,38.636243,-0.846876,Villena
CNT_000249,CLI_000249,2023-12-30,2024-11-17,38.64175,-0.877475,Villena
CNT_000250,CLI_000250,2022-12-29,2023-05-02,38.481863,-0.8135,Elda
CNT_000251,CLI_000251,2017-04-01,2018-01-08,38.377302,-0.465548,Alicante
CNT_000252,CLI_000252,2021-01-03,2022-08-06,38.212119,-0.690676,Elche
CNT_000253,CLI_000253,2020-09-03,2021-11-05,38.450057,-0.803901,Elda
CNT_000254,CLI_000254,2018-09-08,2018-11-30,38.254591,-0.731954,Elche
CNT_000255,CLI_000255,2020-07-12,2021-04-10,38.372633,-0.442565,Alicante
CNT_000256,CLI_000256,2023-09-16,2024-02-02,37.950518,-0.656746,Torrevieja
CNT_000257,CLI_000257,2022-07-03,2024-04-16,38.453824,-0.794875,Petrer
CNT_000258,CLI_000258,2021-04-17,2023-04-02,38.541054,-0.136799,Benidorm
CNT_000259,CLI_000259,2021-12-04,2022-08-11,37.983086,-0.652245,Torrevieja
CNT_000260,CLI_000260,2022-07-25,2024-03-09,38.317945,-0.492902,Alicante
CNT_000261,CLI_000261,2017-03-26,2017-10-03,38.065089,-0.954312,Orihuela
CNT_000262,CLI_000262,2016-11-12,2017-01-15,38.392672,-0.441045,Sant Joan d'Alacant
CNT_000263,CLI_000263,2021-01-31,2021-04-07,38.347963,-0.509022,Alicante
CNT_000264,CLI_000264,2024-05-11,2026-02-22,37.967426,-0.712886,Torrevieja
CNT_000265,CLI_000265,2018-04-08,2019-05-12,38.484629,-0.779169,Elda
CNT_000266,CLI_000266,2015-01-02,2015-07-27,38.664144,-0.495515,Alcoy
CNT_000267,CLI_000267,2016-09-30,2018-04-03,38.523918,-0.128333,Benidorm
CNT_000268,CLI_000268,2024-12-08,2025-10-08,38.520687,-0.120661,Benidorm
CNT_000269,CLI_000269,2022-07-16,2024-05-08,38.259861,-0.730227,Elche
CNT_000270,CLI_000270,2021-08-06,2021-12-18,38.331749,-0.504107,Alicante
CNT_000271,CLI_000271,2024-03-21,2024-09-22,38.405874,-0.510742,San Vicente del Raspeig
CNT_000272,CLI_000272,2022-03-02,2023-03-02,38.373988,-0.518905,San Vicente del Raspeig
CNT_000273,CLI_000273,2016-08-12,2016-10-06,38.479246,-0.799207,Elda
CNT_000274,CLI_000274,2015-07-21,2016-06-10,38.849075,0.123734,Denia
CNT_000275,CLI_000275,2017-10-01,2019-04-20,38.306346,-0.671756,Elche
CNT_000276,CLI_000276,2018-08-05,2019-08-24,38.254901,-0.692381,Elche
CNT_000277,CLI_000277,2020-07-18,2020-10-24,38.400194,-0.536102,San Vicente del Raspeig
CNT_000278,CLI_000278,2023-07-31,2024-07-21,38.048723,-0.952769,Orihuela
CNT_000279,CLI_000279,2024-10-13,2025-04-11,38.505497,-0.127863,Benidorm
CNT_000280,CLI_000280,2019-12-09,2021-08-06,38.406437,-0.527563,San Vicente del Raspeig
CNT_000281,CLI_000281,2015-05-06,2017-03-27,38.840617,0.119784,Denia
CNT_000282,CLI_000282,2023-04-28,2024-04-11,38.291427,-0.731955,Elche
CNT_000283,CLI_000283,2020-09-27,2022-01-21,38.235285,-0.731174,Elche
CNT_000284,CLI_000284,2017-04-25,2018-12-15,38.358198,-0.476478,Alicante
CNT_000285,CLI_000285,2019-12-02,2021-10-29,38.012339,-0.691048,Torrevieja
CNT_000286,CLI_000286,2015-06-28,2015-11-16,38.355693,-0.496676,Alicante
CNT_000287,CLI_000287,2019-05-24,2021-03-18,38.271585,-0.737197,Elche
CNT_000288,CLI_000288,2020-03-17,2021-07-21,37.978854,-0.681848,Torrevieja
CNT_000289,CLI_000289,2016-05-07,2017-06-02,38.305928,-0.482319,Alicante
CNT_000290,CLI_000290,2024-08-05,2025-03-25,38.0031,-0.670437,Torrevieja
CNT_000291,CLI_000291,2022-03-04,2023-08-02,38.329929,-0.479277,Alicante
CNT_000292,CLI_000292,2021-06-07,2022-10-29,38.357812,-0.484315,Alicante
CNT_000293,CLI_000293,2017-08-21,2017-09-23,38.377544,-0.511176,San Vicente del Raspeig
CNT_000294,CLI_000294,2023-04-26,2023-10-01,38.239552,-0.727174,Elche
CNT_000295,CLI_000295,2018-04-07,2018-06-01,38.381077,-0.46759,Alicante
CNT_000296,CLI_000296,2023-04-13,2023-06-08,37.972449,-0.712281,Torrevieja
CNT_000297,CLI_000297,2020-06-09,2020-08-19,38.715839,-0.48346,Alcoy
CNT_000298,CLI_000298,2015-09-26,2017-05-30,38.343244,-0.511316,Alicante
CNT_000299,CLI_000299,2018-10-19,2019-01-20,38.047962,-0.928861,Orihuela
CNT_000300,CLI_000300,2016-09-15,2016-11-08,38.367502,-0.482635,Alicante
CNT_000301,CLI_000301,2020-11-17,2021-02-26,38.330453,-0.481338,Alicante
CNT_000302,CLI_000302,2021-03-12,2022-08-05,37.991276,-0.702121,Torrevieja
CNT_000303,CLI_000303,2022-04-26,2023-02-17,37.979154,-0.687594,Torrevieja
CNT_000304,CLI_000304,2020-11-14,2021-03-18,38.053938,-0.959769,Orihuela
CNT_000305,CLI_000305,2017-03-29,2018-05-27,38.700372,-0.468799,Alcoy
CNT_000306,CLI_000306,2022-05-01,2023-05-29,38.663355,-0.878093,Villena
CNT_000307,CLI_000307,2016-07-01,2017-06-10,38.276346,-0.669045,Elche
CNT_000308,CLI_000308,2015-12-03,2016-04-27,38.264235,-0.735163,Elche
CNT_000309,CLI_000309,2015-12-25,2016-07-05,38.409204,-0.534978,San Vicente del Raspeig
CNT_000310,CLI_000310,2024-03-15,2025-11-11,38.350467,-0.43907,Alicante
CNT_000311,CLI_000311,2018-11-20,2019-10-21,38.27011,-0.707873,Elche
CNT_000312,CLI_000312,2020-04-08,2020-11-23,38.317909,-0.513872,Alicante
CNT_000313,CLI_000313,2017-03-26,2017-10-21,38.351046,-0.475523,Alicante
CNT_000314,CLI_000314,2015-12-26,2017-01-16,38.649425,-0.871905,Villena
CNT_000315,CLI_000315,2023-05-21,2024-02-26,38.468667,-0.80183,Elda
CNT_000316,CLI_000316,2015-12-13,2016-11-05,38.551294,-0.14445,Benidorm
CNT_000317,CLI_000317,2018-02-21,2019-05-26,38.263482,-0.637396,Elche
CNT_000318,CLI_000318,2016-07-05,2016-08-07,38.323006,-0.487289,Alicante
CNT_000319,CLI_000319,2022-01-29,2023-12-12,38.370141,-0.529139,Alicante
CNT_000320,CLI_000320,2022-05-25,2024-05-01,38.33803,-0.443657,Alicante
CNT_000321,CLI_000321,2020-03-02,2020-12-10,37.992371,-0.671201,Torrevieja
CNT_000322,CLI_000322,2020-04-14,2022-03-09,38.530699,-0.140498,Benidorm
CNT_000323,CLI_000323,2016-02-26,2017-10-26,38.083603,-0.963162,Orihuela
CNT_000324,CLI_000324,2015-12-02,2017-07-20,38.357539,-0.464163,Alicante
CNT_000325,CLI_000325,2019-03-07,2019-07-10,38.640491,-0.869163,Villena
CNT_000326,CLI_000326,2015-02-26,2015-09-10,38.674454,-0.496512,Alcoy
CNT_000327,CLI_000327,2019-08-13,2020-08-07,37.958518,-0.65003,Torrevieja
CNT_000328,CLI_000328,2023-05-23,2023-08-22,38.103388,-0.95318,Orihuela
CNT_000329,CLI_000329,2023-02-07,2023-08-29,38.262593,-0.665397,Elche
CNT_000330,CLI_000330,2022-07-27,2023-05-05,38.332107,-0.449039,Alicante
CNT_000331,CLI_000331,2023-08-14,2024-12-16,38.235611,-0.720322,Elche
CNT_000332,CLI_000332,2024-09-07,2026-05-25,38.685443,-0.461002,Alcoy
CNT_000333,CLI_000333,2021-05-21,2022-01-20,38.294655,-0.497286,Alicante
CNT_000334,CLI_000334,2016-12-22,2017-09-16,38.342668,-0.527668,Alicante
CNT_000335,CLI_000335,2016-01-21,2017-04-09,38.330239,-0.491615,Alicante
CNT_000336,CLI_000336,2017-08-07,2019-07-12,38.321035,-0.471059,Alicante
CNT_000337,CLI_000337,2022-09-18,2023-02-20,38.477883,-0.797353,Elda
CNT_000338,CLI_000338,2024-02-13,2024-11-21,38.538568,-0.134985,Benidorm
CNT_000339,CLI_000339,2019-02-09,2019-09-23,38.31155,-0.673142,Elche
CNT_000340,CLI_000340,2019-09-16,2021-07-10,38.307403,-0.478338,Alicante
CNT_000341,CLI_000341,2022-11-27,2024-02-12,38.291006,-0.716853,Elche
CNT_000342,CLI_000342,2020-08-20,2021-12-18,38.286908,-0.682855,Elche
CNT_000343,CLI_000343,2023-04-08,2023-06-30,38.325723,-0.476058,Alicante
CNT_000344,CLI_000344,2022-06-12,2024-04-18,38.269971,-0.753775,Elche
CNT_000345,CLI_000345,2015-09-17,2016-09-19,38.255432,-0.688876,Elche
CNT_000346,CLI_000346,2016-01-28,2017-02-19,38.088514,-0.936663,Orihuela
CNT_000347,CLI_000347,2016-08-22,2017-02-18,38.114983,-0.944098,Orihuela
CNT_000348,CLI_000348,2024-06-02,2024-10-09,38.36034,-0.458707,Alicante
CNT_000349,CLI_000349,2023-11-30,2024-08-19,38.276689,-0.713093,Elche
CNT_000350,CLI_000350,2017-11-05,2019-06-01,38.076194,-0.93777,Orihuela
CNT_000351,CLI_000351,2017-01-25,2017-04-26,38.232851,-0.732773,Elche
CNT_000352,CLI_000352,2024-10-17,2025-05-30,38.476198,-0.786915,Elda
CNT_000353,CLI_000353,2023-08-24,2025-03-17,38.108932,-0.905439,Orihuela
CNT_000354,CLI_000354,2022-07-21,2022-12-03,38.307021,-0.505871,Alicante
CNT_000355,CLI_000355,2023-06-09,2024-04-28,38.318823,-0.499995,Alicante
CNT_000356,CLI_000356,2016-04-21,2018-02-24,38.087325,-0.9587,Orihuela
CNT_000357,CLI_000357,2018-04-02,2019-07-26,38.320584,-0.47775,Alicante
CNT_000358,CLI_000358,2020-09-02,2022-03-19,37.964435,-0.701335,Torrevieja
CNT_000359,CLI_000359,2019-05-19,2019-11-20,38.479664,-0.765788,Petrer
CNT_000360,CLI_000360,2021-06-17,2022-08-26,37.954119,-0.666957,Torrevieja
CNT_000361,CLI_000361,2024-01-23,2026-01-04,38.244069,-0.686544,Elche
CNT_000362,CLI_000362,2021-11-14,2023-06-20,38.098869,-0.979868,Orihuela
CNT_000363,CLI_000363,2024-09-03,2026-04-27,38.236738,-0.676406,Elche
CNT_000364,CLI_000364,2018-06-15,2019-07-24,37.949938,-0.665327,Torrevieja
CNT_000365,CLI_000365,2020-08-31,2022-05-11,38.4776,-0.761698,Petrer
CNT_000366,CLI_000366,2021-02-05,2022-06-04,38.281603,-0.690097,Elche
CNT_000367,CLI_000367,2020-01-16,2020-09-03,38.634637,-0.863558,Villena
CNT_000368,CLI_000368,2019-05-02,2020-08-25,38.833731,0.121186,Denia
CNT_000369,CLI_000369,2022-10-09,2023-05-13,38.346309,-0.432912,Alicante
CNT_000370,CLI_000370,2019-10-26,2021-07-24,38.301557,-0.504826,Alicante
CNT_000371,CLI_000371,2016-12-30,2018-01-31,38.357568,-0.454047,Alicante
CNT_000372,CLI_000372,2024-10-10,2025-10-14,38.354786,-0.483155,Alicante
CNT_000373,CLI_000373,2019-02-07,2019-11-25,38.334967,-0.484242,Alicante
CNT_000374,CLI_000374,2017-01-18,2018-09-28,38.546271,-0.149738,Benidorm
CNT_000375,CLI_000375,2016-12-16,2018-07-11,38.317013,-0.48812,Alicante
CNT_000376,CLI_000376,2021-07-14,2023-02-14,38.290314,-0.72024,Elche
CNT_000377,CLI_000377,2016-06-14,2017-05-15,38.480554,-0.797366,Elda
CNT_000378,CLI_000378,2016-11-22,2018-09-20,38.336786,-0.508455,Alicante
CNT_000379,CLI_000379,2021-01-18,2021-07-31,38.396062,-0.530687,San Vicente del Raspeig
CNT_000380,CLI_000380,2023-07-30,2025-05-10,38.342518,-0.491153,Alicante
CNT_000381,CLI_000381,2018-01-13,2018-05-10,38.375707,-0.478581,Alicante
CNT_000382,CLI_000382,2019-04-20,2019-12-05,38.52128,-0.150677,Benidorm
CNT_000383,CLI_000383,2016-05-04,2017-02-28,38.06955,-0.97341,Orihuela
CNT_000384,CLI_000384,2015-01-05,2015-03-26,38.491136,-0.787457,Elda
CNT_000385,CLI_000385,2015-03-17,2016-08-16,38.691254,-0.482969,Alcoy
CNT_000386,CLI_000386,2018-06-30,2019-02-12,38.407106,-0.512406,San Vicente del Raspeig
CNT_000387,CLI_000387,2020-08-16,2020-10-07,38.387686,-0.475368,Alicante
CNT_000388,CLI_000388,2022-06-21,2024-05-15,38.335155,-0.465831,Alicante
CNT_000389,CLI_000389,2016-04-17,2016-12-25,38.706576,-0.456472,Alcoy
CNT_000390,CLI_000390,2023-10-15,2024-06-21,38.382456,-0.529017,San Vicente del Raspeig
CNT_000391,CLI_000391,2018-10-13,2020-09-04,38.408193,-0.44367,Sant Joan d'Alacant
CNT_000392,CLI_000392,2022-10-30,2023-08-21,38.269887,-0.679123,Elche
CNT_000393,CLI_000393,2017-04-17,2017-07-28,38.275907,-0.687091,Elche
CNT_000394,CLI_000394,2016-08-25,2016-12-09,38.690653,-0.475648,Alcoy
CNT_000395,CLI_000395,2018-04-01,2019-10-26,38.228956,-0.667688,Elche
CNT_000396,CLI_000396,2021-06-23,2022-09-30,38.488933,-0.772122,Petrer
CNT_000397,CLI_000397,2019-01-21,2019-04-25,38.453939,-0.791407,Elda
CNT_000398,CLI_000398,2024-02-07,2025-02-27,38.258518,-0.697833,Elche
CNT_000399,CLI_000399,2023-12-17,2024-02-02,38.709694,-0.484615,Alcoy
CNT_000400,CLI_000400,2024-11-12,2026-05-25,38.700703,-0.472469,Alcoy
CNT_000401,CLI_000401,2019-10-31,2021-06-17,38.393909,-0.446081,Alicante
CNT_000402,CLI_000402,2019-08-26,2021-04-21,38.856077,0.112375,Denia
CNT_000403,CLI_000403,2023-11-11,2025-02-18,38.251114,-0.697617,Elche
CNT_000404,CLI_000404,2015-08-20,2016-12-02,38.396628,-0.527241,San Vicente del Raspeig
CNT_000405,CLI_000405,2015-11-24,2016-01-01,38.264458,-0.691021,Elche
CNT_000406,CLI_000406,2021-04-04,2022-08-16,38.816967,0.116946,Denia
CNT_000407,CLI_000407,2018-02-17,2019-12-10,38.244811,-0.684897,Elche
CNT_000408,CLI_000408,2017-08-07,2018-08-19,38.331181,-0.489297,Alicante
CNT_000409,CLI_000409,2020-03-01,2021-11-22,38.810157,0.110572,Denia
CNT_000410,CLI_000410,2023-01-21,2024-02-26,38.346387,-0.469002,Alicante
CNT_000411,CLI_000411,2022-04-20,2022-11-10,38.26002,-0.720458,Elche
CNT_000412,CLI_000412,2021-04-16,2022-10-12,38.616925,-0.864181,Villena
CNT_000413,CLI_000413,2018-09-21,2019-02-27,38.641851,-0.892136,Villena
CNT_000414,CLI_000414,2018-07-31,2020-03-17,37.991586,-0.673514,Torrevieja
CNT_000415,CLI_000415,2015-07-17,2016-06-03,38.089341,-0.931293,Orihuela
CNT_000416,CLI_000416,2016-02-20,2017-03-08,38.258371,-0.681854,Elche
CNT_000417,CLI_000417,2022-08-11,2023-04-21,38.359986,-0.490876,Alicante
CNT_000418,CLI_000418,2018-11-19,2020-05-25,38.280465,-0.691501,Elche
CNT_000419,CLI_000419,2017-07-26,2019-01-15,38.537889,-0.114213,Benidorm
CNT_000420,CLI_000420,2023-10-28,2024-11-28,38.688505,-0.456435,Alcoy
CNT_000421,CLI_000421,2024-02-19,2026-01-14,38.399619,-0.52565,San Vicente del Raspeig
CNT_000422,CLI_000422,2018-05-28,2020-02-06,38.410646,-0.523628,San Vicente del Raspeig
CNT_000423,CLI_000423,2018-05-24,2020-04-04,38.330284,-0.453227,Alicante
CNT_000424,CLI_000424,2018-08-31,2020-02-11,38.311655,-0.731318,Elche
CNT_000425,CLI_000425,2019-08-19,2019-12-16,38.332059,-0.489077,Alicante
CNT_000426,CLI_000426,2015-08-04,2017-06-19,37.979283,-0.65816,Torrevieja
CNT_000427,CLI_000427,2024-04-29,2024-08-08,38.250705,-0.676846,Elche
CNT_000428,CLI_000428,2024-05-23,2025-08-28,38.844049,0.111239,Denia
CNT_000429,CLI_000429,2019-07-08,2021-06-25,38.227171,-0.731428,Elche
CNT_000430,CLI_000430,2018-03-30,2019-04-11,38.331549,-0.482248,Alicante
CNT_000431,CLI_000431,2022-11-02,2023-08-21,38.317897,-0.495748,Alicante
CNT_000432,CLI_000432,2016-09-01,2017-06-28,38.700024,-0.469428,Alcoy
CNT_000433,CLI_000433,2022-01-02,2023-06-24,38.104689,-0.960687,Orihuela
CNT_000434,CLI_000434,2017-07-06,2018-12-25,38.36135,-0.506643,Alicante
CNT_000435,CLI_000435,2015-06-06,2017-03-13,38.285909,-0.532622,Alicante
CNT_000436,CLI_000436,2015-06-11,2016-09-02,38.558705,-0.116638,Benidorm
CNT_000437,CLI_000437,2015-02-11,2015-05-23,38.352582,-0.490994,Alicante
CNT_000438,CLI_000438,2023-11-26,2024-03-08,38.386982,-0.523414,San Vicente del Raspeig
CNT_000439,CLI_000439,2021-06-08,2023-04-23,38.536086,-0.131327,Benidorm
CNT_000440,CLI_000440,2018-09-15,2020-02-29,38.349605,-0.507686,Alicante
CNT_000441,CLI_000441,2019-05-06,2020-12-29,38.328529,-0.512477,Alicante
CNT_000442,CLI_000442,2023-05-20,2023-11-11,38.403181,-0.447548,Sant Joan d'Alacant
CNT_000443,CLI_000443,2022-09-12,2022-11-26,38.252136,-0.71421,Elche
CNT_000444,CLI_000444,2018-12-23,2019-05-06,38.256604,-0.690235,Elche
CNT_000445,CLI_000445,2024-05-14,2024-09-29,38.388065,-0.534849,San Vicente del Raspeig
CNT_000446,CLI_000446,2015-04-30,2016-04-10,38.469573,-0.752535,Petrer
CNT_000447,CLI_000447,2018-01-03,2018-06-02,38.402713,-0.429256,Sant Joan d'Alacant
CNT_000448,CLI_000448,2020-07-30,2022-01-09,38.705424,-0.4637,Alcoy
CNT_000449,CLI_000449,2022-06-14,2022-08-25,38.276827,-0.700932,Elche
CNT_000450,CLI_000450,2022-06-01,2022-10-07,38.365698,-0.443143,Alicante
CNT_000451,CLI_000451,2015-05-03,2016-04-07,38.702292,-0.476016,Alcoy
CNT_000452,CLI_000452,2022-05-24,2023-01-22,37.969111,-0.682763,Torrevieja
CNT_000453,CLI_000453,2023-11-28,2025-04-03,38.283973,-0.694561,Elche
CNT_000454,CLI_000454,2023-02-16,2024-05-13,38.820337,0.116227,Denia
CNT_000455,CLI_000455,2023-05-20,2024-07-11,38.322683,-0.465077,Alicante
CNT_000456,CLI_000456,2017-02-27,2017-07-18,38.244288,-0.708753,Elche
CNT_000457,CLI_000457,2015-09-14,2016-07-11,38.372201,-0.494325,Alicante
CNT_000458,CLI_000458,2020-02-04,2020-06-14,38.286241,-0.684222,Elche
CNT_000459,CLI_000459,2022-09-05,2023-05-02,38.357383,-0.463119,Alicante
CNT_000460,CLI_000460,2022-03-30,2022-05-20,38.371998,-0.490834,Alicante
CNT_000461,CLI_000461,2018-07-16,2019-01-20,38.323218,-0.52068,Alicante
CNT_000462,CLI_000462,2024-10-04,2025-10-11,38.091772,-0.948646,Orihuela
CNT_000463,CLI_000463,2023-11-26,2025-01-28,38.696898,-0.465918,Alcoy
CNT_000464,CLI_000464,2022-10-09,2024-02-04,37.993944,-0.649702,Torrevieja
CNT_000465,CLI_000465,2018-03-18,2018-09-06,38.635617,-0.880575,Villena
CNT_000466,CLI_000466,2024-10-29,2025-12-29,38.257031,-0.707685,Elche
CNT_000467,CLI_000467,2018-03-17,2019-10-03,38.358723,-0.490735,Alicante
CNT_000468,CLI_000468,2016-11-10,2017-04-29,38.489214,-0.77553,Elda
CNT_000469,CLI_000469,2023-06-08,2024-03-03,38.328491,-0.481874,Alicante
CNT_000470,CLI_000470,2018-04-16,2019-03-03,38.636267,-0.877088,Villena
CNT_000471,CLI_000471,2022-10-14,2023-02-02,38.318739,-0.467033,Alicante
CNT_000472,CLI_000472,2024-06-28,2026-02-07,38.607023,-0.871056,Villena
CNT_000473,CLI_000473,2016-08-30,2017-03-18,38.350211,-0.51161,Alicante
CNT_000474,CLI_000474,2015-11-27,2017-07-28,38.849834,0.092308,Denia
CNT_000475,CLI_000475,2020-10-04,2022-04-12,37.983417,-0.650987,Torrevieja
CNT_000476,CLI_000476,2018-05-15,2019-12-07,38.383854,-0.435042,Sant Joan d'Alacant
CNT_000477,CLI_000477,2020-11-22,2021-04-10,38.336429,-0.478306,Alicante
CNT_000478,CLI_000478,2016-06-30,2017-02-26,37.93877,-0.686698,Torrevieja
CNT_000479,CLI_000479,2017-03-03,2018-06-13,38.653436,-0.862694,Villena
CNT_000480,CLI_000480,2020-03-19,2021-03-05,37.959151,-0.677156,Torrevieja
CNT_000481,CLI_000481,2018-10-10,2019-01-31,38.109908,-0.938657,Orihuela
CNT_000482,CLI_000482,2019-08-10,2020-09-18,38.54555,-0.129922,Benidorm
CNT_000483,CLI_000483,2016-05-03,2016-07-24,38.245687,-0.679186,Elche
CNT_000484,CLI_000484,2019-12-28,2021-06-05,38.062144,-0.944038,Orihuela
CNT_000485,CLI_000485,2019-03-07,2019-12-17,37.985007,-0.699803,Torrevieja
CNT_000486,CLI_000486,2023-07-19,2025-03-25,38.828035,0.096514,Denia
CNT_000487,CLI_000487,2023-08-25,2024-04-30,38.347762,-0.530475,Alicante
CNT_000488,CLI_000488,2021-06-08,2023-04-23,38.333129,-0.43033,Alicante
CNT_000489,CLI_000489,2023-05-31,2023-10-07,38.615626,-0.855847,Villena
CNT_000490,CLI_000490,2024-06-14,2024-11-19,38.807243,0.093249,Denia
CNT_000491,CLI_000491,2016-10-11,2017-06-16,38.270487,-0.704501,Elche
CNT_000492,CLI_000492,2016-10-09,2018-02-27,38.073569,-0.957238,Orihuela
CNT_000493,CLI_000493,2018-10-17,2020-02-16,38.331373,-0.442436,Alicante
CNT_000494,CLI_000494,2016-01-16,2016-03-07,38.362597,-0.516497,Alicante
CNT_000495,CLI_000495,2021-01-18,2023-01-07,38.291316,-0.695782,Elche
CNT_000496,CLI_000496,2020-08-28,2022-04-09,38.259504,-0.700688,Elche
CNT_000497,CLI_000497,2023-04-10,2025-01-27,37.972569,-0.667317,Torrevieja
CNT_000498,CLI_000498,2020-02-07,2021-01-30,38.357704,-0.4836,Alicante
CNT_000499,CLI_000499,2021-04-09,2023-03-30,38.620717,-0.887299,Villena
CNT_000500,CLI_000500,2015-05-09,2016-09-29,38.403408,-0.44076,Sant Joan d'Alacant
CNT_000501,CLI_000501,2018-04-14,2019-04-17,38.540823,-0.142966,Benidorm
CNT_000502,CLI_000502,2016-02-13,2016-09-08,37.990944,-0.680768,Torrevieja
CNT_000503,CLI_000503,2017-03-02,2018-05-26,38.222891,-0.666748,Elche
CNT_000504,CLI_000504,2023-03-10,2024-08-02,38.387164,-0.546173,San Vicente del Raspeig
CNT_000505,CLI_000505,2018-01-12,2018-03-31,38.523661,-0.140903,Benidorm
CNT_000506,CLI_000506,2024-06-09,2024-08-07,38.347697,-0.494817,Alicante
CNT_000507,CLI_000507,2015-08-10,2015-12-02,38.847911,0.099976,Denia
CNT_000508,CLI_000508,2024-04-19,2025-10-02,38.414261,-0.516418,San Vicente del Raspeig
CNT_000509,CLI_000509,2024-08-23,2026-03-21,38.63106,-0.868283,Villena
CNT_000510,CLI_000510,2018-12-10,2019-12-03,38.692429,-0.46841,Alcoy
CNT_000511,CLI_000511,2021-10-28,2023-07-29,38.107793,-0.957015,Orihuela
CNT_000512,CLI_000512,2016-09-09,2017-12-16,38.272025,-0.693242,Elche
CNT_000513,CLI_000513,2018-09-10,2020-05-19,38.496577,-0.762222,Petrer
CNT_000514,CLI_000514,2022-01-14,2023-12-31,38.482165,-0.800588,Elda
CNT_000515,CLI_000515,2021-01-22,2021-10-27,38.316272,-0.461466,Alicante
CNT_000516,CLI_000516,2022-07-18,2022-12-28,38.311872,-0.479691,Alicante
CNT_000517,CLI_000517,2022-08-22,2024-08-10,38.231367,-0.6753,Elche
CNT_000518,CLI_000518,2024-01-23,2025-02-20,38.404245,-0.527717,San Vicente del Raspeig
CNT_000519,CLI_000519,2023-05-15,2025-01-08,38.412097,-0.435069,Sant Joan d'Alacant
CNT_000520,CLI_000520,2023-02-08,2024-05-07,38.391434,-0.482015,Alicante
CNT_000521,CLI_000521,2017-11-02,2019-01-20,38.101662,-0.946424,Orihuela
CNT_000522,CLI_000522,2024-02-11,2025-12-27,38.291082,-0.692604,Elche
CNT_000523,CLI_000523,2024-10-25,2026-04-19,38.63004,-0.859758,Villena
CNT_000524,CLI_000524,2023-12-26,2025-02-12,38.464823,-0.806795,Elda
CNT_000525,CLI_000525,2024-09-25,2025-11-16,38.488901,-0.774596,Elda
CNT_000526,CLI_000526,2021-08-09,2022-11-30,38.274689,-0.739213,Elche
CNT_000527,CLI_000527,2015-08-13,2017-03-28,38.267864,-0.713366,Elche
CNT_000528,CLI_000528,2023-05-02,2024-03-29,38.354884,-0.483357,Alicante
CNT_000529,CLI_000529,2021-02-19,2021-06-27,38.35328,-0.470691,Alicante
CNT_000530,CLI_000530,2023-12-12,2024-11-11,38.494106,-0.772886,Elda
CNT_000531,CLI_000531,2024-07-03,2026-02-09,38.41184,-0.547599,San Vicente del Raspeig
CNT_000532,CLI_000532,2015-02-26,2015-05-08,38.406298,-0.443069,Sant Joan d'Alacant
CNT_000533,CLI_000533,2021-03-10,2022-07-20,38.409012,-0.457642,Sant Joan d'Alacant
CNT_000534,CLI_000534,2024-03-04,2025-06-16,37.987953,-0.681631,Torrevieja
CNT_000535,CLI_000535,2018-11-04,2019-10-26,38.692866,-0.47014,Alcoy
CNT_000536,CLI_000536,2015-04-27,2016-12-15,38.491466,-0.754092,Petrer
CNT_000537,CLI_000537,2024-08-23,2024-10-24,38.461966,-0.790352,Elda
CNT_000538,CLI_000538,2022-03-31,2023-06-15,38.371547,-0.454899,Alicante
CNT_000539,CLI_000539,2016-02-14,2017-11-30,38.23922,-0.685456,Elche
CNT_000540,CLI_000540,2020-03-31,2020-08-21,38.352345,-0.491881,Alicante
CNT_000541,CLI_000541,2024-05-31,2025-11-19,38.626858,-0.883108,Villena
CNT_000542,CLI_000542,2022-10-30,2023-01-23,38.095868,-0.939,Orihuela
CNT_000543,CLI_000543,2023-02-24,2024-10-01,38.344352,-0.518303,Alicante
CNT_000544,CLI_000544,2023-09-20,2024-10-05,38.515063,-0.115758,Benidorm
CNT_000545,CLI_000545,2020-06-06,2021-05-30,38.093214,-0.947741,Orihuela
CNT_000546,CLI_000546,2023-11-10,2025-06-07,38.252786,-0.672006,Elche
CNT_000547,CLI_000547,2020-08-13,2021-06-08,38.367229,-0.493005,Alicante
CNT_000548,CLI_000548,2015-01-23,2015-09-05,38.534216,-0.128074,Benidorm
CNT_000549,CLI_000549,2023-02-16,2024-05-03,37.985818,-0.678432,Torrevieja
CNT_000550,CLI_000550,2017-01-14,2018-11-11,38.686909,-0.473941,Alcoy
CNT_000551,CLI_000551,2016-08-24,2016-12-10,37.968092,-0.689988,Torrevieja
CNT_000552,CLI_000552,2023-04-24,2025-03-10,38.473196,-0.787091,Elda
CNT_000553,CLI_000553,2023-08-30,2023-12-20,37.994121,-0.698871,Torrevieja
CNT_000554,CLI_000554,2021-11-21,2022-05-06,38.008893,-0.70397,Torrevieja
CNT_000555,CLI_000555,2017-08-27,2019-03-18,38.469038,-0.776886,Elda
CNT_000556,CLI_000556,2018-03-24,2020-03-11,38.289191,-0.682302,Elche
CNT_000557,CLI_000557,2020-01-17,2020-12-17,38.290958,-0.479353,Alicante
CNT_000558,CLI_000558,2022-04-28,2023-04-03,38.315345,-0.439371,Alicante
CNT_000559,CLI_000559,2021-03-04,2022-04-25,38.686895,-0.476613,Alcoy
CNT_000560,CLI_000560,2023-05-20,2024-12-18,38.05775,-0.918046,Orihuela
CNT_000561,CLI_000561,2015-03-22,2016-09-07,38.515197,-0.129193,Benidorm
CNT_000562,CLI_000562,2022-04-16,2023-06-07,38.355525,-0.506619,Alicante
CNT_000563,CLI_000563,2016-04-27,2017-03-15,38.339848,-0.434799,Alicante
CNT_000564,CLI_000564,2022-03-24,2022-10-18,38.354685,-0.456232,Alicante
CNT_000565,CLI_000565,2018-12-01,2020-11-01,38.28069,-0.700962,Elche
CNT_000566,CLI_000566,2023-09-10,2024-12-11,37.983481,-0.669111,Torrevieja
CNT_000567,CLI_000567,2024-01-25,2025-07-31,38.279971,-0.707181,Elche
CNT_000568,CLI_000568,2024-02-19,2026-01-29,38.26397,-0.680059,Elche
CNT_000569,CLI_000569,2015-02-02,2016-01-09,38.822895,0.069834,Denia
CNT_000570,CLI_000570,2020-09-13,2020-12-31,38.288772,-0.720736,Elche
CNT_000571,CLI_000571,2018-06-26,2018-08-08,38.25254,-0.676756,Elche
CNT_000572,CLI_000572,2023-05-06,2023-07-28,38.385073,-0.528296,San Vicente del Raspeig
CNT_000573,CLI_000573,2023-07-19,2024-11-06,38.261586,-0.693734,Elche
CNT_000574,CLI_000574,2015-10-07,2016-01-09,38.066544,-0.971436,Orihuela
CNT_000575,CLI_000575,2020-06-30,2021-08-05,38.473691,-0.769626,Elda
CNT_000576,CLI_000576,2021-01-08,2022-06-24,38.641129,-0.851914,Villena
CNT_000577,CLI_000577,2019-08-10,2021-03-31,38.353909,-0.486017,Alicante
CNT_000578,CLI_000578,2019-04-24,2019-08-27,38.474922,-0.774047,Petrer
CNT_000579,CLI_000579,2016-12-01,2018-06-16,38.25477,-0.675649,Elche
CNT_000580,CLI_000580,2024-11-17,2025-09-02,38.372058,-0.431438,Alicante
CNT_000581,CLI_000581,2019-11-15,2021-07-21,38.276421,-0.677317,Elche
CNT_000582,CLI_000582,2022-08-14,2023-05-18,38.420076,-0.418954,Sant Joan d'Alacant
CNT_000583,CLI_000583,2017-10-15,2018-03-20,38.291463,-0.718592,Elche
CNT_000584,CLI_000584,2018-06-07,2019-11-17,38.290674,-0.716327,Elche
CNT_000585,CLI_000585,2016-10-26,2017-01-09,38.057043,-0.968279,Orihuela
CNT_000586,CLI_000586,2023-02-18,2023-12-12,38.364297,-0.469956,Alicante
CNT_000587,CLI_000587,2018-08-04,2020-06-03,38.343872,-0.47661,Alicante
CNT_000588,CLI_000588,2018-11-19,2020-06-12,38.331425,-0.484799,Alicante
CNT_000589,CLI_000589,2021-11-05,2022-03-08,38.3494,-0.460769,Alicante
CNT_000590,CLI_000590,2022-04-21,2023-04-01,38.36883,-0.450192,Alicante
CNT_000591,CLI_000591,2017-11-22,2019-08-25,38.357721,-0.519142,Alicante
CNT_000592,CLI_000592,2020-04-22,2020-07-31,38.067231,-0.956439,Orihuela
CNT_000593,CLI_000593,2018-10-18,2020-07-01,38.363761,-0.460496,Alicante
CNT_000594,CLI_000594,2018-02-08,2019-06-01,38.251473,-0.70859,Elche
CNT_000595,CLI_000595,2018-02-18,2019-03-21,38.84395,0.093727,Denia
CNT_000596,CLI_000596,2020-08-25,2022-06-05,38.258826,-0.675892,Elche
CNT_000597,CLI_000597,2017-01-08,2018-10-13,38.531574,-0.146774,Benidorm
CNT_000598,CLI_000598,2019-03-27,2020-06-08,38.364356,-0.488539,Alicante
CNT_000599,CLI_000599,2022-07-25,2022-11-22,38.319195,-0.472784,Alicante
CNT_000600,CLI_000600,2022-07-24,2024-01-13,38.39383,-0.495345,Alicante
CNT_000601,CLI_000601,2020-11-15,2022-05-26,38.299673,-0.461421,Alicante
CNT_000602,CLI_000602,2020-12-03,2021-04-21,38.330258,-0.495222,Alicante
CNT_000603,CLI_000603,2023-04-01,2025-03-02,38.354455,-0.445785,Alicante
CNT_000604,CLI_000604,2019-02-03,2019-06-01,38.359808,-0.484144,Alicante
CNT_000605,CLI_000605,2019-01-02,2020-09-29,38.342688,-0.464218,Alicante
CNT_000606,CLI_000606,2024-03-06,2025-01-01,38.264237,-0.681887,Elche
CNT_000607,CLI_000607,2015-12-15,2016-09-16,38.355464,-0.496689,Alicante
CNT_000608,CLI_000608,2015-08-20,2016-09-13,38.260416,-0.743477,Elche
CNT_000609,CLI_000609,2020-06-19,2021-07-31,38.29615,-0.690363,Elche
CNT_000610,CLI_000610,2023-09-18,2024-05-10,38.544272,-0.130433,Benidorm
CNT_000611,CLI_000611,2024-05-16,2025-05-25,38.367021,-0.467104,Alicante
CNT_000612,CLI_000612,2023-06-11,2024-10-07,38.384706,-0.528018,San Vicente del Raspeig
CNT_000613,CLI_000613,2023-04-20,2023-07-25,38.083212,-0.953109,Orihuela
CNT_000614,CLI_000614,2024-09-29,2026-05-09,38.337688,-0.430788,Alicante
CNT_000615,CLI_000615,2019-04-06,2019-06-17,38.466633,-0.809468,Elda
CNT_000616,CLI_000616,2022-05-10,2023-01-23,38.487502,-0.76266,Petrer
CNT_000617,CLI_000617,2021-05-21,2022-09-06,38.331759,-0.495365,Alicante
CNT_000618,CLI_000618,2020-05-24,2021-02-11,38.361585,-0.489394,Alicante
CNT_000619,CLI_000619,2019-07-15,2020-02-28,38.383458,-0.529105,San Vicente del Raspeig
CNT_000620,CLI_000620,2022-05-07,2023-10-15,38.719028,-0.483041,Alcoy
CNT_000621,CLI_000621,2020-04-26,2020-06-26,38.322792,-0.466719,Alicante
CNT_000622,CLI_000622,2016-06-28,2017-04-17,38.350683,-0.446234,Alicante
CNT_000623,CLI_000623,2016-01-27,2016-06-17,38.282921,-0.68796,Elche
CNT_000624,CLI_000624,2018-04-08,2019-08-09,38.252946,-0.696026,Elche
CNT_000625,CLI_000625,2020-10-25,2021-08-26,38.101849,-0.964229,Orihuela
CNT_000626,CLI_000626,2020-06-11,2020-12-03,38.238458,-0.68693,Elche
CNT_000627,CLI_000627,2015-10-24,2016-11-13,38.297447,-0.65086,Elche
CNT_000628,CLI_000628,2021-07-05,2021-08-09,38.69857,-0.477968,Alcoy
CNT_000629,CLI_000629,2017-12-22,2018-12-26,38.33029,-0.4904,Alicante
CNT_000630,CLI_000630,2015-09-27,2017-03-03,38.33772,-0.495027,Alicante
CNT_000631,CLI_000631,2021-03-13,2021-07-28,38.543907,-0.137173,Benidorm
CNT_000632,CLI_000632,2023-12-06,2024-03-15,38.831933,0.064521,Denia
CNT_000633,CLI_000633,2018-01-03,2019-01-07,38.249014,-0.689389,Elche
CNT_000634,CLI_000634,2019-09-06,2021-08-09,37.974712,-0.69742,Torrevieja
CNT_000635,CLI_000635,2016-05-24,2016-09-30,38.315776,-0.521257,Alicante
CNT_000636,CLI_000636,2022-03-11,2023-03-02,38.305552,-0.68173,Elche
CNT_000637,CLI_000637,2018-01-21,2018-03-24,37.968505,-0.701676,Torrevieja
CNT_000638,CLI_000638,2017-12-12,2018-06-02,38.36599,-0.489467,Alicante
CNT_000639,CLI_000639,2016-05-10,2017-02-07,38.350437,-0.444339,Alicante
CNT_000640,CLI_000640,2023-03-15,2025-01-04,38.24384,-0.729303,Elche
CNT_000641,CLI_000641,2015-04-04,2017-03-13,38.345051,-0.519315,Alicante
CNT_000642,CLI_000642,2016-09-16,2017-05-20,38.282748,-0.692375,Elche
CNT_000643,CLI_000643,2015-08-17,2016-11-22,38.340493,-0.452263,Alicante
CNT_000644,CLI_000644,2021-04-16,2021-07-08,38.291748,-0.732936,Elche
CNT_000645,CLI_000645,2018-11-15,2020-07-28,38.370738,-0.470808,Alicante
CNT_000646,CLI_000646,2016-12-21,2017-06-19,38.854484,0.114415,Denia
CNT_000647,CLI_000647,2017-09-06,2017-11-29,38.075607,-0.985683,Orihuela
CNT_000648,CLI_000648,2021-02-07,2022-08-07,38.521242,-0.121718,Benidorm
CNT_000649,CLI_000649,2015-09-24,2017-01-13,38.388937,-0.514781,San Vicente del Raspeig
CNT_000650,CLI_000650,2017-09-30,2017-12-03,38.269817,-0.705159,Elche
CNT_000651,CLI_000651,2015-10-08,2016-03-04,38.358845,-0.449691,Alicante
CNT_000652,CLI_000652,2017-08-19,2018-04-02,37.939612,-0.661744,Torrevieja
CNT_000653,CLI_000653,2022-06-07,2024-01-23,37.978554,-0.680344,Torrevieja
CNT_000654,CLI_000654,2018-01-11,2019-07-08,38.700297,-0.478817,Alcoy
CNT_000655,CLI_000655,2018-04-24,2020-01-07,38.259394,-0.719702,Elche
CNT_000656,CLI_000656,2024-12-17,2026-03-13,38.377482,-0.481939,Alicante
CNT_000657,CLI_000657,2022-01-22,2023-07-22,38.355745,-0.466756,Alicante
CNT_000658,CLI_000658,2018-10-03,2020-09-17,38.294324,-0.705432,Elche
CNT_000659,CLI_000659,2016-02-27,2016-08-13,38.080481,-0.98845,Orihuela
CNT_000660,CLI_000660,2023-04-17,2025-02-24,37.995575,-0.659363,Torrevieja
CNT_000661,CLI_000661,2020-06-28,2022-04-16,38.301471,-0.694115,Elche
CNT_000662,CLI_000662,2016-03-29,2016-06-10,38.413205,-0.441917,Sant Joan d'Alacant
CNT_000663,CLI_000663,2021-05-03,2022-01-06,38.062957,-0.927357,Orihuela
CNT_000664,CLI_000664,2016-05-21,2018-01-08,38.338858,-0.442884,Alicante
CNT_000665,CLI_000665,2018-03-11,2018-12-23,38.336571,-0.551048,Alicante
CNT_000666,CLI_000666,2015-11-12,2017-05-07,38.357431,-0.470143,Alicante
CNT_000667,CLI_000667,2019-08-27,2020-10-06,38.362359,-0.516666,Alicante
CNT_000668,CLI_000668,2017-02-02,2017-12-17,38.324228,-0.468522,Alicante
CNT_000669,CLI_000669,2018-06-09,2019-10-21,38.346896,-0.477802,Alicante
CNT_000670,CLI_000670,2024-03-22,2024-08-01,38.294702,-0.465107,Alicante
CNT_000671,CLI_000671,2017-06-16,2017-12-11,38.381249,-0.493481,Alicante
CNT_000672,CLI_000672,2017-08-10,2017-12-01,38.833014,0.077601,Denia
CNT_000673,CLI_000673,2023-01-01,2023-02-25,38.346597,-0.492259,Alicante
CNT_000674,CLI_000674,2019-05-15,2019-12-05,37.973126,-0.674877,Torrevieja
CNT_000675,CLI_000675,2023-02-11,2024-12-12,38.290713,-0.675961,Elche
CNT_000676,CLI_000676,2020-08-31,2021-11-25,38.375862,-0.449046,Sant Joan d'Alacant
CNT_000677,CLI_000677,2016-01-19,2017-12-02,38.344785,-0.455323,Alicante
CNT_000678,CLI_000678,2023-10-03,2024-10-12,38.263172,-0.712553,Elche
CNT_000679,CLI_000679,2015-04-13,2016-03-09,38.631556,-0.861851,Villena
CNT_000680,CLI_000680,2017-06-18,2018-05-11,38.499415,-0.797919,Elda
CNT_000681,CLI_000681,2022-08-12,2023-01-23,38.385652,-0.523114,San Vicente del Raspeig
CNT_000682,CLI_000682,2015-04-20,2015-07-13,38.364495,-0.458703,Alicante
CNT_000683,CLI_000683,2024-12-20,2025-03-15,38.354106,-0.511675,Alicante
CNT_000684,CLI_000684,2024-09-13,2025-10-21,38.549338,-0.139459,Benidorm
CNT_000685,CLI_000685,2023-08-03,2025-04-11,38.477228,-0.76815,Petrer
CNT_000686,CLI_000686,2019-02-04,2020-02-07,37.965507,-0.638971,Torrevieja
CNT_000687,CLI_000687,2024-12-20,2026-04-20,37.998429,-0.697737,Torrevieja
CNT_000688,CLI_000688,2016-10-31,2017-11-19,38.355833,-0.429997,Alicante
CNT_000689,CLI_000689,2023-08-14,2024-01-22,38.679861,-0.449347,Alcoy
CNT_000690,CLI_000690,2023-06-18,2024-11-21,38.331717,-0.483433,Alicante
CNT_000691,CLI_000691,2016-01-19,2017-08-24,38.274,-0.704859,Elche
CNT_000692,CLI_000692,2020-07-13,2020-11-29,38.283931,-0.713525,Elche
CNT_000693,CLI_000693,2021-02-15,2022-10-19,38.250557,-0.6998,Elche
CNT_000694,CLI_000694,2017-01-31,2017-07-05,38.272344,-0.516168,Alicante
CNT_000695,CLI_000695,2021-08-04,2022-06-25,38.358281,-0.482906,Alicante
CNT_000696,CLI_000696,2023-01-01,2023-07-28,38.060394,-0.914562,Orihuela
CNT_000697,CLI_000697,2017-06-04,2018-01-16,38.294767,-0.496277,Alicante
CNT_000698,CLI_000698,2024-08-24,2025-01-01,37.927718,-0.686533,Torrevieja
CNT_000699,CLI_000699,2020-10-27,2022-06-21,38.36555,-0.523529,Alicante
CNT_000700,CLI_000700,2022-03-28,2022-10-26,38.26833,-0.690071,Elche
CNT_000701,CLI_000701,2023-11-18,2023-12-26,37.974638,-0.677439,Torrevieja
CNT_000702,CLI_000702,2018-05-20,2019-08-05,38.379926,-0.479407,Alicante
CNT_000703,CLI_000703,2023-01-12,2024-08-29,38.279521,-0.70307,Elche
CNT_000704,CLI_000704,2017-10-11,2018-02-21,38.385608,-0.488319,Alicante
CNT_000705,CLI_000705,2019-01-08,2019-06-12,38.310382,-0.468452,Alicante
CNT_000706,CLI_000706,2021-01-05,2022-08-03,38.401089,-0.438759,Sant Joan d'Alacant
CNT_000707,CLI_000707,2015-01-10,2016-12-16,38.229932,-0.691371,Elche
CNT_000708,CLI_000708,2019-04-15,2020-02-08,38.393547,-0.52272,San Vicente del Raspeig
CNT_000709,CLI_000709,2017-03-02,2018-07-10,38.338985,-0.452914,Alicante
CNT_000710,CLI_000710,2020-05-21,2020-10-15,38.541719,-0.123176,Benidorm
CNT_000711,CLI_000711,2017-12-14,2018-04-14,38.698947,-0.471086,Alcoy
CNT_000712,CLI_000712,2022-12-29,2024-09-30,38.097268,-0.914132,Orihuela
CNT_000713,CLI_000713,2019-07-21,2020-12-16,38.280976,-0.689054,Elche
CNT_000714,CLI_000714,2021-02-05,2021-06-01,38.312908,-0.669591,Elche
CNT_000715,CLI_000715,2017-01-13,2017-10-03,38.258563,-0.684947,Elche
CNT_000716,CLI_000716,2021-08-25,2022-01-25,38.47449,-0.788419,Petrer
CNT_000717,CLI_000717,2024-07-25,2025-03-14,38.399253,-0.509642,San Vicente del Raspeig
CNT_000718,CLI_000718,2016-03-26,2016-05-26,38.627373,-0.864578,Villena
CNT_000719,CLI_000719,2018-01-21,2019-02-11,38.382249,-0.482299,Alicante
CNT_000720,CLI_000720,2024-10-31,2026-03-07,38.695001,-0.470024,Alcoy
CNT_000721,CLI_000721,2024-07-16,2026-02-16,38.478244,-0.77345,Petrer
CNT_000722,CLI_000722,2021-09-07,2022-01-08,38.333417,-0.475324,Alicante
CNT_000723,CLI_000723,2023-04-01,2024-10-03,38.36316,-0.495797,Alicante
CNT_000724,CLI_000724,2018-09-16,2019-11-27,38.696507,-0.458109,Alcoy
CNT_000725,CLI_000725,2019-09-28,2020-02-04,37.96715,-0.684245,Torrevieja
CNT_000726,CLI_000726,2021-10-16,2022-07-16,38.498684,-0.796391,Elda
CNT_000727,CLI_000727,2023-03-21,2023-06-16,38.323796,-0.504123,Alicante
CNT_000728,CLI_000728,2018-04-01,2019-04-22,38.396727,-0.522075,San Vicente del Raspeig
CNT_000729,CLI_000729,2023-03-13,2024-08-14,38.361508,-0.476322,Alicante
CNT_000730,CLI_000730,2023-07-09,2024-06-22,38.304417,-0.471289,Alicante
CNT_000731,CLI_000731,2022-09-14,2022-11-01,38.357207,-0.506681,Alicante
CNT_000732,CLI_000732,2017-06-26,2018-07-17,38.383639,-0.544514,San Vicente del Raspeig
CNT_000733,CLI_000733,2020-11-02,2021-03-28,38.544073,-0.123793,Benidorm
CNT_000734,CLI_000734,2022-10-02,2023-03-16,37.961372,-0.655476,Torrevieja
CNT_000735,CLI_000735,2019-10-15,2020-09-04,38.280741,-0.72088,Elche
CNT_000736,CLI_000736,2022-11-03,2024-05-10,38.49197,-0.772727,Elda
CNT_000737,CLI_000737,2018-01-19,2018-05-29,38.284452,-0.692054,Elche
CNT_000738,CLI_000738,2019-02-16,2020-03-31,38.399316,-0.525385,San Vicente del Raspeig
CNT_000739,CLI_000739,2024-06-18,2024-12-19,38.260411,-0.707046,Elche
CNT_000740,CLI_000740,2023-12-09,2025-08-23,38.252819,-0.728759,Elche
CNT_000741,CLI_000741,2018-06-30,2020-03-20,38.297863,-0.67657,Elche
CNT_000742,CLI_000742,2019-12-19,2020-05-01,38.327713,-0.50039,Alicante
CNT_000743,CLI_000743,2019-08-06,2021-06-07,38.685955,-0.482758,Alcoy
CNT_000744,CLI_000744,2018-06-21,2019-12-28,38.280138,-0.676478,Elche
CNT_000745,CLI_000745,2022-07-17,2022-12-21,38.325297,-0.528075,Alicante
CNT_000746,CLI_000746,2021-05-06,2022-07-10,38.826449,0.082846,Denia
CNT_000747,CLI_000747,2022-11-28,2024-07-21,38.233741,-0.698699,Elche
CNT_000748,CLI_000748,2023-06-18,2024-12-27,37.970008,-0.676921,Torrevieja
CNT_000749,CLI_000749,2017-11-29,2019-07-08,38.839459,0.112971,Denia
CNT_000750,CLI_000750,2019-06-22,2021-01-21,38.089662,-0.950536,Orihuela
CNT_000751,CLI_000751,2022-01-07,2022-06-09,38.368983,-0.417741,Alicante
CNT_000752,CLI_000752,2017-11-22,2018-12-16,38.489169,-0.772279,Petrer
CNT_000753,CLI_000753,2016-03-25,2016-06-26,38.080983,-0.949116,Orihuela
CNT_000754,CLI_000754,2024-11-19,2026-05-25,38.26114,-0.715834,Elche
CNT_000755,CLI_000755,2022-06-25,2022-11-03,38.357954,-0.477902,Alicante
CNT_000756,CLI_000756,2020-02-16,2021-09-28,38.411571,-0.51792,San Vicente del Raspeig
CNT_000757,CLI_000757,2016-09-16,2017-07-19,38.087326,-0.920428,Orihuela
CNT_000758,CLI_000758,2020-05-23,2021-02-03,37.970256,-0.709007,Torrevieja
CNT_000759,CLI_000759,2017-06-03,2017-07-25,38.825807,0.10201,Denia
CNT_000760,CLI_000760,2015-11-15,2016-02-16,38.378958,-0.51994,San Vicente del Raspeig
CNT_000761,CLI_000761,2023-10-01,2024-04-04,38.361857,-0.466324,Alicante
CNT_000762,CLI_000762,2018-10-27,2019-12-20,38.278216,-0.698156,Elche
CNT_000763,CLI_000763,2018-10-06,2019-04-02,38.359634,-0.467439,Alicante
CNT_000764,CLI_000764,2018-09-08,2019-10-05,38.696856,-0.483108,Alcoy
CNT_000765,CLI_000765,2016-05-02,2018-04-12,38.380373,-0.442052,Alicante
CNT_000766,CLI_000766,2016-03-26,2017-08-01,37.969986,-0.664333,Torrevieja
CNT_000767,CLI_000767,2015-12-19,2017-10-23,38.709863,-0.489539,Alcoy
CNT_000768,CLI_000768,2018-02-13,2019-04-17,38.478235,-0.804701,Elda
CNT_000769,CLI_000769,2023-03-22,2024-05-29,38.252116,-0.721332,Elche
CNT_000770,CLI_000770,2023-06-12,2023-11-20,38.40341,-0.517164,San Vicente del Raspeig
CNT_000771,CLI_000771,2020-04-24,2020-12-06,38.355441,-0.513118,Alicante
CNT_000772,CLI_000772,2021-06-25,2023-05-02,38.482984,-0.795772,Elda
CNT_000773,CLI_000773,2023-11-11,2024-01-14,38.347232,-0.469632,Alicante
CNT_000774,CLI_000774,2020-11-02,2022-01-25,38.264666,-0.699756,Elche
CNT_000775,CLI_000775,2015-09-05,2016-10-15,38.42496,-0.522193,San Vicente del Raspeig
CNT_000776,CLI_000776,2024-08-04,2025-10-06,38.374806,-0.507645,Alicante
CNT_000777,CLI_000777,2016-07-21,2017-03-27,38.363271,-0.466129,Alicante
CNT_000778,CLI_000778,2016-11-14,2018-05-14,38.535542,-0.138659,Benidorm
CNT_000779,CLI_000779,2016-10-05,2018-06-09,38.546286,-0.135195,Benidorm
CNT_000780,CLI_000780,2016-04-23,2017-04-29,38.09516,-0.939745,Orihuela
CNT_000781,CLI_000781,2022-07-23,2023-10-11,38.534514,-0.130063,Benidorm
CNT_000782,CLI_000782,2016-01-03,2017-05-02,37.973236,-0.681768,Torrevieja
CNT_000783,CLI_000783,2020-01-19,2020-12-10,38.343177,-0.499766,Alicante
CNT_000784,CLI_000784,2015-12-23,2016-12-17,38.195751,-0.70489,Elche
CNT_000785,CLI_000785,2021-09-21,2023-08-31,38.350465,-0.480945,Alicante
CNT_000786,CLI_000786,2018-09-30,2019-10-03,38.833373,0.085074,Denia
CNT_000787,CLI_000787,2021-02-04,2021-12-28,38.007368,-0.690526,Torrevieja
CNT_000788,CLI_000788,2024-07-28,2026-05-25,38.265926,-0.689771,Elche
CNT_000789,CLI_000789,2024-11-21,2025-10-28,38.239343,-0.726404,Elche
CNT_000790,CLI_000790,2019-01-06,2020-09-09,38.483401,-0.758434,Petrer
CNT_000791,CLI_000791,2020-01-17,2020-04-10,38.319047,-0.44926,Alicante
CNT_000792,CLI_000792,2024-03-31,2025-10-15,37.987221,-0.704613,Torrevieja
CNT_000793,CLI_000793,2021-08-11,2021-12-23,38.271901,-0.668432,Elche
CNT_000794,CLI_000794,2017-11-25,2018-06-17,38.103957,-0.947372,Orihuela
CNT_000795,CLI_000795,2021-11-15,2022-10-04,38.325428,-0.470537,Alicante
CNT_000796,CLI_000796,2019-07-03,2021-02-02,38.479108,-0.79776,Elda
CNT_000797,CLI_000797,2017-04-07,2018-05-16,38.47025,-0.76077,Petrer
CNT_000798,CLI_000798,2018-03-15,2019-07-07,37.991327,-0.67489,Torrevieja
CNT_000799,CLI_000799,2019-12-17,2021-04-04,38.540426,-0.14107,Benidorm
CNT_000800,CLI_000800,2020-04-08,2020-07-06,38.488858,-0.781652,Petrer
CNT_000801,CLI_000801,2021-01-02,2022-02-27,38.534219,-0.148824,Benidorm
CNT_000802,CLI_000802,2021-08-24,2022-10-17,38.355569,-0.476301,Alicante
CNT_000803,CLI_000803,2015-06-17,2016-02-13,38.007578,-0.671896,Torrevieja
CNT_000804,CLI_000804,2024-02-29,2026-01-25,38.079098,-0.931481,Orihuela
CNT_000805,CLI_000805,2015-03-28,2017-03-11,38.26855,-0.700896,Elche
CNT_000806,CLI_000806,2015-06-03,2016-12-18,38.685366,-0.487284,Alcoy
CNT_000807,CLI_000807,2021-12-19,2022-09-14,38.475217,-0.776821,Petrer
CNT_000808,CLI_000808,2015-11-11,2017-04-11,38.484878,-0.758477,Petrer
CNT_000809,CLI_000809,2020-01-29,2020-06-28,38.289787,-0.708962,Elche
CNT_000810,CLI_000810,2016-12-23,2017-10-01,38.338793,-0.477415,Alicante
CNT_000811,CLI_000811,2020-06-04,2020-11-21,38.399277,-0.448181,Sant Joan d'Alacant
CNT_000812,CLI_000812,2024-12-10,2026-04-05,38.473817,-0.787761,Elda
CNT_000813,CLI_000813,2020-01-28,2020-07-28,38.331831,-0.492442,Alicante
CNT_000814,CLI_000814,2024-02-28,2025-01-30,38.48685,-0.759533,Petrer
CNT_000815,CLI_000815,2019-09-26,2021-05-07,38.460733,-0.782517,Elda
CNT_000816,CLI_000816,2022-09-12,2023-08-24,38.001757,-0.691123,Torrevieja
CNT_000817,CLI_000817,2021-04-28,2022-11-07,37.966722,-0.68448,Torrevieja
CNT_000818,CLI_000818,2021-12-09,2022-10-30,38.281382,-0.710425,Elche
CNT_000819,CLI_000819,2021-11-06,2022-11-15,38.31345,-0.516486,Alicante
CNT_000820,CLI_000820,2021-10-26,2023-06-28,38.280214,-0.717164,Elche
CNT_000821,CLI_000821,2024-02-16,2025-11-03,38.404363,-0.522921,San Vicente del Raspeig
CNT_000822,CLI_000822,2022-02-03,2022-12-11,38.354805,-0.472869,Alicante
CNT_000823,CLI_000823,2018-02-02,2018-09-27,38.243623,-0.695032,Elche
CNT_000824,CLI_000824,2020-07-16,2022-02-17,38.27099,-0.704938,Elche
CNT_000825,CLI_000825,2015-12-16,2016-04-19,37.957405,-0.665405,Torrevieja
CNT_000826,CLI_000826,2017-04-03,2018-07-28,38.481372,-0.769365,Petrer
CNT_000827,CLI_000827,2016-03-13,2017-04-19,38.288147,-0.682828,Elche
CNT_000828,CLI_000828,2020-06-27,2022-05-05,38.283027,-0.737323,Elche
CNT_000829,CLI_000829,2015-06-18,2015-09-28,38.698582,-0.520469,Alcoy
CNT_000830,CLI_000830,2024-05-07,2026-04-17,38.244054,-0.692057,Elche
CNT_000831,CLI_000831,2024-01-15,2025-01-11,38.36134,-0.516619,Alicante
CNT_000832,CLI_000832,2015-01-23,2016-03-20,38.265926,-0.702974,Elche
CNT_000833,CLI_000833,2023-04-24,2023-09-06,38.287192,-0.488552,Alicante
CNT_000834,CLI_000834,2022-06-16,2022-10-24,38.364766,-0.441315,Alicante
CNT_000835,CLI_000835,2015-10-08,2016-10-30,38.264967,-0.6895,Elche
CNT_000836,CLI_000836,2024-10-30,2025-10-23,38.291954,-0.694651,Elche
CNT_000837,CLI_000837,2022-08-01,2024-05-09,38.824271,0.118255,Denia
CNT_000838,CLI_000838,2021-04-19,2022-06-17,38.195613,-0.690193,Elche
CNT_000839,CLI_000839,2016-02-08,2016-04-12,37.983724,-0.690438,Torrevieja
CNT_000840,CLI_000840,2020-12-20,2021-06-24,38.090631,-0.92307,Orihuela
CNT_000841,CLI_000841,2024-02-28,2024-12-26,38.302933,-0.508744,Alicante
CNT_000842,CLI_000842,2022-04-19,2023-06-18,38.522458,-0.127421,Benidorm
CNT_000843,CLI_000843,2015-08-20,2016-04-12,38.41408,-0.519689,Alicante
CNT_000844,CLI_000844,2022-02-05,2023-11-01,38.633333,-0.863753,Villena
CNT_000845,CLI_000845,2015-03-20,2016-12-29,38.363474,-0.476175,Alicante
CNT_000846,CLI_000846,2017-11-24,2018-10-25,38.251185,-0.661418,Elche
CNT_000847,CLI_000847,2021-12-17,2023-10-03,38.292942,-0.520124,Alicante
CNT_000848,CLI_000848,2018-02-07,2019-08-26,38.399868,-0.443908,Sant Joan d'Alacant
CNT_000849,CLI_000849,2018-09-06,2020-01-10,38.259657,-0.680201,Elche
CNT_000850,CLI_000850,2024-12-25,2025-10-02,38.076802,-0.937794,Orihuela
CNT_000851,CLI_000851,2021-07-03,2022-04-25,38.342334,-0.476492,Alicante
CNT_000852,CLI_000852,2023-04-03,2023-11-27,38.701571,-0.484874,Alcoy
CNT_000853,CLI_000853,2022-06-30,2024-02-16,38.341447,-0.49577,Alicante
CNT_000854,CLI_000854,2021-08-28,2023-03-19,38.82174,0.124376,Denia
CNT_000855,CLI_000855,2018-10-19,2020-04-03,38.357355,-0.482288,Alicante
CNT_000856,CLI_000856,2024-01-17,2025-07-13,38.296466,-0.471616,Alicante
CNT_000857,CLI_000857,2019-06-28,2021-02-26,38.293941,-0.48388,Alicante
CNT_000858,CLI_000858,2018-12-08,2019-06-03,38.281762,-0.724328,Elche
CNT_000859,CLI_000859,2024-03-19,2026-01-19,37.987826,-0.665391,Torrevieja
CNT_000860,CLI_000860,2016-06-30,2016-10-20,38.343765,-0.468419,Alicante
CNT_000861,CLI_000861,2019-09-26,2019-12-06,38.681655,-0.445732,Alcoy
CNT_000862,CLI_000862,2023-11-20,2024-05-23,38.249926,-0.720643,Elche
CNT_000863,CLI_000863,2021-09-05,2023-08-04,37.973971,-0.667394,Torrevieja
CNT_000864,CLI_000864,2023-09-09,2025-01-03,38.23039,-0.727154,Elche
CNT_000865,CLI_000865,2018-08-09,2020-05-18,38.249241,-0.694838,Elche
CNT_000866,CLI_000866,2018-01-13,2018-11-22,37.990442,-0.664623,Torrevieja
CNT_000867,CLI_000867,2017-06-27,2018-01-30,38.380883,-0.532803,Alicante
CNT_000868,CLI_000868,2018-05-09,2020-02-14,38.334714,-0.486123,Alicante
CNT_000869,CLI_000869,2016-11-15,2018-08-30,38.487778,-0.798559,Elda
CNT_000870,CLI_000870,2022-02-01,2023-06-19,38.464759,-0.77702,Petrer
CNT_000871,CLI_000871,2021-06-02,2022-11-20,38.280008,-0.689825,Elche
CNT_000872,CLI_000872,2020-10-04,2021-03-15,38.325101,-0.452983,Alicante
CNT_000873,CLI_000873,2024-09-13,2025-07-10,38.090947,-0.947166,Orihuela
CNT_000874,CLI_000874,2023-06-15,2025-03-27,38.260049,-0.693779,Elche
CNT_000875,CLI_000875,2019-08-03,2019-11-13,38.37821,-0.478142,Alicante
CNT_000876,CLI_000876,2020-10-14,2022-01-22,38.323339,-0.480955,Alicante
CNT_000877,CLI_000877,2017-08-15,2018-07-03,38.541731,-0.144372,Benidorm
CNT_000878,CLI_000878,2019-08-10,2021-06-24,38.07921,-0.922331,Orihuela
CNT_000879,CLI_000879,2024-09-13,2025-12-23,38.341242,-0.47362,Alicante
CNT_000880,CLI_000880,2020-04-16,2022-03-13,38.340604,-0.471128,Alicante
CNT_000881,CLI_000881,2019-05-24,2021-04-13,38.324058,-0.501163,Alicante
CNT_000882,CLI_000882,2023-06-22,2023-09-19,38.534031,-0.136811,Benidorm
CNT_000883,CLI_000883,2016-12-02,2018-08-21,38.343634,-0.485403,Alicante
CNT_000884,CLI_000884,2022-09-08,2023-08-30,38.351231,-0.519353,Alicante
CNT_000885,CLI_000885,2021-12-08,2022-07-07,38.397314,-0.545556,San Vicente del Raspeig
CNT_000886,CLI_000886,2024-07-18,2025-10-24,38.36515,-0.496019,Alicante
CNT_000887,CLI_000887,2017-03-31,2018-09-30,38.10327,-0.93405,Orihuela
CNT_000888,CLI_000888,2017-06-06,2019-04-04,38.318934,-0.497328,Alicante
CNT_000889,CLI_000889,2020-04-03,2020-07-24,38.366919,-0.50647,Alicante
CNT_000890,CLI_000890,2018-08-21,2018-10-17,38.315542,-0.501367,Alicante
CNT_000891,CLI_000891,2021-02-02,2021-11-24,38.541254,-0.136764,Benidorm
CNT_000892,CLI_000892,2021-02-20,2021-12-29,38.486137,-0.796046,Elda
CNT_000893,CLI_000893,2023-06-12,2024-08-11,38.373364,-0.499314,San Vicente del Raspeig
CNT_000894,CLI_000894,2017-05-25,2018-07-11,38.267546,-0.675098,Elche
CNT_000895,CLI_000895,2015-06-15,2017-02-14,38.528578,-0.119003,Benidorm
CNT_000896,CLI_000896,2018-03-19,2019-03-02,38.326231,-0.451785,Alicante
CNT_000897,CLI_000897,2024-05-05,2026-02-04,38.378971,-0.505971,Alicante
CNT_000898,CLI_000898,2016-07-10,2017-02-17,38.830895,0.087365,Denia
CNT_000899,CLI_000899,2018-04-12,2018-12-24,38.325041,-0.508672,Alicante
CNT_000900,CLI_000900,2021-01-23,2022-05-18,38.347092,-0.447637,Alicante
CNT_000901,CLI_000901,2016-12-09,2017-07-08,38.36234,-0.49468,Alicante
CNT_000902,CLI_000902,2016-12-18,2017-12-09,38.341659,-0.512284,Alicante
CNT_000903,CLI_000903,2019-05-23,2021-02-15,38.374359,-0.491775,Alicante
CNT_000904,CLI_000904,2020-11-14,2022-09-29,37.988258,-0.686495,Torrevieja
CNT_000905,CLI_000905,2022-06-19,2023-02-06,38.217579,-0.692395,Elche
CNT_000906,CLI_000906,2021-09-17,2022-11-22,38.832758,0.109464,Denia
CNT_000907,CLI_000907,2018-01-05,2019-11-09,38.389558,-0.535238,San Vicente del Raspeig
CNT_000908,CLI_000908,2020-07-12,2021-11-25,38.276046,-0.683216,Elche
CNT_000909,CLI_000909,2018-06-14,2020-04-19,38.27958,-0.49698,Alicante
CNT_000910,CLI_000910,2015-10-18,2016-05-13,38.321578,-0.701738,Elche
CNT_000911,CLI_000911,2020-12-23,2021-02-08,37.988258,-0.669838,Torrevieja
CNT_000912,CLI_000912,2023-01-15,2024-05-21,38.348922,-0.497046,Alicante
CNT_000913,CLI_000913,2023-01-07,2024-10-06,38.108431,-0.955887,Orihuela
CNT_000914,CLI_000914,2021-08-11,2023-03-09,38.31706,-0.685283,Elche
CNT_000915,CLI_000915,2022-02-08,2023-04-16,37.994373,-0.697639,Torrevieja
CNT_000916,CLI_000916,2023-01-28,2024-03-25,38.286374,-0.706765,Elche
CNT_000917,CLI_000917,2021-04-14,2022-03-09,38.348467,-0.467106,Alicante
CNT_000918,CLI_000918,2022-09-14,2023-09-29,38.635302,-0.841551,Villena
CNT_000919,CLI_000919,2018-05-22,2018-12-24,38.69269,-0.466135,Alcoy
CNT_000920,CLI_000920,2020-10-18,2021-10-29,38.324547,-0.469184,Alicante
CNT_000921,CLI_000921,2017-01-15,2018-10-29,38.470456,-0.78543,Elda
CNT_000922,CLI_000922,2023-05-02,2024-07-13,38.235788,-0.72191,Elche
CNT_000923,CLI_000923,2021-07-04,2021-10-12,38.839562,0.107434,Denia
CNT_000924,CLI_000924,2023-06-15,2024-06-05,38.376084,-0.525657,San Vicente del Raspeig
CNT_000925,CLI_000925,2024-09-28,2025-05-27,38.2697,-0.691225,Elche
CNT_000926,CLI_000926,2018-04-12,2019-03-16,38.344292,-0.478087,Alicante
CNT_000927,CLI_000927,2016-11-29,2017-04-15,38.348873,-0.471508,Alicante
CNT_000928,CLI_000928,2022-10-24,2023-05-18,37.969302,-0.687806,Torrevieja
CNT_000929,CLI_000929,2021-05-10,2022-08-09,38.146337,-0.943328,Orihuela
CNT_000930,CLI_000930,2016-06-07,2017-12-19,38.379203,-0.511696,Alicante
CNT_000931,CLI_000931,2020-01-20,2021-04-11,38.314086,-0.488998,Alicante
CNT_000932,CLI_000932,2021-03-16,2021-12-18,38.481494,-0.77511,Elda
CNT_000933,CLI_000933,2017-10-20,2018-06-15,38.395928,-0.435631,Sant Joan d'Alacant
CNT_000934,CLI_000934,2022-01-04,2022-09-06,37.960439,-0.682577,Torrevieja
CNT_000935,CLI_000935,2024-07-02,2025-10-12,38.311698,-0.433597,Alicante
CNT_000936,CLI_000936,2023-09-18,2025-06-26,38.356005,-0.515021,Alicante
CNT_000937,CLI_000937,2020-07-03,2021-06-08,38.328165,-0.508736,Alicante
CNT_000938,CLI_000938,2016-04-08,2017-05-25,38.855217,0.131391,Denia
CNT_000939,CLI_000939,2019-07-23,2020-05-18,38.370045,-0.479851,Alicante
CNT_000940,CLI_000940,2023-08-31,2024-01-28,38.00343,-0.686566,Torrevieja
CNT_000941,CLI_000941,2016-03-26,2017-06-05,38.32389,-0.51098,Alicante
CNT_000942,CLI_000942,2018-11-20,2019-08-21,37.987257,-0.674141,Torrevieja
CNT_000943,CLI_000943,2020-03-30,2020-07-03,38.097449,-0.933611,Orihuela
CNT_000944,CLI_000944,2017-07-12,2018-03-26,38.39061,-0.538434,San Vicente del Raspeig
CNT_000945,CLI_000945,2024-12-01,2025-05-16,38.325906,-0.484507,Alicante
CNT_000946,CLI_000946,2023-02-28,2023-10-09,38.385438,-0.489388,Alicante
CNT_000947,CLI_000947,2021-12-01,2023-10-19,38.350887,-0.474601,Alicante
CNT_000948,CLI_000948,2015-11-12,2017-09-28,38.85024,0.088911,Denia
CNT_000949,CLI_000949,2016-11-01,2018-04-03,38.468835,-0.776777,Elda
CNT_000950,CLI_000950,2016-11-28,2018-08-03,38.060414,-0.926184,Orihuela
CNT_000951,CLI_000951,2017-09-19,2018-10-07,38.073411,-0.951764,Orihuela
CNT_000952,CLI_000952,2018-10-08,2020-05-15,38.532712,-0.133897,Benidorm
CNT_000953,CLI_000953,2022-09-16,2023-03-21,38.318594,-0.484411,Alicante
CNT_000954,CLI_000954,2018-06-16,2019-11-03,38.840552,0.094025,Denia
CNT_000955,CLI_000955,2018-02-01,2018-03-18,38.228353,-0.708055,Elche
CNT_000956,CLI_000956,2017-06-25,2017-10-10,38.240859,-0.704246,Elche
CNT_000957,CLI_000957,2023-01-04,2023-03-26,37.990776,-0.653168,Torrevieja
CNT_000958,CLI_000958,2017-11-18,2019-05-15,38.360295,-0.457335,Alicante
CNT_000959,CLI_000959,2015-03-30,2016-09-13,38.335403,-0.457634,Alicante
CNT_000960,CLI_000960,2021-08-19,2021-11-17,38.686187,-0.468961,Alcoy
CNT_000961,CLI_000961,2024-06-30,2024-12-08,38.319515,-0.508933,Alicante
CNT_000962,CLI_000962,2019-05-06,2020-06-20,38.077335,-0.94533,Orihuela
CNT_000963,CLI_000963,2015-12-30,2017-08-14,38.361313,-0.456738,Alicante
CNT_000964,CLI_000964,2021-01-03,2022-07-29,38.285921,-0.725982,Elche
CNT_000965,CLI_000965,2015-11-10,2017-01-22,38.332787,-0.465086,Alicante
CNT_000966,CLI_000966,2016-07-01,2017-01-01,38.240123,-0.647203,Elche
CNT_000967,CLI_000967,2017-03-06,2018-12-28,38.537414,-0.118558,Benidorm
CNT_000968,CLI_000968,2024-08-24,2024-11-12,38.324612,-0.445649,Alicante
CNT_000969,CLI_000969,2023-01-25,2023-05-29,37.969371,-0.67827,Torrevieja
CNT_000970,CLI_000970,2019-03-10,2021-02-24,38.294656,-0.677005,Elche
CNT_000971,CLI_000971,2019-02-18,2020-08-23,38.544125,-0.139914,Benidorm
CNT_000972,CLI_000972,2020-11-18,2022-05-25,38.48548,-0.762041,Petrer
CNT_000973,CLI_000973,2015-04-17,2016-05-05,38.683137,-0.465547,Alcoy
CNT_000974,CLI_000974,2017-05-06,2017-07-19,38.350485,-0.473752,Alicante
CNT_000975,CLI_000975,2023-03-04,2023-10-24,38.371766,-0.4481,Alicante
CNT_000976,CLI_000976,2015-10-18,2017-01-20,38.335809,-0.49447,Alicante
CNT_000977,CLI_000977,2018-10-04,2019-07-16,38.111822,-0.948241,Orihuela
CNT_000978,CLI_000978,2016-09-08,2017-06-12,38.377519,-0.478613,Alicante
CNT_000979,CLI_000979,2019-10-23,2021-05-07,38.302102,-0.720951,Elche
CNT_000980,CLI_000980,2022-03-20,2022-05-29,38.090905,-0.939961,Orihuela
CNT_000981,CLI_000981,2018-06-04,2019-10-05,38.278423,-0.736116,Elche
CNT_000982,CLI_000982,2022-03-28,2023-01-28,38.71537,-0.460837,Alcoy
CNT_000983,CLI_000983,2017-09-03,2018-04-15,38.356385,-0.479834,Alicante
CNT_000984,CLI_000984,2020-07-29,2020-11-06,38.332669,-0.494022,Alicante
CNT_000985,CLI_000985,2019-05-31,2020-03-25,38.693017,-0.483412,Alcoy
CNT_000986,CLI_000986,2019-11-26,2020-11-24,38.270748,-0.703461,Elche
CNT_000987,CLI_000987,2023-07-19,2025-03-24,38.518713,-0.123041,Benidorm
CNT_000988,CLI_000988,2017-05-17,2018-04-19,38.262348,-0.68625,Elche
CNT_000989,CLI_000989,2023-04-06,2024-07-05,38.372614,-0.498638,Alicante
CNT_000990,CLI_000990,2022-08-01,2023-03-17,38.370005,-0.535452,San Vicente del Raspeig
CNT_000991,CLI_000991,2015-06-07,2015-09-20,38.414714,-0.517417,San Vicente del Raspeig
CNT_000992,CLI_000992,2015-11-24,2017-10-11,38.547668,-0.139968,Benidorm
CNT_000993,CLI_000993,2023-08-15,2025-02-19,38.333706,-0.479502,Alicante
CNT_000994,CLI_000994,2022-08-14,2024-06-14,37.988481,-0.679972,Torrevieja
CNT_000995,CLI_000995,2022-05-04,2023-01-18,38.265569,-0.691435,Elche
CNT_000996,CLI_000996,2019-01-17,2019-05-11,38.37595,-0.459543,Alicante
CNT_000997,CLI_000997,2024-04-04,2024-10-12,38.493727,-0.78263,Petrer
CNT_000998,CLI_000998,2021-07-02,2022-09-01,38.310198,-0.528779,Alicante
CNT_000999,CLI_000999,2021-12-30,2023-02-03,38.644047,-0.873009,Villena
CNT_001000,CLI_001000,2017-05-19,2019-01-01,38.260976,-0.658666,Elche
CNT_001001,CLI_001001,2018-02-04,2018-10-06,38.347271,-0.430446,Alicante
CNT_001002,CLI_001002,2015-08-29,2015-09-28,37.965593,-0.649239,Torrevieja
CNT_001003,CLI_001003,2021-10-18,2022-11-28,38.499678,-0.794116,Elda
CNT_001004,CLI_001004,2023-06-27,2024-09-10,38.710881,-0.494785,Alcoy
CNT_001005,CLI_001005,2022-07-14,2024-05-08,38.387423,-0.553416,San Vicente del Raspeig
CNT_001006,CLI_001006,2024-02-03,2024-09-19,38.058108,-0.956781,Orihuela
CNT_001007,CLI_001007,2018-10-19,2019-05-19,38.529572,-0.133677,Benidorm
CNT_001008,CLI_001008,2019-10-15,2020-12-27,38.483914,-0.776192,Elda
CNT_001009,CLI_001009,2019-04-06,2020-06-06,38.351205,-0.459305,Alicante
CNT_001010,CLI_001010,2024-09-13,2025-05-16,38.293069,-0.693297,Elche
CNT_001011,CLI_001011,2019-08-18,2020-08-30,38.364948,-0.503246,Alicante
CNT_001012,CLI_001012,2019-04-12,2020-12-11,38.410126,-0.447147,Sant Joan d'Alacant
CNT_001013,CLI_001013,2022-03-21,2023-12-04,38.487169,-0.767459,Petrer
CNT_001014,CLI_001014,2016-02-17,2017-12-31,38.310468,-0.463574,Alicante
CNT_001015,CLI_001015,2020-05-12,2020-07-21,38.531852,-0.126597,Benidorm
CNT_001016,CLI_001016,2016-07-22,2016-08-23,38.494501,-0.780346,Petrer
CNT_001017,CLI_001017,2019-07-13,2019-11-13,38.343912,-0.464733,Alicante
CNT_001018,CLI_001018,2023-11-11,2024-02-07,37.987756,-0.674534,Torrevieja
CNT_001019,CLI_001019,2023-04-25,2024-07-04,38.835919,0.08964,Denia
CNT_001020,CLI_001020,2019-05-19,2019-07-05,38.319455,-0.500608,Alicante
CNT_001021,CLI_001021,2023-07-17,2024-12-21,38.53272,-0.123038,Benidorm
CNT_001022,CLI_001022,2021-12-06,2023-05-27,38.352926,-0.486863,Alicante
CNT_001023,CLI_001023,2023-11-04,2025-07-11,38.477343,-0.754109,Petrer
CNT_001024,CLI_001024,2022-06-08,2023-06-04,38.634171,-0.860186,Villena
CNT_001025,CLI_001025,2015-05-31,2015-12-15,38.474505,-0.774866,Petrer
CNT_001026,CLI_001026,2021-03-22,2023-02-21,38.290123,-0.698525,Elche
CNT_001027,CLI_001027,2018-07-07,2020-06-16,38.475167,-0.791039,Elda
CNT_001028,CLI_001028,2024-06-20,2025-02-10,38.496133,-0.800541,Elda
CNT_001029,CLI_001029,2015-09-13,2017-03-16,38.299132,-0.718377,Elche
CNT_001030,CLI_001030,2020-10-09,2022-03-27,38.395327,-0.516883,San Vicente del Raspeig
CNT_001031,CLI_001031,2019-12-01,2020-12-10,38.319989,-0.459868,Alicante
CNT_001032,CLI_001032,2021-09-09,2022-08-08,38.043082,-0.932424,Orihuela
CNT_001033,CLI_001033,2018-11-21,2019-04-14,38.308399,-0.443117,Alicante
CNT_001034,CLI_001034,2018-03-31,2020-02-22,38.310854,-0.494544,Alicante
CNT_001035,CLI_001035,2021-08-24,2021-12-18,38.379662,-0.439143,Alicante
CNT_001036,CLI_001036,2024-08-15,2024-12-17,38.53559,-0.142111,Benidorm
CNT_001037,CLI_001037,2015-12-15,2017-03-16,38.274071,-0.720579,Elche
CNT_001038,CLI_001038,2020-09-09,2022-01-01,38.507555,-0.15242,Benidorm
CNT_001039,CLI_001039,2020-10-19,2022-08-05,38.315251,-0.492145,Alicante
CNT_001040,CLI_001040,2016-02-01,2017-08-24,38.285016,-0.709382,Elche
CNT_001041,CLI_001041,2024-08-10,2024-09-10,37.983862,-0.672733,Torrevieja
CNT_001042,CLI_001042,2020-08-11,2020-11-26,38.394534,-0.522373,San Vicente del Raspeig
CNT_001043,CLI_001043,2023-02-24,2024-02-12,38.277927,-0.724545,Elche
CNT_001044,CLI_001044,2022-02-22,2022-06-29,38.117516,-0.952355,Orihuela
CNT_001045,CLI_001045,2018-03-04,2019-12-22,38.837384,0.100128,Denia
CNT_001046,CLI_001046,2015-05-26,2015-10-12,38.086187,-0.98002,Orihuela
CNT_001047,CLI_001047,2021-02-04,2023-01-13,38.350015,-0.505524,Alicante
CNT_001048,CLI_001048,2015-09-21,2017-01-19,38.405003,-0.50027,Alicante
CNT_001049,CLI_001049,2018-08-27,2020-01-26,38.453508,-0.774596,Elda
CNT_001050,CLI_001050,2015-07-23,2016-08-26,38.362281,-0.476214,Alicante
CNT_001051,CLI_001051,2020-01-09,2021-01-09,38.477322,-0.783854,Elda
CNT_001052,CLI_001052,2022-07-09,2024-03-28,37.988902,-0.709175,Torrevieja
CNT_001053,CLI_001053,2023-06-29,2023-08-19,38.477326,-0.758058,Petrer
CNT_001054,CLI_001054,2020-10-07,2021-09-06,38.395712,-0.509687,San Vicente del Raspeig
CNT_001055,CLI_001055,2023-06-08,2024-04-04,38.407803,-0.456485,Sant Joan d'Alacant
CNT_001056,CLI_001056,2017-09-14,2019-02-15,38.333984,-0.713817,Elche
CNT_001057,CLI_001057,2018-09-09,2019-12-28,38.708096,-0.467451,Alcoy
CNT_001058,CLI_001058,2021-01-23,2021-11-26,38.246843,-0.684123,Elche
CNT_001059,CLI_001059,2018-09-22,2020-08-02,38.256177,-0.713227,Elche
CNT_001060,CLI_001060,2023-02-02,2024-03-14,38.075732,-0.95061,Orihuela
CNT_001061,CLI_001061,2024-06-12,2025-02-28,38.457152,-0.798969,Elda
CNT_001062,CLI_001062,2023-01-24,2024-10-06,38.398429,-0.437506,Sant Joan d'Alacant
CNT_001063,CLI_001063,2022-10-09,2024-01-07,38.707194,-0.459034,Alcoy
CNT_001064,CLI_001064,2019-09-23,2019-12-16,38.237467,-0.715263,Elche
CNT_001065,CLI_001065,2021-04-08,2022-07-22,38.288567,-0.676282,Elche
CNT_001066,CLI_001066,2020-06-03,2020-08-05,38.704253,-0.48278,Alcoy
CNT_001067,CLI_001067,2019-08-17,2020-08-09,38.326844,-0.502191,Alicante
CNT_001068,CLI_001068,2017-06-26,2018-10-22,38.341662,-0.460535,Alicante
CNT_001069,CLI_001069,2018-03-29,2019-05-20,38.300663,-0.678017,Elche
CNT_001070,CLI_001070,2022-09-25,2023-12-28,38.363539,-0.459715,Alicante
CNT_001071,CLI_001071,2018-06-12,2019-10-30,38.34542,-0.513895,Alicante
CNT_001072,CLI_001072,2019-01-16,2019-06-19,38.339258,-0.492649,Alicante
CNT_001073,CLI_001073,2015-07-18,2017-01-20,38.347115,-0.460425,Alicante
CNT_001074,CLI_001074,2019-02-09,2020-07-04,38.332406,-0.479961,Alicante
CNT_001075,CLI_001075,2017-11-22,2018-11-03,38.382457,-0.448163,Sant Joan d'Alacant
CNT_001076,CLI_001076,2021-09-21,2022-02-19,38.310428,-0.688217,Elche
CNT_001077,CLI_001077,2018-01-17,2019-08-16,38.268917,-0.714026,Elche
CNT_001078,CLI_001078,2021-03-18,2022-11-18,38.538978,-0.109766,Benidorm
CNT_001079,CLI_001079,2023-08-07,2024-07-14,38.343752,-0.442379,Alicante
CNT_001080,CLI_001080,2024-03-19,2025-08-17,38.628179,-0.858951,Villena
CNT_001081,CLI_001081,2018-06-14,2020-04-24,38.394069,-0.508968,San Vicente del Raspeig
CNT_001082,CLI_001082,2018-03-29,2018-05-09,38.305215,-0.47938,Alicante
CNT_001083,CLI_001083,2020-01-30,2020-07-02,38.315596,-0.68146,Elche
CNT_001084,CLI_001084,2022-11-27,2024-10-15,38.822182,0.127866,Denia
CNT_001085,CLI_001085,2022-10-06,2023-01-20,38.47358,-0.767545,Petrer
CNT_001086,CLI_001086,2018-08-06,2020-04-06,38.255814,-0.703914,Elche
CNT_001087,CLI_001087,2020-03-17,2020-12-07,38.110562,-0.978592,Orihuela
CNT_001088,CLI_001088,2022-02-14,2023-10-07,38.345563,-0.483078,Alicante
CNT_001089,CLI_001089,2016-07-31,2017-05-10,38.390275,-0.431089,Sant Joan d'Alacant
CNT_001090,CLI_001090,2022-01-24,2023-04-04,38.376558,-0.457359,Alicante
CNT_001091,CLI_001091,2015-12-01,2016-08-29,38.49121,-0.764956,Petrer
CNT_001092,CLI_001092,2017-10-17,2019-02-19,38.095569,-0.955326,Orihuela
CNT_001093,CLI_001093,2024-10-13,2025-08-15,38.099115,-0.984036,Orihuela
CNT_001094,CLI_001094,2021-04-12,2022-08-23,38.318176,-0.709195,Elche
CNT_001095,CLI_001095,2018-09-08,2019-05-15,38.399827,-0.488609,Alicante
CNT_001096,CLI_001096,2020-05-16,2021-01-25,38.328032,-0.488823,Alicante
CNT_001097,CLI_001097,2016-09-02,2017-01-10,38.385797,-0.465536,Alicante
CNT_001098,CLI_001098,2015-11-25,2017-09-18,38.354779,-0.431358,Alicante
CNT_001099,CLI_001099,2016-06-30,2017-12-18,38.402289,-0.523818,San Vicente del Raspeig
CNT_001100,CLI_001100,2015-12-05,2017-08-12,38.22827,-0.703068,Elche
CNT_001101,CLI_001101,2023-11-17,2024-11-11,38.34094,-0.487481,Alicante
CNT_001102,CLI_001102,2023-09-17,2024-06-09,38.627246,-0.864707,Villena
CNT_001103,CLI_001103,2023-04-30,2024-05-02,38.853121,0.093276,Denia
CNT_001104,CLI_001104,2017-03-17,2018-09-03,38.494611,-0.768798,Petrer
CNT_001105,CLI_001105,2017-10-30,2018-05-12,38.38273,-0.434443,Sant Joan d'Alacant
CNT_001106,CLI_001106,2023-12-18,2025-11-15,38.344649,-0.475758,Alicante
CNT_001107,CLI_001107,2024-02-11,2024-10-15,38.290181,-0.688234,Elche
CNT_001108,CLI_001108,2024-02-16,2025-03-27,38.69616,-0.468195,Alcoy
CNT_001109,CLI_001109,2022-07-03,2022-08-13,38.542949,-0.152563,Benidorm
CNT_001110,CLI_001110,2016-03-05,2017-06-09,38.353979,-0.465078,Alicante
CNT_001111,CLI_001111,2019-03-11,2019-07-01,38.4004,-0.533352,San Vicente del Raspeig
CNT_001112,CLI_001112,2023-08-04,2024-11-06,38.338417,-0.508396,Alicante
CNT_001113,CLI_001113,2017-03-16,2018-12-30,38.314785,-0.508611,Alicante
CNT_001114,CLI_001114,2019-08-24,2021-01-12,37.958512,-0.674396,Torrevieja
CNT_001115,CLI_001115,2024-12-29,2026-01-31,38.098987,-0.948951,Orihuela
CNT_001116,CLI_001116,2022-04-13,2024-02-24,37.97905,-0.712475,Torrevieja
CNT_001117,CLI_001117,2019-06-01,2021-03-27,38.341737,-0.469049,Alicante
CNT_001118,CLI_001118,2020-09-13,2021-03-02,38.473613,-0.809075,Elda
CNT_001119,CLI_001119,2020-06-21,2022-04-08,38.33757,-0.477504,Alicante
CNT_001120,CLI_001120,2016-07-10,2017-11-07,38.371373,-0.475038,Alicante
CNT_001121,CLI_001121,2019-08-13,2021-01-25,38.835671,0.118984,Denia
CNT_001122,CLI_001122,2016-05-05,2017-07-11,38.620907,-0.84482,Villena
CNT_001123,CLI_001123,2019-05-23,2020-04-04,38.487624,-0.808176,Elda
CNT_001124,CLI_001124,2015-09-11,2016-09-29,38.393841,-0.52593,San Vicente del Raspeig
CNT_001125,CLI_001125,2015-01-17,2016-01-24,38.085428,-0.950027,Orihuela
CNT_001126,CLI_001126,2015-09-18,2016-03-14,38.007636,-0.674393,Torrevieja
CNT_001127,CLI_001127,2020-01-23,2020-09-18,38.344686,-0.475608,Alicante
CNT_001128,CLI_001128,2018-07-03,2018-11-21,38.271862,-0.706056,Elche
CNT_001129,CLI_001129,2022-08-07,2024-06-20,38.239564,-0.708,Elche
CNT_001130,CLI_001130,2020-03-01,2021-09-17,38.339708,-0.508911,Alicante
CNT_001131,CLI_001131,2018-12-18,2019-03-06,38.541514,-0.119446,Benidorm
CNT_001132,CLI_001132,2016-05-15,2017-05-10,38.231282,-0.688198,Elche
CNT_001133,CLI_001133,2017-10-12,2018-11-10,38.350221,-0.458056,Alicante
CNT_001134,CLI_001134,2021-05-22,2021-07-01,38.34772,-0.48876,Alicante
CNT_001135,CLI_001135,2020-08-16,2021-03-21,38.534695,-0.139182,Benidorm
CNT_001136,CLI_001136,2024-10-08,2026-03-30,38.371129,-0.507958,Alicante
CNT_001137,CLI_001137,2018-05-07,2020-01-06,38.482713,-0.787493,Elda
CNT_001138,CLI_001138,2022-05-30,2023-09-16,38.298018,-0.721175,Elche
CNT_001139,CLI_001139,2023-03-04,2023-07-01,38.243641,-0.657629,Elche
CNT_001140,CLI_001140,2020-08-01,2022-05-14,38.087518,-0.970653,Orihuela
CNT_001141,CLI_001141,2024-07-21,2026-05-25,38.397314,-0.522016,San Vicente del Raspeig
CNT_001142,CLI_001142,2019-08-13,2020-12-02,38.241976,-0.663829,Elche
CNT_001143,CLI_001143,2020-09-30,2020-11-30,38.545676,-0.124111,Benidorm
CNT_001144,CLI_001144,2021-04-09,2022-03-31,38.020544,-0.679038,Torrevieja
CNT_001145,CLI_001145,2018-05-27,2018-09-07,38.344775,-0.505212,Alicante
CNT_001146,CLI_001146,2022-01-09,2022-10-16,38.848275,0.084973,Denia
CNT_001147,CLI_001147,2023-04-06,2024-07-28,38.397314,-0.516059,San Vicente del Raspeig
CNT_001148,CLI_001148,2015-04-19,2016-05-07,38.070528,-0.914377,Orihuela
CNT_001149,CLI_001149,2024-05-15,2025-11-28,38.456851,-0.797066,Elda
CNT_001150,CLI_001150,2017-07-09,2018-05-30,38.470231,-0.805469,Elda
CNT_001151,CLI_001151,2015-03-07,2016-01-28,38.517496,-0.160798,Benidorm
CNT_001152,CLI_001152,2023-06-09,2024-05-31,38.499149,-0.803569,Elda
CNT_001153,CLI_001153,2015-07-21,2016-06-16,38.532819,-0.132664,Benidorm
CNT_001154,CLI_001154,2019-12-23,2021-06-16,38.530049,-0.112111,Benidorm
CNT_001155,CLI_001155,2023-01-27,2024-01-29,38.102583,-0.931037,Orihuela
CNT_001156,CLI_001156,2015-08-02,2017-04-07,38.684939,-0.469739,Alcoy
CNT_001157,CLI_001157,2020-10-16,2021-11-23,38.326028,-0.491003,Alicante
CNT_001158,CLI_001158,2022-09-07,2024-04-11,38.841721,0.096953,Denia
CNT_001159,CLI_001159,2022-12-23,2023-04-25,38.491045,-0.774932,Elda
CNT_001160,CLI_001160,2015-11-23,2016-05-02,38.357742,-0.475982,Alicante
CNT_001161,CLI_001161,2017-12-09,2019-09-10,38.39928,-0.550531,San Vicente del Raspeig
CNT_001162,CLI_001162,2017-11-06,2018-01-27,38.347153,-0.497838,Alicante
CNT_001163,CLI_001163,2016-06-06,2017-11-13,38.274305,-0.717181,Elche
CNT_001164,CLI_001164,2024-03-31,2024-12-14,38.70082,-0.479955,Alcoy
CNT_001165,CLI_001165,2024-06-25,2026-04-25,38.319451,-0.466927,Alicante
CNT_001166,CLI_001166,2017-09-14,2018-05-13,38.396853,-0.526589,San Vicente del Raspeig
CNT_001167,CLI_001167,2023-10-01,2025-03-17,38.465816,-0.792722,Elda
CNT_001168,CLI_001168,2017-09-30,2019-03-08,38.267284,-0.669404,Elche
CNT_001169,CLI_001169,2016-05-18,2018-04-18,38.333184,-0.498412,Alicante
CNT_001170,CLI_001170,2018-06-02,2019-02-19,38.408685,-0.434395,Alicante
CNT_001171,CLI_001171,2017-01-25,2017-05-05,38.084002,-0.957926,Orihuela
CNT_001172,CLI_001172,2018-09-03,2019-04-09,38.388762,-0.437697,Sant Joan d'Alacant
CNT_001173,CLI_001173,2021-11-25,2023-10-18,38.082116,-0.950124,Orihuela
CNT_001174,CLI_001174,2020-02-11,2020-03-19,38.358184,-0.477915,Alicante
CNT_001175,CLI_001175,2020-03-29,2021-03-25,38.118267,-0.935608,Orihuela
CNT_001176,CLI_001176,2022-12-15,2024-09-16,37.96809,-0.674391,Torrevieja
CNT_001177,CLI_001177,2022-02-01,2022-03-18,38.377311,-0.534337,San Vicente del Raspeig
CNT_001178,CLI_001178,2018-10-13,2020-09-07,38.365621,-0.509073,Alicante
CNT_001179,CLI_001179,2019-02-15,2021-01-13,38.681833,-0.443362,Alcoy
CNT_001180,CLI_001180,2022-12-26,2023-04-27,37.970849,-0.690912,Torrevieja
CNT_001181,CLI_001181,2023-01-04,2023-10-22,38.633909,-0.857809,Villena
CNT_001182,CLI_001182,2023-03-07,2024-10-05,38.263968,-0.733668,Elche
CNT_001183,CLI_001183,2023-01-03,2023-07-12,38.098583,-0.950092,Orihuela
CNT_001184,CLI_001184,2018-12-23,2020-01-07,38.477064,-0.771272,Petrer
CNT_001185,CLI_001185,2022-10-15,2023-05-06,38.338357,-0.46918,Alicante
CNT_001186,CLI_001186,2019-03-01,2020-02-10,38.483757,-0.797225,Petrer
CNT_001187,CLI_001187,2021-11-24,2022-01-10,38.535995,-0.129306,Benidorm
CNT_001188,CLI_001188,2019-05-14,2020-10-10,38.347646,-0.509744,Alicante
CNT_001189,CLI_001189,2022-11-25,2023-12-26,38.3561,-0.472891,Alicante
CNT_001190,CLI_001190,2020-03-02,2021-03-17,38.544326,-0.143736,Benidorm
CNT_001191,CLI_001191,2018-08-16,2020-02-24,38.355016,-0.502387,Alicante
CNT_001192,CLI_001192,2020-11-01,2022-02-08,37.986865,-0.687125,Torrevieja
CNT_001193,CLI_001193,2021-08-21,2022-06-16,38.230691,-0.721451,Elche
CNT_001194,CLI_001194,2024-04-07,2024-07-13,38.085805,-0.954011,Orihuela
CNT_001195,CLI_001195,2019-07-11,2019-09-08,38.357188,-0.510834,Alicante
CNT_001196,CLI_001196,2018-09-05,2019-08-16,38.487447,-0.813798,Elda
CNT_001197,CLI_001197,2021-03-01,2021-09-10,38.628692,-0.853985,Villena
CNT_001198,CLI_001198,2018-10-10,2019-09-24,38.629092,-0.881753,Villena
CNT_001199,CLI_001199,2017-10-05,2017-11-17,38.691511,-0.475544,Alcoy
CNT_001200,CLI_001200,2018-08-10,2019-06-14,38.35861,-0.462178,Alicante
CNT_001201,CLI_001201,2021-12-26,2023-04-01,38.710807,-0.480779,Alcoy
CNT_001202,CLI_001202,2023-10-22,2025-09-18,38.335013,-0.501629,Alicante
CNT_001203,CLI_001203,2016-06-22,2018-04-16,38.367899,-0.475344,Alicante
CNT_001204,CLI_001204,2015-01-17,2015-11-05,38.268217,-0.673705,Elche
CNT_001205,CLI_001205,2016-07-28,2018-07-09,38.262766,-0.724025,Elche
CNT_001206,CLI_001206,2019-12-08,2021-06-11,38.695863,-0.475202,Alcoy
CNT_001207,CLI_001207,2022-03-08,2022-09-25,38.543159,-0.15209,Benidorm
CNT_001208,CLI_001208,2023-05-21,2024-06-11,38.272663,-0.70695,Elche
CNT_001209,CLI_001209,2017-11-28,2018-01-09,38.402096,-0.480145,Alicante
CNT_001210,CLI_001210,2015-05-10,2017-04-11,38.39373,-0.446192,Sant Joan d'Alacant
CNT_001211,CLI_001211,2020-12-02,2021-08-20,38.276898,-0.708354,Elche
CNT_001212,CLI_001212,2019-01-13,2020-06-01,38.253858,-0.729281,Elche
CNT_001213,CLI_001213,2017-08-07,2018-12-20,38.323468,-0.479073,Alicante
CNT_001214,CLI_001214,2017-12-04,2018-06-11,38.39617,-0.512632,San Vicente del Raspeig
CNT_001215,CLI_001215,2015-08-04,2017-06-02,38.535848,-0.144466,Benidorm
CNT_001216,CLI_001216,2019-06-12,2021-01-21,38.418154,-0.496567,Alicante
CNT_001217,CLI_001217,2022-12-05,2023-09-21,38.340596,-0.468436,Alicante
CNT_001218,CLI_001218,2018-12-09,2020-08-02,38.520638,-0.116755,Benidorm
CNT_001219,CLI_001219,2022-06-29,2024-04-22,38.09026,-0.974364,Orihuela
CNT_001220,CLI_001220,2017-09-29,2019-06-22,38.293334,-0.48522,Alicante
CNT_001221,CLI_001221,2021-05-01,2022-05-24,38.635897,-0.862802,Villena
CNT_001222,CLI_001222,2020-04-30,2021-02-08,38.345601,-0.483551,Alicante
CNT_001223,CLI_001223,2019-01-03,2020-09-25,38.282981,-0.752789,Elche
CNT_001224,CLI_001224,2016-09-08,2018-03-06,38.493636,-0.764989,Petrer
CNT_001225,CLI_001225,2024-06-14,2025-04-19,38.254421,-0.664875,Elche
CNT_001226,CLI_001226,2020-02-13,2020-07-08,38.081788,-0.942167,Orihuela
CNT_001227,CLI_001227,2015-10-28,2017-07-28,38.248645,-0.720984,Elche
CNT_001228,CLI_001228,2017-09-11,2018-03-21,38.316998,-0.493828,Alicante
CNT_001229,CLI_001229,2018-04-09,2019-03-02,38.404189,-0.422571,Sant Joan d'Alacant
CNT_001230,CLI_001230,2016-02-10,2017-01-01,38.237481,-0.678281,Elche
CNT_001231,CLI_001231,2024-05-19,2026-02-01,38.834481,0.1153,Denia
CNT_001232,CLI_001232,2015-06-10,2016-07-01,38.320321,-0.47209,Alicante
CNT_001233,CLI_001233,2019-12-24,2021-11-12,38.358942,-0.497528,Alicante
CNT_001234,CLI_001234,2019-04-25,2020-10-23,38.390236,-0.486014,Alicante
CNT_001235,CLI_001235,2015-01-26,2016-03-08,38.058768,-0.946058,Orihuela
CNT_001236,CLI_001236,2015-03-24,2016-06-21,38.224734,-0.686209,Elche
CNT_001237,CLI_001237,2015-06-22,2017-01-08,38.477201,-0.773693,Elda
CNT_001238,CLI_001238,2017-09-25,2019-04-30,38.265845,-0.673697,Elche
CNT_001239,CLI_001239,2019-09-05,2020-03-21,38.639624,-0.883233,Villena
CNT_001240,CLI_001240,2022-10-12,2024-04-08,38.334042,-0.4754,Alicante
CNT_001241,CLI_001241,2023-08-08,2024-09-04,38.476292,-0.782959,Elda
CNT_001242,CLI_001242,2022-11-22,2024-11-03,38.70281,-0.465974,Alcoy
CNT_001243,CLI_001243,2015-01-06,2016-04-09,38.710885,-0.480951,Alcoy
CNT_001244,CLI_001244,2022-10-14,2024-06-03,38.455239,-0.756831,Elda
CNT_001245,CLI_001245,2023-12-11,2024-04-01,38.693973,-0.488725,Alcoy
CNT_001246,CLI_001246,2016-06-08,2017-06-02,38.089076,-0.966164,Orihuela
CNT_001247,CLI_001247,2020-10-11,2022-10-01,38.322251,-0.47516,Alicante
CNT_001248,CLI_001248,2023-06-12,2023-11-21,38.388479,-0.42808,Alicante
CNT_001249,CLI_001249,2020-08-07,2022-04-26,38.477546,-0.778362,Petrer
CNT_001250,CLI_001250,2017-01-30,2018-05-31,38.083974,-0.949817,Orihuela
CNT_001251,CLI_001251,2015-07-24,2016-08-09,38.402972,-0.512372,San Vicente del Raspeig
CNT_001252,CLI_001252,2017-06-15,2018-06-23,38.252492,-0.698693,Elche
CNT_001253,CLI_001253,2019-11-24,2020-03-26,38.299036,-0.489365,Alicante
CNT_001254,CLI_001254,2020-09-18,2021-11-03,38.334484,-0.466859,Alicante
CNT_001255,CLI_001255,2018-04-03,2019-02-21,38.546553,-0.12803,Benidorm
CNT_001256,CLI_001256,2023-06-30,2024-02-12,38.258088,-0.67563,Elche
CNT_001257,CLI_001257,2020-07-28,2020-11-13,38.324039,-0.448713,Alicante
CNT_001258,CLI_001258,2019-04-02,2021-03-09,38.285865,-0.691546,Elche
CNT_001259,CLI_001259,2017-05-26,2018-12-27,38.336931,-0.473707,Alicante
CNT_001260,CLI_001260,2017-04-04,2017-12-03,37.969517,-0.678346,Torrevieja
CNT_001261,CLI_001261,2023-02-04,2024-12-07,38.348936,-0.468772,Alicante
CNT_001262,CLI_001262,2021-09-11,2023-08-10,38.405549,-0.524638,San Vicente del Raspeig
CNT_001263,CLI_001263,2019-01-22,2019-07-29,38.317898,-0.698313,Elche
CNT_001264,CLI_001264,2019-12-22,2021-07-30,38.283699,-0.671974,Elche
CNT_001265,CLI_001265,2024-01-08,2024-08-25,38.374196,-0.443097,Alicante
CNT_001266,CLI_001266,2022-05-05,2022-06-25,38.332551,-0.518689,Alicante
CNT_001267,CLI_001267,2018-01-06,2019-01-09,38.242931,-0.69808,Elche
CNT_001268,CLI_001268,2017-04-18,2018-01-14,38.266871,-0.713451,Elche
CNT_001269,CLI_001269,2016-08-22,2017-05-16,38.086943,-0.950719,Orihuela
CNT_001270,CLI_001270,2022-04-26,2022-10-21,38.318237,-0.470937,Alicante
CNT_001271,CLI_001271,2020-05-15,2022-01-13,38.532096,-0.123267,Benidorm
CNT_001272,CLI_001272,2017-07-26,2017-08-31,38.483492,-0.793146,Elda
CNT_001273,CLI_001273,2023-01-10,2023-09-29,38.400625,-0.54826,San Vicente del Raspeig
CNT_001274,CLI_001274,2024-07-31,2026-03-31,38.357807,-0.505126,Alicante
CNT_001275,CLI_001275,2016-02-29,2016-06-14,38.271901,-0.678577,Elche
CNT_001276,CLI_001276,2021-08-31,2023-01-31,38.332525,-0.549511,Alicante
CNT_001277,CLI_001277,2024-01-24,2024-05-19,38.332352,-0.451314,Alicante
CNT_001278,CLI_001278,2023-05-10,2024-01-16,38.390609,-0.433809,Sant Joan d'Alacant
CNT_001279,CLI_001279,2022-12-15,2024-03-01,38.389819,-0.448096,Alicante
CNT_001280,CLI_001280,2022-04-24,2023-12-28,38.265796,-0.702669,Elche
CNT_001281,CLI_001281,2020-11-07,2021-06-26,38.080303,-0.985728,Orihuela
CNT_001282,CLI_001282,2021-08-29,2023-04-21,38.523054,-0.126136,Benidorm
CNT_001283,CLI_001283,2023-10-16,2024-08-16,38.031542,-0.659256,Torrevieja
CNT_001284,CLI_001284,2017-09-23,2018-05-31,38.318367,-0.457882,Alicante
CNT_001285,CLI_001285,2022-05-18,2022-11-20,38.256065,-0.712879,Elche
CNT_001286,CLI_001286,2024-11-04,2025-06-02,37.986185,-0.680638,Torrevieja
CNT_001287,CLI_001287,2018-06-21,2018-11-26,38.360205,-0.494321,Alicante
CNT_001288,CLI_001288,2024-10-16,2025-07-15,38.286575,-0.716324,Elche
CNT_001289,CLI_001289,2016-02-26,2016-09-14,38.39039,-0.457115,Alicante
CNT_001290,CLI_001290,2018-04-20,2019-10-04,38.357854,-0.510938,Alicante
CNT_001291,CLI_001291,2023-12-11,2025-05-03,38.242267,-0.717964,Elche
CNT_001292,CLI_001292,2022-12-31,2023-10-26,38.338776,-0.508601,Alicante
CNT_001293,CLI_001293,2019-07-16,2020-10-08,37.984241,-0.709024,Torrevieja
CNT_001294,CLI_001294,2020-10-01,2021-04-11,38.559019,-0.129543,Benidorm
CNT_001295,CLI_001295,2023-04-22,2023-06-14,38.379526,-0.511362,San Vicente del Raspeig
CNT_001296,CLI_001296,2017-10-10,2019-03-20,38.375264,-0.485622,Alicante
CNT_001297,CLI_001297,2016-11-15,2017-06-25,38.349698,-0.518644,Alicante
CNT_001298,CLI_001298,2021-02-04,2022-03-30,38.366146,-0.460001,Alicante
CNT_001299,CLI_001299,2015-10-20,2017-03-29,38.08276,-0.910786,Orihuela
CNT_001300,CLI_001300,2021-08-19,2022-01-24,38.524091,-0.139055,Benidorm
CNT_001301,CLI_001301,2023-07-28,2025-03-01,38.363972,-0.492964,Alicante
CNT_001302,CLI_001302,2017-12-13,2019-07-08,38.490444,-0.764843,Petrer
CNT_001303,CLI_001303,2024-01-30,2024-04-04,38.369501,-0.440453,Alicante
CNT_001304,CLI_001304,2023-10-26,2025-02-23,37.978461,-0.691557,Torrevieja
CNT_001305,CLI_001305,2022-10-14,2023-11-08,38.527002,-0.147289,Benidorm
CNT_001306,CLI_001306,2024-06-01,2025-01-31,38.459995,-0.784223,Elda
CNT_001307,CLI_001307,2015-01-16,2015-11-28,38.544032,-0.121711,Benidorm
CNT_001308,CLI_001308,2015-06-25,2016-07-27,38.401387,-0.525226,San Vicente del Raspeig
CNT_001309,CLI_001309,2019-04-13,2020-08-23,38.244253,-0.710579,Elche
CNT_001310,CLI_001310,2018-11-30,2019-07-03,38.389837,-0.513367,San Vicente del Raspeig
CNT_001311,CLI_001311,2019-01-30,2020-06-16,38.333531,-0.467799,Alicante
CNT_001312,CLI_001312,2020-03-18,2020-06-16,38.818455,0.094173,Denia
CNT_001313,CLI_001313,2015-05-09,2016-02-24,37.963982,-0.681316,Torrevieja
CNT_001314,CLI_001314,2024-01-08,2024-05-27,38.382694,-0.54152,San Vicente del Raspeig
CNT_001315,CLI_001315,2017-06-02,2017-11-19,38.256425,-0.68321,Elche
CNT_001316,CLI_001316,2018-06-21,2020-01-06,38.070026,-0.949745,Orihuela
CNT_001317,CLI_001317,2016-03-01,2016-06-17,37.949414,-0.690043,Torrevieja
CNT_001318,CLI_001318,2021-07-29,2023-01-03,38.722671,-0.473794,Alcoy
CNT_001319,CLI_001319,2017-01-19,2017-03-20,38.376514,-0.479992,Alicante
CNT_001320,CLI_001320,2017-01-13,2018-07-12,38.325725,-0.458627,Alicante
CNT_001321,CLI_001321,2024-04-20,2025-10-10,38.352011,-0.466223,Alicante
CNT_001322,CLI_001322,2017-10-23,2019-08-13,38.355637,-0.48491,Alicante
CNT_001323,CLI_001323,2016-04-23,2016-07-27,38.492993,-0.782636,Elda
CNT_001324,CLI_001324,2017-09-02,2019-02-23,38.324735,-0.470982,Alicante
CNT_001325,CLI_001325,2023-08-19,2024-09-22,38.650105,-0.871319,Villena
CNT_001326,CLI_001326,2015-02-13,2015-12-26,38.253446,-0.701044,Elche
CNT_001327,CLI_001327,2021-01-11,2021-08-04,38.311803,-0.484706,Alicante
CNT_001328,CLI_001328,2017-08-04,2018-01-03,38.40499,-0.519237,San Vicente del Raspeig
CNT_001329,CLI_001329,2019-04-09,2019-12-25,38.110615,-0.95184,Orihuela
CNT_001330,CLI_001330,2020-04-23,2021-11-28,38.322434,-0.706889,Elche
CNT_001331,CLI_001331,2023-02-23,2023-03-28,37.957105,-0.646762,Torrevieja
CNT_001332,CLI_001332,2015-04-09,2016-06-23,38.542587,-0.120023,Benidorm
CNT_001333,CLI_001333,2024-06-30,2025-04-05,38.334955,-0.500015,Alicante
CNT_001334,CLI_001334,2015-06-20,2017-05-05,38.40845,-0.433362,Sant Joan d'Alacant
CNT_001335,CLI_001335,2015-05-28,2016-10-25,38.619354,-0.86478,Villena
CNT_001336,CLI_001336,2020-12-10,2021-12-19,38.059545,-0.936669,Orihuela
CNT_001337,CLI_001337,2015-04-22,2016-04-18,38.325803,-0.477566,Alicante
CNT_001338,CLI_001338,2017-10-19,2019-02-13,38.535148,-0.117024,Benidorm
CNT_001339,CLI_001339,2023-05-18,2023-11-21,38.329173,-0.472359,Alicante
CNT_001340,CLI_001340,2023-10-07,2025-06-04,38.361676,-0.482552,Alicante
CNT_001341,CLI_001341,2015-03-09,2016-01-02,38.370872,-0.454945,Alicante
CNT_001342,CLI_001342,2017-04-07,2018-12-14,38.278691,-0.693168,Elche
CNT_001343,CLI_001343,2019-10-19,2021-01-08,38.498125,-0.790342,Elda
CNT_001344,CLI_001344,2023-01-18,2024-05-01,38.70339,-0.469632,Alcoy
CNT_001345,CLI_001345,2019-06-20,2019-08-17,38.683797,-0.474523,Alcoy
CNT_001346,CLI_001346,2024-11-25,2025-11-24,38.295494,-0.698097,Elche
CNT_001347,CLI_001347,2018-08-02,2019-04-26,38.252187,-0.711207,Elche
CNT_001348,CLI_001348,2023-06-04,2023-12-03,38.285529,-0.714826,Elche
CNT_001349,CLI_001349,2023-09-25,2025-06-21,38.415564,-0.447487,Sant Joan d'Alacant
CNT_001350,CLI_001350,2021-03-27,2021-08-18,38.356617,-0.5158,Alicante
CNT_001351,CLI_001351,2015-06-09,2016-08-10,38.460746,-0.802357,Elda
CNT_001352,CLI_001352,2024-03-19,2024-05-19,37.962172,-0.685337,Torrevieja
CNT_001353,CLI_001353,2019-11-20,2021-06-03,38.2946,-0.696031,Elche
CNT_001354,CLI_001354,2019-12-14,2020-03-05,38.532171,-0.134556,Benidorm
CNT_001355,CLI_001355,2021-02-11,2021-09-23,38.267251,-0.750125,Elche
CNT_001356,CLI_001356,2017-10-10,2018-09-09,38.487806,-0.772905,Elda
CNT_001357,CLI_001357,2017-05-26,2018-06-04,38.851145,0.121997,Denia
CNT_001358,CLI_001358,2016-07-05,2016-10-24,38.271634,-0.688493,Elche
CNT_001359,CLI_001359,2024-01-09,2024-02-08,38.339983,-0.433313,Alicante
CNT_001360,CLI_001360,2018-03-21,2018-10-03,38.078547,-0.964047,Orihuela
CNT_001361,CLI_001361,2018-03-09,2019-02-18,38.853568,0.134014,Denia
CNT_001362,CLI_001362,2018-10-22,2019-05-22,38.359039,-0.50513,Alicante
CNT_001363,CLI_001363,2018-02-25,2018-12-24,38.079654,-0.939725,Orihuela
CNT_001364,CLI_001364,2024-05-15,2026-04-13,38.106442,-0.969977,Orihuela
CNT_001365,CLI_001365,2021-01-03,2022-02-09,38.696852,-0.473224,Alcoy
CNT_001366,CLI_001366,2018-08-01,2019-08-27,38.323908,-0.471346,Alicante
CNT_001367,CLI_001367,2019-02-01,2019-09-19,38.525092,-0.133156,Benidorm
CNT_001368,CLI_001368,2018-05-26,2019-01-02,38.826019,0.116408,Denia
CNT_001369,CLI_001369,2016-03-11,2017-03-16,38.33839,-0.478525,Alicante
CNT_001370,CLI_001370,2017-01-01,2017-11-25,38.376043,-0.49406,Alicante
CNT_001371,CLI_001371,2018-03-14,2019-08-31,38.627339,-0.873002,Villena
CNT_001372,CLI_001372,2020-02-08,2021-10-17,38.349912,-0.460727,Alicante
CNT_001373,CLI_001373,2018-07-24,2019-01-09,38.47082,-0.799645,Elda
CNT_001374,CLI_001374,2019-11-13,2020-10-13,38.259773,-0.678161,Elche
CNT_001375,CLI_001375,2015-03-01,2015-10-12,38.307449,-0.450432,Alicante
CNT_001376,CLI_001376,2019-06-22,2019-09-20,38.476054,-0.811825,Elda
CNT_001377,CLI_001377,2022-11-30,2023-12-24,38.261238,-0.673376,Elche
CNT_001378,CLI_001378,2024-06-08,2025-05-10,38.277386,-0.652971,Elche
CNT_001379,CLI_001379,2021-09-17,2023-02-08,38.270412,-0.692756,Elche
CNT_001380,CLI_001380,2023-01-07,2024-01-04,38.060832,-0.932518,Orihuela
CNT_001381,CLI_001381,2018-02-11,2018-06-03,38.372305,-0.455075,Alicante
CNT_001382,CLI_001382,2019-02-27,2020-02-25,38.270127,-0.704361,Elche
CNT_001383,CLI_001383,2022-04-16,2023-10-14,38.639381,-0.864013,Villena
CNT_001384,CLI_001384,2015-12-02,2017-04-18,38.34497,-0.513855,Alicante
CNT_001385,CLI_001385,2017-04-10,2018-06-07,38.074445,-0.941727,Orihuela
CNT_001386,CLI_001386,2019-05-12,2021-01-30,38.270292,-0.687342,Elche
CNT_001387,CLI_001387,2015-10-12,2017-06-09,38.704107,-0.467206,Alcoy
CNT_001388,CLI_001388,2020-12-16,2022-01-29,38.301528,-0.454364,Alicante
CNT_001389,CLI_001389,2020-03-30,2020-05-19,38.630535,-0.875498,Villena
CNT_001390,CLI_001390,2020-06-24,2021-01-16,38.259891,-0.710017,Elche
CNT_001391,CLI_001391,2021-06-20,2022-07-17,38.351604,-0.433612,Alicante
CNT_001392,CLI_001392,2017-08-17,2017-10-07,38.375033,-0.484758,Alicante
CNT_001393,CLI_001393,2019-06-10,2021-01-07,38.325906,-0.475999,Alicante
CNT_001394,CLI_001394,2015-03-12,2015-12-16,37.969737,-0.683406,Torrevieja
CNT_001395,CLI_001395,2021-07-20,2023-06-10,38.254224,-0.716377,Elche
CNT_001396,CLI_001396,2018-01-26,2018-05-08,38.386682,-0.505818,San Vicente del Raspeig
CNT_001397,CLI_001397,2018-08-16,2018-12-14,38.257862,-0.709909,Elche
CNT_001398,CLI_001398,2021-02-01,2021-08-25,38.36447,-0.509182,Alicante
CNT_001399,CLI_001399,2017-06-02,2017-11-04,38.063723,-0.953515,Orihuela
CNT_001400,CLI_001400,2018-01-03,2018-08-24,38.539334,-0.15532,Benidorm
CNT_001401,CLI_001401,2015-05-23,2016-02-22,38.302652,-0.497282,Alicante
CNT_001402,CLI_001402,2023-02-26,2024-11-27,38.331167,-0.505203,Alicante
CNT_001403,CLI_001403,2017-11-12,2018-09-08,38.336963,-0.465564,Alicante
CNT_001404,CLI_001404,2021-02-06,2021-04-20,38.718498,-0.481481,Alcoy
CNT_001405,CLI_001405,2017-12-04,2019-09-03,38.530902,-0.120646,Benidorm
CNT_001406,CLI_001406,2024-09-10,2026-04-10,38.217073,-0.667533,Elche
CNT_001407,CLI_001407,2015-04-02,2015-10-16,38.454713,-0.782426,Elda
CNT_001408,CLI_001408,2024-02-23,2025-06-01,38.396708,-0.527885,San Vicente del Raspeig
CNT_001409,CLI_001409,2020-09-12,2020-11-10,37.989748,-0.67966,Torrevieja
CNT_001410,CLI_001410,2016-11-08,2018-07-27,38.483205,-0.8101,Elda
CNT_001411,CLI_001411,2024-05-28,2025-06-18,38.349389,-0.484344,Alicante
CNT_001412,CLI_001412,2023-10-10,2025-03-13,38.374256,-0.502511,Alicante
CNT_001413,CLI_001413,2022-09-07,2024-06-30,38.33171,-0.463642,Alicante
CNT_001414,CLI_001414,2016-01-17,2016-10-20,38.367573,-0.416681,Alicante
CNT_001415,CLI_001415,2019-08-31,2020-06-08,37.949324,-0.673203,Torrevieja
CNT_001416,CLI_001416,2017-08-23,2018-10-08,38.474851,-0.789911,Petrer
CNT_001417,CLI_001417,2024-03-02,2025-09-18,38.300024,-0.490031,Alicante
CNT_001418,CLI_001418,2018-03-25,2020-01-17,38.338329,-0.477938,Alicante
CNT_001419,CLI_001419,2021-08-31,2022-11-22,38.264482,-0.696378,Elche
CNT_001420,CLI_001420,2022-01-26,2022-06-27,38.485041,-0.777308,Petrer
CNT_001421,CLI_001421,2021-02-25,2022-01-14,38.266861,-0.692904,Elche
CNT_001422,CLI_001422,2021-05-11,2023-04-25,38.245094,-0.725635,Elche
CNT_001423,CLI_001423,2016-05-15,2016-11-03,38.340444,-0.504623,Alicante
CNT_001424,CLI_001424,2016-04-03,2017-09-25,38.307764,-0.464855,Alicante
CNT_001425,CLI_001425,2015-02-19,2017-01-29,38.413669,-0.447641,Sant Joan d'Alacant
CNT_001426,CLI_001426,2017-08-27,2017-11-21,38.633356,-0.859741,Villena
CNT_001427,CLI_001427,2017-09-14,2017-11-24,38.332978,-0.515237,Alicante
CNT_001428,CLI_001428,2016-06-15,2018-04-06,38.656067,-0.845022,Villena
CNT_001429,CLI_001429,2017-09-30,2018-02-27,38.059955,-0.959985,Orihuela
CNT_001430,CLI_001430,2022-04-29,2023-05-06,38.465193,-0.794484,Elda
CNT_001431,CLI_001431,2018-01-20,2019-01-16,38.241383,-0.691027,Elche
CNT_001432,CLI_001432,2019-01-19,2020-05-18,38.264007,-0.710738,Elche
CNT_001433,CLI_001433,2015-12-05,2017-03-15,38.274996,-0.695145,Elche
CNT_001434,CLI_001434,2023-07-22,2024-07-26,38.543076,-0.124396,Benidorm
CNT_001435,CLI_001435,2024-10-07,2025-10-12,38.4095,-0.456985,Alicante
CNT_001436,CLI_001436,2019-07-17,2020-10-04,38.288964,-0.461213,Alicante
CNT_001437,CLI_001437,2020-02-20,2020-09-18,38.278892,-0.70208,Elche
CNT_001438,CLI_001438,2020-02-17,2022-01-23,38.527514,-0.13306,Benidorm
CNT_001439,CLI_001439,2020-08-13,2021-06-02,38.33054,-0.422272,Alicante
CNT_001440,CLI_001440,2019-09-01,2020-04-27,38.526763,-0.119901,Benidorm
CNT_001441,CLI_001441,2015-10-08,2017-04-12,38.626095,-0.877262,Villena
CNT_001442,CLI_001442,2018-08-06,2019-03-05,38.387313,-0.4785,Alicante
CNT_001443,CLI_001443,2020-10-21,2022-02-06,38.544308,-0.135322,Benidorm
CNT_001444,CLI_001444,2018-03-06,2018-12-11,38.26601,-0.701277,Elche
CNT_001445,CLI_001445,2022-09-16,2023-03-02,38.494912,-0.806554,Elda
CNT_001446,CLI_001446,2017-08-28,2018-05-02,38.307387,-0.491298,Alicante
CNT_001447,CLI_001447,2017-09-24,2019-01-20,38.518232,-0.109561,Benidorm
CNT_001448,CLI_001448,2018-11-17,2019-03-13,38.452564,-0.784851,Elda
CNT_001449,CLI_001449,2015-07-27,2016-06-13,38.476906,-0.794912,Petrer
CNT_001450,CLI_001450,2015-09-17,2016-01-16,38.53614,-0.116699,Benidorm
CNT_001451,CLI_001451,2017-07-18,2018-03-12,38.267763,-0.674328,Elche
CNT_001452,CLI_001452,2015-09-20,2016-05-10,38.087787,-0.951686,Orihuela
CNT_001453,CLI_001453,2017-02-21,2017-09-24,38.461767,-0.783193,Elda
CNT_001454,CLI_001454,2016-05-19,2016-09-10,37.993157,-0.697669,Torrevieja
CNT_001455,CLI_001455,2019-04-23,2021-03-16,38.351191,-0.492756,Alicante
CNT_001456,CLI_001456,2015-07-22,2016-01-23,38.491231,-0.755015,Petrer
CNT_001457,CLI_001457,2019-10-26,2020-09-12,38.511487,-0.134561,Benidorm
CNT_001458,CLI_001458,2024-05-11,2025-11-24,38.537938,-0.153737,Benidorm
CNT_001459,CLI_001459,2020-07-06,2021-01-12,38.315506,-0.482583,Alicante
CNT_001460,CLI_001460,2020-09-30,2021-11-19,38.076854,-0.946072,Orihuela
CNT_001461,CLI_001461,2018-10-11,2020-03-08,38.277256,-0.671936,Elche
CNT_001462,CLI_001462,2024-10-30,2026-04-15,38.086622,-0.944213,Orihuela
CNT_001463,CLI_001463,2021-08-07,2022-02-08,38.323912,-0.49154,Alicante
CNT_001464,CLI_001464,2015-02-14,2015-08-05,38.084925,-0.923599,Orihuela
CNT_001465,CLI_001465,2022-11-14,2024-08-23,38.387616,-0.437413,Sant Joan d'Alacant
CNT_001466,CLI_001466,2018-11-02,2019-09-11,38.373957,-0.499751,Alicante
CNT_001467,CLI_001467,2017-02-27,2018-10-11,38.634537,-0.85234,Villena
CNT_001468,CLI_001468,2018-12-06,2019-02-08,38.290108,-0.694039,Elche
CNT_001469,CLI_001469,2022-09-19,2023-05-30,38.472382,-0.791765,Elda
CNT_001470,CLI_001470,2020-12-29,2022-11-26,38.390017,-0.523165,San Vicente del Raspeig
CNT_001471,CLI_001471,2024-02-12,2025-04-09,37.964945,-0.701472,Torrevieja
CNT_001472,CLI_001472,2022-10-15,2023-12-26,38.708914,-0.479732,Alcoy
CNT_001473,CLI_001473,2020-09-15,2021-11-06,38.830059,0.105754,Denia
CNT_001474,CLI_001474,2020-09-23,2021-08-15,38.279681,-0.702583,Elche
CNT_001475,CLI_001475,2023-02-15,2024-02-02,38.257086,-0.670307,Elche
CNT_001476,CLI_001476,2019-07-14,2020-12-12,38.510488,-0.128691,Benidorm
CNT_001477,CLI_001477,2017-12-05,2019-07-27,38.389456,-0.515041,San Vicente del Raspeig
CNT_001478,CLI_001478,2019-08-03,2019-10-10,38.684251,-0.473287,Alcoy
CNT_001479,CLI_001479,2022-02-25,2023-08-13,38.396707,-0.512625,San Vicente del Raspeig
CNT_001480,CLI_001480,2015-10-28,2017-04-12,38.239311,-0.689554,Elche
CNT_001481,CLI_001481,2015-10-15,2017-05-03,38.407412,-0.525139,San Vicente del Raspeig
CNT_001482,CLI_001482,2017-02-24,2018-02-04,38.342923,-0.481332,Alicante
CNT_001483,CLI_001483,2021-05-05,2022-10-12,37.975503,-0.69938,Torrevieja
CNT_001484,CLI_001484,2022-10-09,2023-03-04,38.361597,-0.468327,Alicante
CNT_001485,CLI_001485,2023-07-31,2024-08-05,38.286706,-0.699185,Elche
CNT_001486,CLI_001486,2024-12-16,2025-09-11,38.265058,-0.709344,Elche
CNT_001487,CLI_001487,2022-03-13,2024-02-27,38.248534,-0.673958,Elche
CNT_001488,CLI_001488,2018-06-19,2019-10-06,38.512912,-0.146303,Benidorm
CNT_001489,CLI_001489,2023-03-03,2024-07-31,38.250407,-0.707595,Elche
CNT_001490,CLI_001490,2019-12-11,2021-02-23,38.251921,-0.67569,Elche
CNT_001491,CLI_001491,2021-07-29,2023-05-12,38.347876,-0.473112,Alicante
CNT_001492,CLI_001492,2019-12-25,2020-11-16,38.257907,-0.699353,Elche
CNT_001493,CLI_001493,2023-04-04,2023-06-24,38.362398,-0.474725,Alicante
CNT_001494,CLI_001494,2015-03-12,2016-02-08,38.329875,-0.476515,Alicante
CNT_001495,CLI_001495,2017-04-14,2018-02-25,38.083659,-0.974833,Orihuela
CNT_001496,CLI_001496,2021-09-26,2023-08-20,38.548408,-0.135491,Benidorm
CNT_001497,CLI_001497,2016-09-03,2017-01-28,38.091637,-0.91217,Orihuela
CNT_001498,CLI_001498,2023-07-30,2024-10-25,38.264179,-0.712805,Elche
CNT_001499,CLI_001499,2022-04-16,2024-02-21,38.252257,-0.705303,Elche
CNT_001500,CLI_001500,2024-08-24,2025-04-19,38.471101,-0.798299,Elda
CNT_001501,CLI_001501,2018-11-17,2019-04-22,37.963389,-0.683766,Torrevieja
CNT_001502,CLI_001502,2022-01-20,2022-12-08,38.253598,-0.711129,Elche
CNT_001503,CLI_001503,2018-08-21,2020-02-20,38.364092,-0.468831,Alicante
CNT_001504,CLI_001504,2015-07-10,2016-03-17,38.260618,-0.693959,Elche
CNT_001505,CLI_001505,2019-10-14,2020-01-28,38.235805,-0.681282,Elche
CNT_001506,CLI_001506,2020-10-26,2021-10-28,38.3044,-0.721421,Elche
CNT_001507,CLI_001507,2019-05-01,2020-02-29,37.984459,-0.688326,Torrevieja
CNT_001508,CLI_001508,2019-06-17,2019-11-10,37.953375,-0.686263,Torrevieja
CNT_001509,CLI_001509,2017-06-07,2018-04-24,38.075963,-0.935387,Orihuela
CNT_001510,CLI_001510,2024-11-05,2025-09-01,38.699731,-0.482919,Alcoy
CNT_001511,CLI_001511,2024-03-26,2025-07-15,38.416755,-0.514312,San Vicente del Raspeig
CNT_001512,CLI_001512,2023-03-16,2023-09-18,38.520903,-0.117063,Benidorm
CNT_001513,CLI_001513,2015-01-17,2016-09-09,38.648712,-0.878066,Villena
CNT_001514,CLI_001514,2017-03-25,2017-10-24,38.380187,-0.493272,Alicante
CNT_001515,CLI_001515,2019-05-17,2020-08-12,38.329484,-0.494298,Alicante
CNT_001516,CLI_001516,2021-10-17,2023-09-02,38.338262,-0.41519,Alicante
CNT_001517,CLI_001517,2017-12-02,2019-11-04,38.064074,-0.953098,Orihuela
CNT_001518,CLI_001518,2023-08-06,2025-04-27,38.837648,0.130864,Denia
CNT_001519,CLI_001519,2024-06-13,2024-07-28,38.344285,-0.512666,Alicante
CNT_001520,CLI_001520,2021-03-09,2021-07-14,38.490496,-0.779897,Petrer
CNT_001521,CLI_001521,2021-02-28,2022-12-05,38.372455,-0.498165,Alicante
CNT_001522,CLI_001522,2020-07-18,2021-06-12,38.476419,-0.778457,Petrer
CNT_001523,CLI_001523,2022-08-05,2023-10-30,38.222219,-0.704194,Elche
CNT_001524,CLI_001524,2015-04-19,2016-03-20,38.344669,-0.498719,Alicante
CNT_001525,CLI_001525,2023-04-04,2024-02-01,38.271958,-0.716326,Elche
CNT_001526,CLI_001526,2015-10-11,2016-07-27,38.351435,-0.452038,Alicante
CNT_001527,CLI_001527,2023-03-08,2023-12-01,38.337033,-0.450405,Alicante
CNT_001528,CLI_001528,2020-05-14,2021-05-10,38.268245,-0.677415,Elche
CNT_001529,CLI_001529,2019-06-18,2019-11-09,38.414485,-0.519012,San Vicente del Raspeig
CNT_001530,CLI_001530,2024-01-10,2024-11-02,37.985571,-0.680531,Torrevieja
CNT_001531,CLI_001531,2017-01-06,2017-02-16,38.257286,-0.709235,Elche
CNT_001532,CLI_001532,2018-02-15,2018-05-28,38.074796,-0.963563,Orihuela
CNT_001533,CLI_001533,2017-07-20,2018-09-28,38.532162,-0.126944,Benidorm
CNT_001534,CLI_001534,2016-08-25,2017-03-20,38.386118,-0.510341,Alicante
CNT_001535,CLI_001535,2018-09-25,2019-07-10,38.261467,-0.720166,Elche
CNT_001536,CLI_001536,2019-12-30,2021-03-03,38.344705,-0.452177,Alicante
CNT_001537,CLI_001537,2024-03-06,2024-12-30,38.333142,-0.433484,Alicante
CNT_001538,CLI_001538,2016-05-05,2018-02-25,38.547388,-0.12658,Benidorm
CNT_001539,CLI_001539,2020-08-28,2022-08-08,38.394196,-0.453339,Alicante
CNT_001540,CLI_001540,2018-04-13,2019-09-10,37.986811,-0.686625,Torrevieja
CNT_001541,CLI_001541,2024-09-10,2026-05-12,38.535193,-0.147352,Benidorm
CNT_001542,CLI_001542,2019-06-30,2019-09-26,38.34612,-0.465696,Alicante
CNT_001543,CLI_001543,2017-03-11,2019-01-11,37.935782,-0.671953,Torrevieja
CNT_001544,CLI_001544,2017-01-29,2017-11-20,38.363829,-0.479208,Alicante
CNT_001545,CLI_001545,2018-03-11,2018-06-23,38.63861,-0.869109,Villena
CNT_001546,CLI_001546,2019-01-26,2019-05-25,38.274924,-0.677131,Elche
CNT_001547,CLI_001547,2023-02-24,2024-08-11,38.387762,-0.537129,San Vicente del Raspeig
CNT_001548,CLI_001548,2021-06-03,2022-06-24,37.97178,-0.696128,Torrevieja
CNT_001549,CLI_001549,2019-02-02,2019-08-04,38.334924,-0.506203,Alicante
CNT_001550,CLI_001550,2016-12-05,2017-08-09,38.105232,-0.942801,Orihuela
CNT_001551,CLI_001551,2017-03-25,2018-08-22,38.632455,-0.879255,Villena
CNT_001552,CLI_001552,2017-03-13,2018-10-03,38.126453,-0.958185,Orihuela
CNT_001553,CLI_001553,2016-01-08,2016-06-15,38.40147,-0.533769,San Vicente del Raspeig
CNT_001554,CLI_001554,2019-01-31,2019-05-06,38.821565,0.101791,Denia
CNT_001555,CLI_001555,2023-02-23,2023-08-15,38.341986,-0.518184,Alicante
CNT_001556,CLI_001556,2023-03-18,2024-04-30,38.328908,-0.47882,Alicante
CNT_001557,CLI_001557,2019-01-01,2019-12-09,38.040912,-0.919554,Orihuela
CNT_001558,CLI_001558,2022-12-01,2024-02-10,38.300688,-0.695319,Elche
CNT_001559,CLI_001559,2023-03-14,2024-05-23,38.487138,-0.773304,Elda
CNT_001560,CLI_001560,2021-10-26,2022-08-28,38.848698,0.12571,Denia
CNT_001561,CLI_001561,2024-08-28,2026-05-25,38.269139,-0.68119,Elche
CNT_001562,CLI_001562,2024-02-02,2025-04-15,38.31065,-0.479133,Alicante
CNT_001563,CLI_001563,2020-12-29,2021-12-07,38.390497,-0.52503,San Vicente del Raspeig
CNT_001564,CLI_001564,2021-09-15,2023-04-16,38.366245,-0.461905,Alicante
CNT_001565,CLI_001565,2017-04-02,2018-01-05,38.383685,-0.53,San Vicente del Raspeig
CNT_001566,CLI_001566,2015-08-10,2016-12-12,38.209801,-0.739715,Elche
CNT_001567,CLI_001567,2022-08-16,2023-10-18,38.531475,-0.125396,Benidorm
CNT_001568,CLI_001568,2023-11-30,2025-10-27,38.341656,-0.509277,Alicante
CNT_001569,CLI_001569,2018-10-19,2020-02-11,38.087511,-0.963743,Orihuela
CNT_001570,CLI_001570,2017-09-20,2019-02-02,38.281527,-0.698295,Elche
CNT_001571,CLI_001571,2018-04-26,2020-02-28,37.990177,-0.683912,Torrevieja
CNT_001572,CLI_001572,2020-11-30,2022-07-11,38.351669,-0.516302,Alicante
CNT_001573,CLI_001573,2018-04-19,2019-07-26,38.712746,-0.471414,Alcoy
CNT_001574,CLI_001574,2023-12-15,2025-04-03,38.460472,-0.780206,Elda
CNT_001575,CLI_001575,2020-04-09,2020-08-19,38.357815,-0.509209,Alicante
CNT_001576,CLI_001576,2023-08-08,2024-07-30,38.360863,-0.449188,Alicante
CNT_001577,CLI_001577,2016-08-20,2018-08-02,38.314211,-0.520004,Alicante
CNT_001578,CLI_001578,2023-01-30,2024-10-21,38.054743,-0.902154,Orihuela
CNT_001579,CLI_001579,2016-04-29,2017-01-29,38.069881,-0.952725,Orihuela
CNT_001580,CLI_001580,2024-07-02,2024-09-27,37.966792,-0.679579,Torrevieja
CNT_001581,CLI_001581,2022-02-11,2022-06-25,38.364035,-0.528301,Alicante
CNT_001582,CLI_001582,2019-07-25,2019-10-31,38.25198,-0.699667,Elche
CNT_001583,CLI_001583,2023-06-09,2024-05-05,38.067673,-0.93993,Orihuela
CNT_001584,CLI_001584,2020-08-12,2021-02-10,38.252044,-0.700196,Elche
CNT_001585,CLI_001585,2019-02-10,2020-08-29,38.411468,-0.443568,Sant Joan d'Alacant
CNT_001586,CLI_001586,2016-10-23,2016-12-26,38.345526,-0.504664,Alicante
CNT_001587,CLI_001587,2020-10-15,2020-11-28,38.532049,-0.117734,Benidorm
CNT_001588,CLI_001588,2022-07-15,2022-11-27,38.26308,-0.697622,Elche
CNT_001589,CLI_001589,2023-09-04,2023-12-16,38.293925,-0.664403,Elche
CNT_001590,CLI_001590,2019-04-04,2020-02-12,38.52521,-0.137618,Benidorm
CNT_001591,CLI_001591,2020-07-12,2022-02-11,38.549986,-0.136518,Benidorm
CNT_001592,CLI_001592,2018-09-03,2019-04-17,38.403294,-0.43116,Sant Joan d'Alacant
CNT_001593,CLI_001593,2020-11-15,2021-09-20,38.34119,-0.521574,Alicante
CNT_001594,CLI_001594,2017-12-16,2019-12-01,38.407723,-0.511337,Alicante
CNT_001595,CLI_001595,2023-09-14,2025-04-21,38.521532,-0.11813,Benidorm
CNT_001596,CLI_001596,2015-03-29,2017-02-21,37.972334,-0.703295,Torrevieja
CNT_001597,CLI_001597,2023-04-08,2023-10-07,38.314389,-0.526476,Alicante
CNT_001598,CLI_001598,2022-05-24,2023-04-09,38.369012,-0.434287,Alicante
CNT_001599,CLI_001599,2022-05-27,2022-11-14,38.38743,-0.515845,Alicante
CNT_001600,CLI_001600,2023-02-07,2024-01-14,38.865749,0.108462,Denia
CNT_001601,CLI_001601,2021-08-15,2023-06-21,38.375799,-0.479273,Alicante
CNT_001602,CLI_001602,2021-08-19,2021-10-19,38.261152,-0.760134,Elche
CNT_001603,CLI_001603,2015-02-21,2015-04-17,38.336069,-0.487683,Alicante
CNT_001604,CLI_001604,2019-10-14,2020-07-24,38.228734,-0.688435,Elche
CNT_001605,CLI_001605,2015-02-10,2015-05-06,38.396097,-0.472142,Alicante
CNT_001606,CLI_001606,2022-11-03,2023-09-21,37.987142,-0.665937,Torrevieja
CNT_001607,CLI_001607,2020-11-08,2022-09-05,38.332901,-0.490687,Alicante
CNT_001608,CLI_001608,2015-02-08,2015-10-25,38.412237,-0.51675,San Vicente del Raspeig
CNT_001609,CLI_001609,2023-06-12,2023-09-02,38.320881,-0.498233,Alicante
CNT_001610,CLI_001610,2023-01-26,2023-06-05,37.986019,-0.707588,Torrevieja
CNT_001611,CLI_001611,2022-04-22,2023-08-31,38.838111,0.086234,Denia
CNT_001612,CLI_001612,2020-11-21,2021-09-13,38.097574,-0.973742,Orihuela
CNT_001613,CLI_001613,2022-08-22,2022-09-22,37.977556,-0.664027,Torrevieja
CNT_001614,CLI_001614,2020-09-21,2020-11-11,38.23358,-0.731621,Elche
CNT_001615,CLI_001615,2015-07-28,2017-03-26,38.267163,-0.692271,Elche
CNT_001616,CLI_001616,2016-08-22,2017-04-20,38.546786,-0.134491,Benidorm
CNT_001617,CLI_001617,2016-08-27,2017-05-19,38.401137,-0.439424,Sant Joan d'Alacant
CNT_001618,CLI_001618,2019-09-06,2021-03-17,38.100302,-0.917228,Orihuela
CNT_001619,CLI_001619,2021-11-28,2023-01-19,37.95988,-0.690092,Torrevieja
CNT_001620,CLI_001620,2020-11-26,2021-01-08,38.698085,-0.466061,Alcoy
CNT_001621,CLI_001621,2024-12-09,2026-05-25,38.251761,-0.697474,Elche
CNT_001622,CLI_001622,2015-08-02,2016-04-09,38.363875,-0.4848,Alicante
CNT_001623,CLI_001623,2019-06-16,2021-03-22,37.979267,-0.640801,Torrevieja
CNT_001624,CLI_001624,2019-09-13,2020-11-18,38.645281,-0.883496,Villena
CNT_001625,CLI_001625,2021-09-22,2023-03-18,38.372393,-0.448772,Alicante
CNT_001626,CLI_001626,2019-04-26,2020-03-07,38.542499,-0.123423,Benidorm
CNT_001627,CLI_001627,2022-09-19,2023-11-06,38.352028,-0.492988,Alicante
CNT_001628,CLI_001628,2022-05-04,2023-02-04,37.960732,-0.652872,Torrevieja
CNT_001629,CLI_001629,2020-10-25,2021-02-22,38.34513,-0.527203,Alicante
CNT_001630,CLI_001630,2020-11-12,2021-10-19,38.253772,-0.709779,Elche
CNT_001631,CLI_001631,2015-09-26,2017-01-04,38.694271,-0.487902,Alcoy
CNT_001632,CLI_001632,2021-08-05,2021-10-16,38.25726,-0.689234,Elche
CNT_001633,CLI_001633,2022-01-21,2022-05-04,38.522441,-0.144657,Benidorm
CNT_001634,CLI_001634,2016-11-13,2018-06-26,38.372812,-0.520103,San Vicente del Raspeig
CNT_001635,CLI_001635,2015-06-11,2016-05-21,38.477219,-0.771864,Petrer
CNT_001636,CLI_001636,2016-04-09,2016-09-29,38.350034,-0.492984,Alicante
CNT_001637,CLI_001637,2017-04-02,2018-03-26,38.23584,-0.68975,Elche
CNT_001638,CLI_001638,2024-12-14,2025-08-09,38.345592,-0.487716,Alicante
CNT_001639,CLI_001639,2020-06-27,2020-11-02,38.418502,-0.448298,Sant Joan d'Alacant
CNT_001640,CLI_001640,2022-02-08,2022-07-01,38.494131,-0.741986,Petrer
CNT_001641,CLI_001641,2023-12-03,2024-06-24,38.008284,-0.690969,Torrevieja
CNT_001642,CLI_001642,2020-09-30,2021-07-27,38.483394,-0.818411,Elda
CNT_001643,CLI_001643,2016-05-02,2016-08-02,37.999715,-0.697358,Torrevieja
CNT_001644,CLI_001644,2024-11-11,2026-01-18,38.070321,-0.969846,Orihuela
CNT_001645,CLI_001645,2024-06-29,2025-03-10,38.329091,-0.460346,Alicante
CNT_001646,CLI_001646,2020-11-09,2021-05-18,38.66553,-0.46954,Alcoy
CNT_001647,CLI_001647,2016-10-12,2016-12-16,38.374854,-0.471032,Alicante
CNT_001648,CLI_001648,2021-08-01,2022-09-15,38.414784,-0.52974,San Vicente del Raspeig
CNT_001649,CLI_001649,2019-10-22,2021-09-03,38.389662,-0.528652,San Vicente del Raspeig
CNT_001650,CLI_001650,2019-06-23,2020-06-04,38.531153,-0.135751,Benidorm
CNT_001651,CLI_001651,2019-11-07,2021-09-29,38.326353,-0.48303,Alicante
CNT_001652,CLI_001652,2016-12-19,2018-04-18,38.354766,-0.460117,Alicante
CNT_001653,CLI_001653,2018-03-13,2019-01-05,38.373323,-0.472598,Alicante
CNT_001654,CLI_001654,2015-07-18,2016-07-25,38.227159,-0.687298,Elche
CNT_001655,CLI_001655,2022-11-02,2023-01-10,38.355436,-0.468511,Alicante
CNT_001656,CLI_001656,2018-09-08,2019-11-25,38.481133,-0.761156,Petrer
CNT_001657,CLI_001657,2019-12-28,2021-02-09,37.980741,-0.677013,Torrevieja
CNT_001658,CLI_001658,2018-09-17,2019-05-26,38.275598,-0.690405,Elche
CNT_001659,CLI_001659,2024-02-18,2024-12-24,38.26136,-0.672146,Elche
CNT_001660,CLI_001660,2021-03-14,2021-11-23,38.263221,-0.712931,Elche
CNT_001661,CLI_001661,2019-09-21,2021-01-19,38.080522,-0.961615,Orihuela
CNT_001662,CLI_001662,2022-02-16,2022-08-18,38.286847,-0.72439,Elche
CNT_001663,CLI_001663,2024-08-06,2025-06-11,38.488088,-0.768171,Petrer
CNT_001664,CLI_001664,2017-03-13,2018-03-30,38.270353,-0.739082,Elche
CNT_001665,CLI_001665,2024-09-01,2024-11-08,38.389961,-0.434341,Sant Joan d'Alacant
CNT_001666,CLI_001666,2016-12-01,2018-09-12,38.474157,-0.79311,Elda
CNT_001667,CLI_001667,2016-05-17,2018-01-09,38.367667,-0.452634,Alicante
CNT_001668,CLI_001668,2016-04-13,2017-09-13,38.484277,-0.776719,Petrer
CNT_001669,CLI_001669,2020-07-02,2021-02-14,38.361688,-0.486083,Alicante
CNT_001670,CLI_001670,2020-05-28,2021-03-29,38.417498,-0.511834,San Vicente del Raspeig
CNT_001671,CLI_001671,2019-09-26,2020-04-14,38.288349,-0.667871,Elche
CNT_001672,CLI_001672,2021-08-10,2023-01-29,38.479818,-0.799962,Elda
CNT_001673,CLI_001673,2020-04-20,2021-06-28,38.472568,-0.789619,Elda
CNT_001674,CLI_001674,2024-01-24,2024-11-19,38.365657,-0.521767,San Vicente del Raspeig
CNT_001675,CLI_001675,2016-09-15,2018-04-21,38.394279,-0.520816,San Vicente del Raspeig
CNT_001676,CLI_001676,2024-12-31,2026-05-25,38.33705,-0.487564,Alicante
CNT_001677,CLI_001677,2023-02-15,2023-07-25,38.354959,-0.448965,Alicante
CNT_001678,CLI_001678,2022-02-21,2023-12-08,38.262114,-0.739873,Elche
CNT_001679,CLI_001679,2022-11-10,2023-12-29,38.33719,-0.491528,Alicante
CNT_001680,CLI_001680,2017-08-24,2018-10-24,38.512847,-0.125925,Benidorm
CNT_001681,CLI_001681,2016-10-24,2018-06-11,38.244821,-0.688241,Elche
CNT_001682,CLI_001682,2017-01-20,2017-12-11,38.64272,-0.849967,Villena
CNT_001683,CLI_001683,2020-02-16,2021-04-03,38.119118,-0.920535,Orihuela
CNT_001684,CLI_001684,2024-06-29,2025-12-22,38.39513,-0.528726,San Vicente del Raspeig
CNT_001685,CLI_001685,2018-11-19,2020-01-17,38.353395,-0.448503,Alicante
CNT_001686,CLI_001686,2018-01-03,2019-08-09,38.49013,-0.800369,Elda
CNT_001687,CLI_001687,2023-09-05,2025-05-31,38.475791,-0.760691,Petrer
CNT_001688,CLI_001688,2016-01-18,2016-11-02,38.27357,-0.658469,Elche
CNT_001689,CLI_001689,2018-10-25,2019-08-31,38.06999,-0.920201,Orihuela
CNT_001690,CLI_001690,2024-03-10,2025-03-30,38.708778,-0.472131,Alcoy
CNT_001691,CLI_001691,2024-02-10,2025-05-04,38.348985,-0.489294,Alicante
CNT_001692,CLI_001692,2021-06-14,2022-01-21,38.272066,-0.731929,Elche
CNT_001693,CLI_001693,2019-07-11,2021-05-07,38.248283,-0.691468,Elche
CNT_001694,CLI_001694,2015-06-25,2016-09-24,38.362876,-0.50888,Alicante
CNT_001695,CLI_001695,2015-08-16,2016-08-27,38.311364,-0.715749,Elche
CNT_001696,CLI_001696,2021-07-22,2022-10-23,38.320002,-0.510769,Alicante
CNT_001697,CLI_001697,2020-07-31,2021-09-25,38.336706,-0.49251,Alicante
CNT_001698,CLI_001698,2018-09-27,2019-10-02,38.35099,-0.481699,Alicante
CNT_001699,CLI_001699,2020-06-08,2022-01-05,38.646437,-0.862917,Villena
CNT_001700,CLI_001700,2018-06-16,2019-08-21,37.968628,-0.693009,Torrevieja
CNT_001701,CLI_001701,2019-06-24,2019-09-08,38.603004,-0.853369,Villena
CNT_001702,CLI_001702,2017-10-17,2019-09-11,38.295402,-0.702881,Elche
CNT_001703,CLI_001703,2019-09-08,2020-12-05,38.282231,-0.71563,Elche
CNT_001704,CLI_001704,2015-12-16,2017-06-14,38.227155,-0.693322,Elche
CNT_001705,CLI_001705,2021-11-07,2023-09-04,38.252133,-0.655102,Elche
CNT_001706,CLI_001706,2016-03-16,2017-03-08,38.384405,-0.472621,Alicante
CNT_001707,CLI_001707,2022-09-09,2023-01-03,38.113756,-0.951757,Orihuela
CNT_001708,CLI_001708,2019-05-31,2020-11-25,38.368666,-0.519187,Alicante
CNT_001709,CLI_001709,2022-01-06,2022-07-19,38.081278,-0.948888,Orihuela
CNT_001710,CLI_001710,2023-08-19,2024-04-27,38.08646,-0.939801,Orihuela
CNT_001711,CLI_001711,2018-10-16,2019-09-07,38.341927,-0.49069,Alicante
CNT_001712,CLI_001712,2015-10-15,2017-02-06,38.373406,-0.522635,Alicante
CNT_001713,CLI_001713,2020-08-17,2021-08-24,38.38579,-0.535507,San Vicente del Raspeig
CNT_001714,CLI_001714,2020-11-04,2021-11-09,38.247772,-0.6663,Elche
CNT_001715,CLI_001715,2017-09-24,2019-01-27,38.370457,-0.44515,Alicante
CNT_001716,CLI_001716,2021-05-22,2022-07-17,38.401001,-0.44648,Sant Joan d'Alacant
CNT_001717,CLI_001717,2018-11-23,2020-06-11,38.379662,-0.464181,Alicante
CNT_001718,CLI_001718,2015-03-15,2016-10-15,38.526142,-0.145443,Benidorm
CNT_001719,CLI_001719,2019-01-02,2020-03-27,38.400907,-0.425861,Sant Joan d'Alacant
CNT_001720,CLI_001720,2023-09-30,2024-11-13,38.32214,-0.474869,Alicante
CNT_001721,CLI_001721,2024-06-10,2026-03-18,38.345384,-0.457259,Alicante
CNT_001722,CLI_001722,2022-10-24,2022-11-27,38.308236,-0.523877,Alicante
CNT_001723,CLI_001723,2023-10-20,2025-08-27,38.333009,-0.464059,Alicante
CNT_001724,CLI_001724,2021-01-14,2021-02-16,38.309294,-0.481192,Alicante
CNT_001725,CLI_001725,2016-03-05,2018-02-13,38.542527,-0.121077,Benidorm
CNT_001726,CLI_001726,2019-01-11,2019-12-22,38.363115,-0.458128,Alicante
CNT_001727,CLI_001727,2024-07-13,2024-10-28,38.227434,-0.696853,Elche
CNT_001728,CLI_001728,2024-06-04,2025-12-16,38.413405,-0.443907,Sant Joan d'Alacant
CNT_001729,CLI_001729,2023-09-16,2024-10-04,38.426269,-0.515944,San Vicente del Raspeig
CNT_001730,CLI_001730,2017-04-25,2017-06-26,38.08572,-0.945703,Orihuela
CNT_001731,CLI_001731,2019-09-27,2021-08-18,38.251395,-0.717501,Elche
CNT_001732,CLI_001732,2015-02-05,2015-07-23,38.141287,-0.962903,Orihuela
CNT_001733,CLI_001733,2018-01-18,2018-11-15,37.954959,-0.708789,Torrevieja
CNT_001734,CLI_001734,2017-10-17,2018-05-30,38.265942,-0.709526,Elche
CNT_001735,CLI_001735,2023-04-10,2023-09-13,38.349691,-0.453433,Alicante
CNT_001736,CLI_001736,2018-12-09,2019-12-22,38.860877,0.108367,Denia
CNT_001737,CLI_001737,2020-06-20,2020-09-01,38.273414,-0.709955,Elche
CNT_001738,CLI_001738,2023-05-24,2024-02-21,38.332734,-0.460879,Alicante
CNT_001739,CLI_001739,2018-08-12,2018-09-19,38.244574,-0.716614,Elche
CNT_001740,CLI_001740,2022-07-23,2022-11-08,38.25798,-0.696202,Elche
CNT_001741,CLI_001741,2023-07-15,2024-02-19,38.384217,-0.527456,San Vicente del Raspeig
CNT_001742,CLI_001742,2021-12-10,2022-04-04,38.698974,-0.46405,Alcoy
CNT_001743,CLI_001743,2016-09-10,2018-02-06,38.69163,-0.492327,Alcoy
CNT_001744,CLI_001744,2015-06-19,2016-04-14,38.307849,-0.502255,Alicante
CNT_001745,CLI_001745,2015-05-26,2016-11-18,38.293113,-0.734341,Elche
CNT_001746,CLI_001746,2017-05-17,2017-07-05,38.254551,-0.704011,Elche
CNT_001747,CLI_001747,2016-02-24,2017-07-26,38.313497,-0.450714,Alicante
CNT_001748,CLI_001748,2020-06-18,2020-11-24,38.340994,-0.493636,Alicante
CNT_001749,CLI_001749,2019-09-10,2021-07-13,38.69922,-0.479528,Alcoy
CNT_001750,CLI_001750,2016-07-26,2016-08-31,38.301538,-0.459207,Alicante
CNT_001751,CLI_001751,2020-05-13,2021-04-17,37.98467,-0.662966,Torrevieja
CNT_001752,CLI_001752,2017-10-23,2019-08-10,38.319021,-0.483214,Alicante
CNT_001753,CLI_001753,2018-07-10,2019-11-24,38.387976,-0.463882,Alicante
CNT_001754,CLI_001754,2022-10-17,2023-02-25,38.358299,-0.507924,Alicante
CNT_001755,CLI_001755,2015-11-17,2016-11-18,38.632201,-0.849664,Villena
CNT_001756,CLI_001756,2019-05-19,2020-05-01,38.387358,-0.499516,San Vicente del Raspeig
CNT_001757,CLI_001757,2021-04-12,2022-10-06,38.63574,-0.859945,Villena
CNT_001758,CLI_001758,2019-06-01,2019-07-25,38.278981,-0.744155,Elche
CNT_001759,CLI_001759,2016-04-21,2017-07-24,38.344563,-0.494956,Alicante
CNT_001760,CLI_001760,2024-02-13,2024-08-03,37.974791,-0.671169,Torrevieja
CNT_001761,CLI_001761,2023-08-31,2025-07-17,38.266784,-0.707573,Elche
CNT_001762,CLI_001762,2020-01-01,2020-06-27,38.471454,-0.776534,Elda
CNT_001763,CLI_001763,2017-02-21,2017-05-16,38.33662,-0.466296,Alicante
CNT_001764,CLI_001764,2016-06-16,2017-10-29,38.219613,-0.713842,Elche
CNT_001765,CLI_001765,2024-12-24,2026-01-20,38.369543,-0.480193,Alicante
CNT_001766,CLI_001766,2018-09-24,2020-08-03,38.272074,-0.717964,Elche
CNT_001767,CLI_001767,2020-05-01,2020-12-25,38.689119,-0.475591,Alcoy
CNT_001768,CLI_001768,2024-02-14,2024-09-15,38.307272,-0.710501,Elche
CNT_001769,CLI_001769,2021-04-03,2021-07-06,38.267414,-0.672455,Elche
CNT_001770,CLI_001770,2018-03-10,2019-10-09,38.242705,-0.651748,Elche
CNT_001771,CLI_001771,2023-04-11,2023-08-30,38.284348,-0.729786,Elche
CNT_001772,CLI_001772,2020-05-24,2021-03-12,38.401077,-0.548379,San Vicente del Raspeig
CNT_001773,CLI_001773,2022-06-19,2022-10-02,38.846619,0.102022,Denia
CNT_001774,CLI_001774,2024-09-21,2025-08-12,38.631891,-0.884421,Villena
CNT_001775,CLI_001775,2016-08-01,2017-02-24,38.401706,-0.524745,San Vicente del Raspeig
CNT_001776,CLI_001776,2018-10-05,2018-11-04,38.259741,-0.681823,Elche
CNT_001777,CLI_001777,2019-05-13,2019-11-06,38.540871,-0.11337,Benidorm
CNT_001778,CLI_001778,2019-10-14,2021-09-13,38.223591,-0.693869,Elche
CNT_001779,CLI_001779,2020-12-17,2022-11-08,38.334353,-0.485829,Alicante
CNT_001780,CLI_001780,2020-07-26,2020-12-31,38.499366,-0.815541,Elda
CNT_001781,CLI_001781,2024-11-17,2026-05-25,38.326023,-0.480345,Alicante
CNT_001782,CLI_001782,2020-08-20,2022-02-13,38.831642,0.106769,Denia
CNT_001783,CLI_001783,2015-09-14,2017-07-03,38.255645,-0.684243,Elche
CNT_001784,CLI_001784,2022-11-03,2024-04-17,38.060504,-0.95867,Orihuela
CNT_001785,CLI_001785,2021-08-13,2022-02-07,38.040634,-0.953201,Orihuela
CNT_001786,CLI_001786,2023-03-11,2024-01-03,38.837241,0.08353,Denia
CNT_001787,CLI_001787,2018-11-18,2020-09-30,38.087517,-0.990326,Orihuela
CNT_001788,CLI_001788,2018-12-13,2019-04-26,38.08375,-0.96667,Orihuela
CNT_001789,CLI_001789,2017-05-31,2018-10-08,38.341578,-0.520258,Alicante
CNT_001790,CLI_001790,2015-01-19,2015-11-25,37.979475,-0.676139,Torrevieja
CNT_001791,CLI_001791,2015-04-20,2016-06-29,38.370771,-0.493953,Alicante
CNT_001792,CLI_001792,2018-12-31,2020-10-03,38.696115,-0.479859,Alcoy
CNT_001793,CLI_001793,2021-12-27,2023-01-18,38.25287,-0.719957,Elche
CNT_001794,CLI_001794,2017-11-23,2019-10-28,38.530826,-0.170091,Benidorm
CNT_001795,CLI_001795,2018-08-04,2019-03-24,38.359684,-0.443292,Alicante
CNT_001796,CLI_001796,2020-02-11,2021-11-13,38.380501,-0.506007,Alicante
CNT_001797,CLI_001797,2017-09-29,2018-08-05,38.526662,-0.136249,Benidorm
CNT_001798,CLI_001798,2015-09-12,2016-06-24,38.347673,-0.517372,Alicante
CNT_001799,CLI_001799,2016-09-29,2017-01-30,38.353659,-0.456702,Alicante
CNT_001800,CLI_001800,2020-08-04,2021-07-23,38.320386,-0.477414,Alicante
CNT_001801,CLI_001801,2020-12-21,2022-01-16,38.637245,-0.876116,Villena
CNT_001802,CLI_001802,2021-12-21,2023-11-12,38.680812,-0.478107,Alcoy
CNT_001803,CLI_001803,2016-02-01,2017-02-15,38.226581,-0.66138,Elche
CNT_001804,CLI_001804,2024-09-28,2024-12-28,38.354369,-0.482824,Alicante
CNT_001805,CLI_001805,2019-06-10,2021-04-10,38.257055,-0.702298,Elche
CNT_001806,CLI_001806,2022-05-18,2022-12-20,38.700827,-0.484697,Alcoy
CNT_001807,CLI_001807,2016-11-15,2018-07-17,38.084442,-0.982392,Orihuela
CNT_001808,CLI_001808,2023-12-29,2025-07-22,38.32079,-0.485001,Alicante
CNT_001809,CLI_001809,2020-01-31,2020-12-29,38.344069,-0.472863,Alicante
CNT_001810,CLI_001810,2024-05-14,2026-03-13,38.314372,-0.45351,Alicante
CNT_001811,CLI_001811,2020-08-28,2021-12-06,38.112619,-0.98947,Orihuela
CNT_001812,CLI_001812,2017-10-07,2018-06-06,38.682128,-0.486901,Alcoy
CNT_001813,CLI_001813,2020-12-06,2022-02-14,38.340305,-0.495519,Alicante
CNT_001814,CLI_001814,2015-10-29,2016-04-09,38.319143,-0.481087,Alicante
CNT_001815,CLI_001815,2024-03-10,2024-11-13,38.359461,-0.484626,Alicante
CNT_001816,CLI_001816,2015-08-15,2016-11-07,38.633023,-0.86766,Villena
CNT_001817,CLI_001817,2019-03-11,2020-02-22,38.332233,-0.470798,Alicante
CNT_001818,CLI_001818,2024-10-12,2025-04-16,38.708638,-0.48424,Alcoy
CNT_001819,CLI_001819,2018-05-20,2018-12-23,38.085389,-0.925817,Orihuela
CNT_001820,CLI_001820,2015-12-22,2017-05-10,38.276866,-0.688764,Elche
CNT_001821,CLI_001821,2016-12-01,2017-06-10,38.320667,-0.488996,Alicante
CNT_001822,CLI_001822,2021-12-09,2022-05-16,38.31008,-0.440977,Alicante
CNT_001823,CLI_001823,2024-04-15,2025-03-14,38.086944,-0.913372,Orihuela
CNT_001824,CLI_001824,2021-03-20,2021-07-16,38.694574,-0.462205,Alcoy
CNT_001825,CLI_001825,2019-11-19,2020-05-28,38.097329,-1.004871,Orihuela
CNT_001826,CLI_001826,2019-05-06,2019-07-10,37.977262,-0.653779,Torrevieja
CNT_001827,CLI_001827,2018-04-29,2019-01-10,38.350327,-0.461131,Alicante
CNT_001828,CLI_001828,2023-05-01,2023-10-28,38.617519,-0.842123,Villena
CNT_001829,CLI_001829,2021-12-22,2023-09-05,38.418961,-0.51045,San Vicente del Raspeig
CNT_001830,CLI_001830,2024-10-06,2024-12-21,38.341094,-0.441541,Alicante
CNT_001831,CLI_001831,2024-01-22,2025-12-11,38.407678,-0.430592,Sant Joan d'Alacant
CNT_001832,CLI_001832,2017-11-11,2018-07-29,38.068078,-0.917526,Orihuela
CNT_001833,CLI_001833,2019-07-04,2021-01-22,37.984244,-0.646306,Torrevieja
CNT_001834,CLI_001834,2018-09-12,2019-03-25,38.682766,-0.470801,Alcoy
CNT_001835,CLI_001835,2024-11-25,2026-05-25,38.401725,-0.544167,San Vicente del Raspeig
CNT_001836,CLI_001836,2023-10-04,2025-06-28,38.077681,-0.950649,Orihuela
CNT_001837,CLI_001837,2015-12-31,2017-08-25,38.34593,-0.471251,Alicante
CNT_001838,CLI_001838,2017-12-03,2018-03-08,38.280855,-0.696652,Elche
CNT_001839,CLI_001839,2016-06-02,2016-09-19,38.471575,-0.782466,Petrer
CNT_001840,CLI_001840,2023-10-05,2024-03-22,38.328088,-0.521777,Alicante
CNT_001841,CLI_001841,2019-06-15,2020-08-17,38.275561,-0.714606,Elche
CNT_001842,CLI_001842,2023-10-07,2024-03-14,38.311661,-0.68053,Elche
CNT_001843,CLI_001843,2022-01-20,2023-05-10,38.262462,-0.663533,Elche
CNT_001844,CLI_001844,2018-09-06,2018-11-03,38.096623,-0.926169,Orihuela
CNT_001845,CLI_001845,2021-02-11,2021-09-30,38.48283,-0.759426,Petrer
CNT_001846,CLI_001846,2019-07-04,2020-03-26,38.393756,-0.48302,Alicante
CNT_001847,CLI_001847,2022-10-16,2024-07-05,38.301519,-0.524552,Alicante
CNT_001848,CLI_001848,2017-09-08,2019-06-07,38.347566,-0.492381,Alicante
CNT_001849,CLI_001849,2021-07-23,2022-07-26,38.816317,0.101819,Denia
CNT_001850,CLI_001850,2020-07-29,2021-09-30,38.034669,-0.954441,Orihuela
CNT_001851,CLI_001851,2024-09-22,2026-01-03,38.352637,-0.479633,Alicante
CNT_001852,CLI_001852,2017-07-10,2018-05-24,38.397974,-0.520003,San Vicente del Raspeig
CNT_001853,CLI_001853,2023-02-16,2023-11-24,38.475282,-0.781564,Elda
CNT_001854,CLI_001854,2017-08-14,2017-12-21,38.477426,-0.795137,Elda
CNT_001855,CLI_001855,2015-12-27,2017-09-01,38.514883,-0.789038,Petrer
CNT_001856,CLI_001856,2018-08-03,2019-10-28,38.338746,-0.493072,Alicante
CNT_001857,CLI_001857,2015-07-01,2017-05-03,38.704521,-0.472875,Alcoy
CNT_001858,CLI_001858,2019-01-14,2019-03-02,38.251214,-0.671398,Elche
CNT_001859,CLI_001859,2020-11-14,2022-03-29,38.482243,-0.798614,Elda
CNT_001860,CLI_001860,2016-07-16,2018-05-14,38.695541,-0.467249,Alcoy
CNT_001861,CLI_001861,2015-11-10,2015-12-16,38.693474,-0.469919,Alcoy
CNT_001862,CLI_001862,2024-11-26,2026-02-17,38.121178,-0.943622,Orihuela
CNT_001863,CLI_001863,2023-03-22,2024-05-04,38.37463,-0.457737,Alicante
CNT_001864,CLI_001864,2020-08-30,2022-02-18,37.981161,-0.694095,Torrevieja
CNT_001865,CLI_001865,2022-10-23,2023-03-15,38.380662,-0.443677,Sant Joan d'Alacant
CNT_001866,CLI_001866,2022-03-08,2023-08-30,38.48029,-0.770119,Petrer
CNT_001867,CLI_001867,2024-10-08,2026-05-25,38.412776,-0.497004,Alicante
CNT_001868,CLI_001868,2016-02-07,2017-11-11,38.339433,-0.4683,Alicante
CNT_001869,CLI_001869,2018-02-21,2019-07-04,38.37278,-0.49883,Alicante
CNT_001870,CLI_001870,2016-09-04,2017-01-04,38.715703,-0.470684,Alcoy
CNT_001871,CLI_001871,2023-09-26,2025-02-28,38.398928,-0.526502,San Vicente del Raspeig
CNT_001872,CLI_001872,2020-02-20,2020-06-30,38.324154,-0.475627,Alicante
CNT_001873,CLI_001873,2019-06-02,2020-11-05,38.211923,-0.708414,Elche
CNT_001874,CLI_001874,2023-04-06,2024-10-22,38.48691,-0.795869,Elda
CNT_001875,CLI_001875,2016-11-23,2018-04-21,38.688623,-0.472248,Alcoy
CNT_001876,CLI_001876,2019-10-01,2021-02-20,37.981871,-0.678563,Torrevieja
CNT_001877,CLI_001877,2024-09-18,2025-04-02,37.956203,-0.682276,Torrevieja
CNT_001878,CLI_001878,2023-03-26,2023-09-11,38.259665,-0.660782,Elche
CNT_001879,CLI_001879,2022-12-29,2023-05-01,38.346043,-0.505768,Alicante
CNT_001880,CLI_001880,2019-09-22,2020-04-19,37.983535,-0.683356,Torrevieja
CNT_001881,CLI_001881,2017-04-19,2018-12-15,38.520822,-0.150184,Benidorm
CNT_001882,CLI_001882,2020-11-20,2020-12-23,38.493063,-0.787335,Elda
CNT_001883,CLI_001883,2021-07-08,2023-04-04,38.072862,-0.966805,Orihuela
CNT_001884,CLI_001884,2019-12-16,2021-02-06,38.678306,-0.47674,Alcoy
CNT_001885,CLI_001885,2024-08-31,2025-06-28,38.342474,-0.490302,Alicante
CNT_001886,CLI_001886,2023-10-07,2024-03-16,38.266256,-0.69212,Elche
CNT_001887,CLI_001887,2017-01-22,2018-09-27,38.349215,-0.49482,Alicante
CNT_001888,CLI_001888,2020-12-21,2022-09-04,38.379253,-0.495883,Alicante
CNT_001889,CLI_001889,2023-11-03,2025-04-27,38.695563,-0.45617,Alcoy
CNT_001890,CLI_001890,2021-10-08,2023-09-23,38.400323,-0.435939,Sant Joan d'Alacant
CNT_001891,CLI_001891,2018-12-29,2019-03-20,38.31762,-0.495026,Alicante
CNT_001892,CLI_001892,2024-06-22,2025-05-07,38.283552,-0.703818,Elche
CNT_001893,CLI_001893,2017-07-25,2018-11-12,38.398512,-0.505556,San Vicente del Raspeig
CNT_001894,CLI_001894,2018-09-03,2019-05-27,38.334699,-0.486879,Alicante
CNT_001895,CLI_001895,2019-08-21,2021-01-22,37.944416,-0.694607,Torrevieja
CNT_001896,CLI_001896,2016-05-19,2017-03-24,38.715733,-0.48162,Alcoy
CNT_001897,CLI_001897,2022-12-28,2023-03-11,38.060246,-0.955483,Orihuela
CNT_001898,CLI_001898,2021-02-15,2022-03-10,38.330418,-0.495862,Alicante
CNT_001899,CLI_001899,2022-04-13,2024-02-17,38.273384,-0.726452,Elche
CNT_001900,CLI_001900,2024-07-14,2026-03-03,38.381941,-0.53879,San Vicente del Raspeig
CNT_001901,CLI_001901,2020-05-23,2021-11-29,37.951817,-0.697128,Torrevieja
CNT_001902,CLI_001902,2015-02-21,2017-02-09,38.292101,-0.466211,Alicante
CNT_001903,CLI_001903,2024-12-11,2026-04-16,38.707052,-0.477975,Alcoy
CNT_001904,CLI_001904,2019-01-09,2019-05-19,38.33157,-0.486179,Alicante
CNT_001905,CLI_001905,2022-04-13,2023-08-16,38.733527,-0.458159,Alcoy
CNT_001906,CLI_001906,2024-08-16,2025-06-09,38.320341,-0.448625,Alicante
CNT_001907,CLI_001907,2018-11-06,2019-12-02,38.625943,-0.869585,Villena
CNT_001908,CLI_001908,2021-08-18,2022-10-29,38.253061,-0.712179,Elche
CNT_001909,CLI_001909,2020-06-22,2020-08-27,38.270849,-0.717317,Elche
CNT_001910,CLI_001910,2024-12-16,2026-04-27,38.333445,-0.463681,Alicante
CNT_001911,CLI_001911,2021-08-19,2022-06-03,38.278971,-0.702804,Elche
CNT_001912,CLI_001912,2016-01-24,2017-07-15,38.466957,-0.796438,Elda
CNT_001913,CLI_001913,2019-07-31,2021-06-26,38.388966,-0.445823,Sant Joan d'Alacant
CNT_001914,CLI_001914,2016-11-04,2017-10-08,38.225939,-0.715233,Elche
CNT_001915,CLI_001915,2020-03-04,2021-12-05,38.216581,-0.691259,Elche
CNT_001916,CLI_001916,2022-10-22,2023-08-20,38.527983,-0.147085,Benidorm
CNT_001917,CLI_001917,2019-02-11,2020-11-26,38.836185,0.120623,Denia
CNT_001918,CLI_001918,2021-09-17,2022-02-03,38.072171,-0.955177,Orihuela
CNT_001919,CLI_001919,2016-08-15,2018-06-30,38.292855,-0.701592,Elche
CNT_001920,CLI_001920,2024-09-09,2026-05-25,38.292517,-0.727714,Elche
CNT_001921,CLI_001921,2022-08-11,2023-05-27,38.530182,-0.131448,Benidorm
CNT_001922,CLI_001922,2021-12-27,2023-11-13,38.300352,-0.489208,Alicante
CNT_001923,CLI_001923,2015-03-24,2016-01-15,38.073466,-0.945502,Orihuela
CNT_001924,CLI_001924,2021-06-24,2021-08-24,38.252304,-0.665922,Elche
CNT_001925,CLI_001925,2023-08-05,2024-02-27,38.388414,-0.523168,San Vicente del Raspeig
CNT_001926,CLI_001926,2016-02-18,2016-06-30,38.327757,-0.500866,Alicante
CNT_001927,CLI_001927,2021-11-05,2022-07-28,37.966938,-0.695004,Torrevieja
CNT_001928,CLI_001928,2022-08-25,2022-12-25,38.256996,-0.685207,Elche
CNT_001929,CLI_001929,2015-07-17,2016-03-03,38.072089,-0.918526,Orihuela
CNT_001930,CLI_001930,2021-04-25,2023-01-11,38.350408,-0.473952,Alicante
CNT_001931,CLI_001931,2019-09-09,2019-11-12,37.985187,-0.669803,Torrevieja
CNT_001932,CLI_001932,2021-06-03,2021-10-27,37.962308,-0.671225,Torrevieja
CNT_001933,CLI_001933,2018-07-27,2020-07-13,38.001579,-0.656657,Torrevieja
CNT_001934,CLI_001934,2015-10-27,2017-02-25,38.065199,-0.983492,Orihuela
CNT_001935,CLI_001935,2015-05-09,2016-09-20,38.514786,-0.123293,Benidorm
CNT_001936,CLI_001936,2021-12-20,2023-02-21,38.400869,-0.513495,San Vicente del Raspeig
CNT_001937,CLI_001937,2020-03-21,2021-12-07,38.324765,-0.514468,Alicante
CNT_001938,CLI_001938,2021-10-21,2022-03-16,38.400155,-0.535928,San Vicente del Raspeig
CNT_001939,CLI_001939,2019-09-12,2020-10-07,38.212619,-0.717017,Elche
CNT_001940,CLI_001940,2024-03-17,2024-11-05,38.380011,-0.49922,Alicante
CNT_001941,CLI_001941,2015-07-26,2016-01-17,38.362007,-0.493043,Alicante
CNT_001942,CLI_001942,2020-07-17,2021-11-02,38.23249,-0.692963,Elche
CNT_001943,CLI_001943,2015-10-21,2017-07-28,38.378555,-0.514912,San Vicente del Raspeig
CNT_001944,CLI_001944,2020-05-17,2021-04-08,38.554267,-0.118324,Benidorm
CNT_001945,CLI_001945,2020-02-17,2021-10-19,38.387451,-0.535354,San Vicente del Raspeig
CNT_001946,CLI_001946,2020-06-29,2021-11-27,37.963685,-0.697405,Torrevieja
CNT_001947,CLI_001947,2020-09-07,2021-05-25,38.215647,-0.669352,Elche
CNT_001948,CLI_001948,2021-02-04,2021-09-24,38.336431,-0.464831,Alicante
CNT_001949,CLI_001949,2020-09-19,2021-10-15,38.26049,-0.696477,Elche
CNT_001950,CLI_001950,2024-09-11,2025-11-09,38.281241,-0.687887,Elche
CNT_001951,CLI_001951,2018-04-30,2019-02-01,38.310223,-0.481745,Alicante
CNT_001952,CLI_001952,2021-07-19,2022-10-31,38.307193,-0.467885,Alicante
CNT_001953,CLI_001953,2019-11-08,2021-01-06,38.093819,-0.951221,Orihuela
CNT_001954,CLI_001954,2022-11-03,2024-09-18,38.710481,-0.470174,Alcoy
CNT_001955,CLI_001955,2022-08-16,2023-09-05,38.38726,-0.452095,Sant Joan d'Alacant
CNT_001956,CLI_001956,2016-09-17,2017-11-21,38.494715,-0.776878,Petrer
CNT_001957,CLI_001957,2015-10-05,2016-07-01,38.085551,-0.95804,Orihuela
CNT_001958,CLI_001958,2024-05-19,2025-05-24,38.28952,-0.706537,Elche
CNT_001959,CLI_001959,2016-06-12,2017-02-25,38.083396,-0.96303,Orihuela
CNT_001960,CLI_001960,2020-11-03,2022-05-29,38.366033,-0.531703,San Vicente del Raspeig
CNT_001961,CLI_001961,2020-04-08,2022-01-18,38.341401,-0.51886,Alicante
CNT_001962,CLI_001962,2021-06-22,2023-01-11,38.288823,-0.686229,Elche
CNT_001963,CLI_001963,2020-02-24,2022-01-25,38.467975,-0.79279,Elda
CNT_001964,CLI_001964,2020-04-09,2021-10-19,38.256965,-0.735815,Elche
CNT_001965,CLI_001965,2016-11-23,2017-09-15,37.97553,-0.697227,Torrevieja
CNT_001966,CLI_001966,2018-09-22,2019-02-27,37.926509,-0.676141,Torrevieja
CNT_001967,CLI_001967,2017-05-12,2018-01-16,38.386984,-0.494576,Alicante
CNT_001968,CLI_001968,2023-10-22,2024-02-10,38.24567,-0.713633,Elche
CNT_001969,CLI_001969,2021-06-20,2023-01-31,38.276626,-0.699941,Elche
CNT_001970,CLI_001970,2015-08-13,2017-03-17,38.343032,-0.47241,Alicante
CNT_001971,CLI_001971,2024-07-26,2024-09-13,38.37664,-0.516909,Alicante
CNT_001972,CLI_001972,2023-07-23,2024-07-13,38.483573,-0.785198,Elda
CNT_001973,CLI_001973,2020-04-01,2020-06-06,38.339327,-0.501007,Alicante
CNT_001974,CLI_001974,2020-05-21,2021-07-06,37.962617,-0.682523,Torrevieja
CNT_001975,CLI_001975,2020-05-10,2020-07-17,38.365146,-0.481886,Alicante
CNT_001976,CLI_001976,2020-01-14,2020-05-31,38.465166,-0.775271,Petrer
CNT_001977,CLI_001977,2015-03-09,2016-06-09,38.361347,-0.506591,Alicante
CNT_001978,CLI_001978,2019-07-01,2019-10-02,38.241321,-0.704585,Elche
CNT_001979,CLI_001979,2024-04-28,2024-11-18,38.493727,-0.772296,Elda
CNT_001980,CLI_001980,2017-10-17,2017-12-17,38.480636,-0.80814,Elda
CNT_001981,CLI_001981,2018-01-05,2019-07-19,38.361303,-0.438692,Alicante
CNT_001982,CLI_001982,2019-04-12,2019-08-25,38.397284,-0.528417,San Vicente del Raspeig
CNT_001983,CLI_001983,2022-12-13,2024-05-07,38.226948,-0.697522,Elche
CNT_001984,CLI_001984,2023-11-01,2024-06-23,38.246564,-0.722208,Elche
CNT_001985,CLI_001985,2023-08-10,2024-05-12,38.36201,-0.500282,Alicante
CNT_001986,CLI_001986,2019-03-05,2021-02-10,38.349366,-0.493573,Alicante
CNT_001987,CLI_001987,2019-01-10,2019-05-08,38.712572,-0.485948,Alcoy
CNT_001988,CLI_001988,2019-09-12,2020-08-22,38.274372,-0.702896,Elche
CNT_001989,CLI_001989,2019-05-02,2019-06-11,38.244233,-0.707254,Elche
CNT_001990,CLI_001990,2018-10-14,2018-12-31,38.688847,-0.451191,Alcoy
CNT_001991,CLI_001991,2018-07-24,2020-03-17,38.699635,-0.487392,Alcoy
CNT_001992,CLI_001992,2023-01-09,2023-07-28,38.287349,-0.478433,Alicante
CNT_001993,CLI_001993,2018-08-29,2019-02-17,38.118269,-0.939543,Orihuela
CNT_001994,CLI_001994,2023-09-12,2024-05-05,38.356244,-0.507758,Alicante
CNT_001995,CLI_001995,2023-04-07,2024-08-11,38.713124,-0.465158,Alcoy
CNT_001996,CLI_001996,2023-09-02,2025-02-21,38.053188,-0.952467,Orihuela
CNT_001997,CLI_001997,2018-05-27,2019-01-12,38.651935,-0.896109,Villena
CNT_001998,CLI_001998,2019-09-02,2019-10-06,38.400987,-0.464504,Alicante
CNT_001999,CLI_001999,2020-03-16,2020-11-11,38.312178,-0.508924,Alicante
CNT_002000,CLI_002000,2020-05-21,2020-07-18,38.364485,-0.507194,Alicante
CNT_002001,CLI_002001,2023-10-05,2024-05-11,38.345228,-0.463802,Alicante
CNT_002002,CLI_002002,2021-02-25,2021-09-30,38.306589,-0.489679,Alicante
CNT_002003,CLI_002003,2021-07-07,2022-01-02,38.848093,0.119467,Denia
CNT_002004,CLI_002004,2022-02-07,2023-08-15,38.36604,-0.450746,Alicante
CNT_002005,CLI_002005,2019-08-07,2020-09-05,38.330172,-0.497123,Alicante
CNT_002006,CLI_002006,2018-08-08,2019-02-10,38.712391,-0.463881,Alcoy
CNT_002007,CLI_002007,2020-10-14,2021-01-31,38.228831,-0.71492,Elche
CNT_002008,CLI_002008,2016-12-31,2017-10-29,38.680463,-0.446603,Alcoy
CNT_002009,CLI_002009,2016-07-21,2018-06-10,38.348615,-0.498324,Alicante
CNT_002010,CLI_002010,2022-05-28,2024-03-13,38.266058,-0.675726,Elche
CNT_002011,CLI_002011,2021-09-17,2023-03-18,38.327286,-0.459905,Alicante
CNT_002012,CLI_002012,2019-10-15,2020-07-02,38.36544,-0.473098,Alicante
CNT_002013,CLI_002013,2019-06-18,2021-04-26,38.848663,0.095642,Denia
CNT_002014,CLI_002014,2022-04-19,2022-10-25,38.366653,-0.484785,Alicante
CNT_002015,CLI_002015,2016-08-18,2017-08-26,37.976484,-0.720965,Torrevieja
CNT_002016,CLI_002016,2016-10-09,2017-08-23,38.278757,-0.693363,Elche
CNT_002017,CLI_002017,2021-01-02,2021-08-24,38.255696,-0.690608,Elche
CNT_002018,CLI_002018,2022-09-09,2023-08-09,38.871507,0.107702,Denia
CNT_002019,CLI_002019,2019-04-03,2020-04-26,38.324886,-0.555333,Alicante
CNT_002020,CLI_002020,2024-07-05,2026-05-25,38.559464,-0.146488,Benidorm
CNT_002021,CLI_002021,2015-05-05,2016-07-07,38.637419,-0.875177,Villena
CNT_002022,CLI_002022,2019-03-18,2020-07-08,37.953941,-0.67695,Torrevieja
CNT_002023,CLI_002023,2018-09-17,2019-01-30,38.497581,-0.767107,Petrer
CNT_002024,CLI_002024,2016-04-24,2016-08-13,38.348348,-0.485256,Alicante
CNT_002025,CLI_002025,2017-09-28,2018-10-04,38.284225,-0.684325,Elche
CNT_002026,CLI_002026,2016-12-12,2018-03-07,38.375796,-0.506656,Alicante
CNT_002027,CLI_002027,2020-05-24,2020-08-10,38.702455,-0.466077,Alcoy
CNT_002028,CLI_002028,2022-07-25,2023-03-17,38.39607,-0.434227,Sant Joan d'Alacant
CNT_002029,CLI_002029,2018-11-22,2019-07-27,38.369593,-0.471561,Alicante
CNT_002030,CLI_002030,2019-12-23,2021-11-27,38.084815,-0.948141,Orihuela
CNT_002031,CLI_002031,2017-03-25,2018-07-03,38.362346,-0.435231,Alicante
CNT_002032,CLI_002032,2023-06-29,2024-06-14,37.939933,-0.673322,Torrevieja
CNT_002033,CLI_002033,2015-02-25,2015-11-12,38.275334,-0.719603,Elche
CNT_002034,CLI_002034,2019-07-13,2020-12-10,38.629337,-0.86322,Villena
CNT_002035,CLI_002035,2015-05-12,2016-08-12,38.117866,-0.92945,Orihuela
CNT_002036,CLI_002036,2015-08-19,2016-06-27,38.279208,-0.711238,Elche
CNT_002037,CLI_002037,2016-01-30,2017-06-28,38.351196,-0.453768,Alicante
CNT_002038,CLI_002038,2023-10-29,2024-08-29,38.357358,-0.471449,Alicante
CNT_002039,CLI_002039,2024-10-13,2026-01-18,38.320239,-0.539562,Alicante
CNT_002040,CLI_002040,2017-09-08,2018-04-10,38.385781,-0.473508,Alicante
CNT_002041,CLI_002041,2023-03-30,2025-01-20,38.502596,-0.796672,Elda
CNT_002042,CLI_002042,2017-07-21,2018-03-23,37.985772,-0.672531,Torrevieja
CNT_002043,CLI_002043,2019-03-10,2019-07-14,38.007327,-0.665204,Torrevieja
CNT_002044,CLI_002044,2018-11-10,2019-04-07,38.330971,-0.476121,Alicante
CNT_002045,CLI_002045,2023-02-03,2024-03-03,38.469135,-0.771817,Elda
CNT_002046,CLI_002046,2016-06-16,2017-08-22,38.534691,-0.133444,Benidorm
CNT_002047,CLI_002047,2017-08-22,2019-05-31,38.356074,-0.46538,Alicante
CNT_002048,CLI_002048,2021-10-31,2022-12-31,38.529472,-0.121641,Benidorm
CNT_002049,CLI_002049,2024-12-30,2026-05-01,37.98838,-0.683952,Torrevieja
CNT_002050,CLI_002050,2020-12-13,2021-11-25,38.35286,-0.461531,Alicante
CNT_002051,CLI_002051,2016-07-08,2017-08-23,38.243537,-0.711383,Elche
CNT_002052,CLI_002052,2022-07-04,2022-12-22,38.276913,-0.707597,Elche
CNT_002053,CLI_002053,2021-12-11,2023-04-11,38.366788,-0.513812,Alicante
CNT_002054,CLI_002054,2022-04-13,2023-09-25,38.485615,-0.767586,Petrer
CNT_002055,CLI_002055,2023-01-17,2024-01-04,38.492532,-0.787897,Elda
CNT_002056,CLI_002056,2021-10-29,2022-08-22,38.519591,-0.117149,Benidorm
CNT_002057,CLI_002057,2019-02-02,2020-07-02,38.275795,-0.680895,Elche
CNT_002058,CLI_002058,2024-05-13,2026-04-21,38.239754,-0.704566,Elche
CNT_002059,CLI_002059,2021-12-30,2022-07-07,38.062518,-0.968064,Orihuela
CNT_002060,CLI_002060,2021-11-09,2021-12-22,37.967343,-0.674409,Torrevieja
CNT_002061,CLI_002061,2023-04-22,2023-10-23,38.321648,-0.453231,Alicante
CNT_002062,CLI_002062,2016-01-20,2016-05-29,38.253444,-0.681686,Elche
CNT_002063,CLI_002063,2016-12-12,2018-08-05,38.39373,-0.512286,San Vicente del Raspeig
CNT_002064,CLI_002064,2023-02-24,2023-05-07,38.283917,-0.702962,Elche
CNT_002065,CLI_002065,2019-01-11,2019-08-21,38.337171,-0.492665,Alicante
CNT_002066,CLI_002066,2023-09-22,2024-08-27,38.377272,-0.534143,San Vicente del Raspeig
CNT_002067,CLI_002067,2021-11-04,2023-08-16,38.373702,-0.482397,Alicante
CNT_002068,CLI_002068,2016-10-15,2018-07-11,38.324273,-0.482965,Alicante
CNT_002069,CLI_002069,2018-02-16,2019-06-25,38.343732,-0.475833,Alicante
CNT_002070,CLI_002070,2018-01-21,2018-08-01,38.275324,-0.701145,Elche
CNT_002071,CLI_002071,2022-01-12,2023-01-27,38.700795,-0.475004,Alcoy
CNT_002072,CLI_002072,2019-05-28,2020-02-15,37.998395,-0.69618,Torrevieja
CNT_002073,CLI_002073,2016-06-21,2017-08-27,38.357175,-0.45746,Alicante
CNT_002074,CLI_002074,2018-12-27,2020-01-11,38.468364,-0.790882,Elda
CNT_002075,CLI_002075,2020-03-12,2020-09-24,38.873378,0.103083,Denia
CNT_002076,CLI_002076,2021-01-01,2021-06-27,38.481032,-0.800769,Elda
CNT_002077,CLI_002077,2017-12-27,2018-02-22,38.341516,-0.514298,Alicante
CNT_002078,CLI_002078,2016-11-30,2017-09-14,38.286706,-0.669525,Elche
CNT_002079,CLI_002079,2020-03-16,2021-12-03,38.403645,-0.433508,Sant Joan d'Alacant
CNT_002080,CLI_002080,2020-12-18,2022-09-28,38.703191,-0.492887,Alcoy
CNT_002081,CLI_002081,2017-01-02,2018-04-18,38.407505,-0.461921,Alicante
CNT_002082,CLI_002082,2018-07-28,2020-05-16,38.338322,-0.457938,Alicante
CNT_002083,CLI_002083,2019-12-18,2021-06-26,38.258509,-0.695564,Elche
CNT_002084,CLI_002084,2019-08-03,2020-03-30,38.842449,0.129672,Denia
CNT_002085,CLI_002085,2024-12-16,2026-05-25,37.997987,-0.678299,Torrevieja
CNT_002086,CLI_002086,2016-05-27,2017-09-13,38.232356,-0.72947,Elche
CNT_002087,CLI_002087,2022-05-11,2023-09-05,38.296061,-0.471871,Alicante
CNT_002088,CLI_002088,2015-01-01,2016-03-09,38.073058,-0.939602,Orihuela
CNT_002089,CLI_002089,2020-05-19,2020-08-22,38.376693,-0.53254,San Vicente del Raspeig
CNT_002090,CLI_002090,2016-03-07,2017-05-15,38.256154,-0.685682,Elche
CNT_002091,CLI_002091,2021-09-04,2023-05-01,38.70443,-0.493412,Alcoy
CNT_002092,CLI_002092,2018-07-13,2019-10-20,38.626311,-0.854313,Villena
CNT_002093,CLI_002093,2016-02-03,2016-10-17,38.309529,-0.502953,Alicante
CNT_002094,CLI_002094,2017-03-18,2018-08-05,37.979948,-0.699929,Torrevieja
CNT_002095,CLI_002095,2018-07-03,2019-11-12,38.366764,-0.483846,Alicante
CNT_002096,CLI_002096,2021-09-08,2022-01-16,38.37596,-0.520104,San Vicente del Raspeig
CNT_002097,CLI_002097,2017-08-09,2018-11-04,37.993464,-0.679249,Torrevieja
CNT_002098,CLI_002098,2021-01-30,2022-02-19,38.101146,-0.959353,Orihuela
CNT_002099,CLI_002099,2017-12-04,2018-05-21,38.407749,-0.531373,San Vicente del Raspeig
CNT_002100,CLI_002100,2017-05-04,2019-02-23,38.292307,-0.723227,Elche
CNT_002101,CLI_002101,2023-10-18,2025-06-07,38.87373,0.10233,Denia
CNT_002102,CLI_002102,2022-01-30,2022-07-09,37.97229,-0.66285,Torrevieja
CNT_002103,CLI_002103,2017-01-14,2018-08-15,38.347939,-0.481107,Alicante
CNT_002104,CLI_002104,2022-07-31,2023-12-10,38.529203,-0.120987,Benidorm
CNT_002105,CLI_002105,2020-09-28,2022-02-19,38.396324,-0.507835,San Vicente del Raspeig
CNT_002106,CLI_002106,2023-07-30,2023-12-17,38.299223,-0.711236,Elche
CNT_002107,CLI_002107,2015-08-31,2016-02-29,38.46256,-0.794039,Elda
CNT_002108,CLI_002108,2024-02-23,2024-11-20,38.827784,0.138268,Denia
CNT_002109,CLI_002109,2018-03-09,2020-02-18,38.37963,-0.444891,Alicante
CNT_002110,CLI_002110,2023-11-03,2024-09-06,38.41058,-0.453552,Sant Joan d'Alacant
CNT_002111,CLI_002111,2022-03-29,2023-04-25,38.336122,-0.471321,Alicante
CNT_002112,CLI_002112,2019-06-08,2021-03-23,38.36656,-0.480986,Alicante
CNT_002113,CLI_002113,2015-10-03,2016-12-13,38.35373,-0.460339,Alicante
CNT_002114,CLI_002114,2023-06-30,2024-01-20,38.863204,0.094525,Denia
CNT_002115,CLI_002115,2015-01-08,2016-09-29,38.08629,-0.961292,Orihuela
CNT_002116,CLI_002116,2016-12-15,2017-05-28,38.370841,-0.497902,Alicante
CNT_002117,CLI_002117,2020-05-12,2021-10-29,38.323624,-0.710882,Elche
CNT_002118,CLI_002118,2020-09-11,2021-07-31,38.096762,-0.928194,Orihuela
CNT_002119,CLI_002119,2017-03-20,2018-08-26,38.346433,-0.51053,Alicante
CNT_002120,CLI_002120,2024-08-24,2025-11-15,38.851537,0.096361,Denia
CNT_002121,CLI_002121,2019-01-12,2019-09-04,38.391917,-0.546768,San Vicente del Raspeig
CNT_002122,CLI_002122,2017-07-16,2018-06-28,38.318035,-0.676143,Elche
CNT_002123,CLI_002123,2017-05-11,2017-08-21,38.639161,-0.850948,Villena
CNT_002124,CLI_002124,2015-02-06,2015-11-21,38.259495,-0.705496,Elche
CNT_002125,CLI_002125,2020-09-12,2021-10-04,38.393879,-0.441182,Sant Joan d'Alacant
CNT_002126,CLI_002126,2016-03-30,2016-09-23,38.547367,-0.125861,Benidorm
CNT_002127,CLI_002127,2016-03-19,2016-11-28,38.102144,-0.91501,Orihuela
CNT_002128,CLI_002128,2024-01-22,2024-06-04,38.332766,-0.470785,Alicante
CNT_002129,CLI_002129,2015-07-31,2017-03-07,38.849347,0.095237,Denia
CNT_002130,CLI_002130,2023-10-17,2024-11-05,38.232312,-0.733914,Elche
CNT_002131,CLI_002131,2022-07-12,2024-01-30,38.349824,-0.508878,Alicante
CNT_002132,CLI_002132,2022-04-09,2023-01-24,38.356519,-0.47917,Alicante
CNT_002133,CLI_002133,2019-09-26,2021-05-18,38.009432,-0.693996,Torrevieja
CNT_002134,CLI_002134,2017-09-08,2019-05-03,37.964825,-0.678691,Torrevieja
CNT_002135,CLI_002135,2021-08-05,2021-11-12,38.51886,-0.137935,Benidorm
CNT_002136,CLI_002136,2021-06-09,2022-09-28,38.827269,0.089828,Denia
CNT_002137,CLI_002137,2015-10-23,2017-02-10,38.311786,-0.510426,Alicante
CNT_002138,CLI_002138,2015-06-01,2016-03-13,38.71444,-0.454652,Alcoy
CNT_002139,CLI_002139,2020-05-23,2022-03-20,38.383916,-0.458775,Alicante
CNT_002140,CLI_002140,2024-01-08,2025-07-21,38.482543,-0.771034,Elda
CNT_002141,CLI_002141,2018-05-04,2018-09-29,38.410956,-0.518821,San Vicente del Raspeig
CNT_002142,CLI_002142,2016-08-22,2016-11-25,37.981111,-0.68994,Torrevieja
CNT_002143,CLI_002143,2018-08-15,2019-05-16,38.533059,-0.11542,Benidorm
CNT_002144,CLI_002144,2019-04-02,2019-06-27,38.258173,-0.699027,Elche
CNT_002145,CLI_002145,2019-02-20,2019-05-04,38.258671,-0.693441,Elche
CNT_002146,CLI_002146,2021-03-08,2022-09-12,38.377726,-0.525814,San Vicente del Raspeig
CNT_002147,CLI_002147,2015-08-20,2016-11-15,38.271314,-0.763132,Elche
CNT_002148,CLI_002148,2022-12-27,2024-07-14,38.264613,-0.662996,Elche
CNT_002149,CLI_002149,2022-07-05,2023-09-02,38.281898,-0.687498,Elche
CNT_002150,CLI_002150,2016-01-02,2017-04-25,38.397422,-0.521342,San Vicente del Raspeig
CNT_002151,CLI_002151,2016-04-25,2017-02-05,38.261921,-0.699659,Elche
CNT_002152,CLI_002152,2016-07-25,2017-08-19,38.32342,-0.476914,Alicante
CNT_002153,CLI_002153,2018-04-17,2020-01-12,38.535066,-0.138467,Benidorm
CNT_002154,CLI_002154,2019-02-16,2020-03-31,38.405159,-0.517901,San Vicente del Raspeig
CNT_002155,CLI_002155,2019-06-01,2020-09-15,38.316617,-0.513677,Alicante
CNT_002156,CLI_002156,2024-10-06,2026-04-22,38.347387,-0.476348,Alicante
CNT_002157,CLI_002157,2019-04-20,2020-09-04,38.351026,-0.466961,Alicante
CNT_002158,CLI_002158,2017-07-18,2018-01-20,38.249703,-0.702671,Elche
CNT_002159,CLI_002159,2017-11-05,2018-03-03,38.252567,-0.690141,Elche
CNT_002160,CLI_002160,2021-11-18,2022-07-07,38.701167,-0.485296,Alcoy
CNT_002161,CLI_002161,2018-11-26,2020-03-31,38.062132,-0.963817,Orihuela
CNT_002162,CLI_002162,2021-05-30,2022-10-22,38.091798,-0.939766,Orihuela
CNT_002163,CLI_002163,2015-06-20,2017-01-26,38.245802,-0.683372,Elche
CNT_002164,CLI_002164,2017-11-21,2019-03-19,38.491454,-0.814298,Elda
CNT_002165,CLI_002165,2021-04-29,2022-09-10,38.316932,-0.686816,Elche
CNT_002166,CLI_002166,2018-05-23,2019-07-06,38.393653,-0.443389,Sant Joan d'Alacant
CNT_002167,CLI_002167,2020-06-29,2021-09-02,38.095484,-0.948356,Orihuela
CNT_002168,CLI_002168,2022-02-18,2022-06-06,38.327031,-0.514488,Alicante
CNT_002169,CLI_002169,2015-07-08,2017-02-07,38.546691,-0.141519,Benidorm
CNT_002170,CLI_002170,2017-02-24,2018-04-15,38.237664,-0.677045,Elche
CNT_002171,CLI_002171,2016-08-05,2018-07-02,38.539967,-0.130906,Benidorm
CNT_002172,CLI_002172,2023-05-08,2025-03-28,38.323375,-0.490569,Alicante
CNT_002173,CLI_002173,2020-01-06,2021-01-12,38.340025,-0.483912,Alicante
CNT_002174,CLI_002174,2016-08-22,2017-12-09,38.466328,-0.785929,Elda
CNT_002175,CLI_002175,2017-04-25,2017-07-15,38.365759,-0.469988,Alicante
CNT_002176,CLI_002176,2024-02-15,2024-11-21,38.468656,-0.7927,Elda
CNT_002177,CLI_002177,2020-07-22,2022-06-10,38.358999,-0.453676,Alicante
CNT_002178,CLI_002178,2018-04-20,2019-04-13,38.077918,-0.925091,Orihuela
CNT_002179,CLI_002179,2024-10-16,2026-03-23,38.532826,-0.12634,Benidorm
CNT_002180,CLI_002180,2021-07-17,2022-07-31,38.268751,-0.697099,Elche
CNT_002181,CLI_002181,2017-08-11,2018-12-12,38.326154,-0.464567,Alicante
CNT_002182,CLI_002182,2020-08-31,2022-02-09,38.350459,-0.473143,Alicante
CNT_002183,CLI_002183,2018-01-02,2018-06-05,38.383458,-0.45448,Alicante
CNT_002184,CLI_002184,2019-06-14,2020-02-02,38.325748,-0.458511,Alicante
CNT_002185,CLI_002185,2020-02-14,2021-12-17,38.108236,-0.964865,Orihuela
CNT_002186,CLI_002186,2015-06-15,2015-08-04,38.498881,-0.78086,Petrer
CNT_002187,CLI_002187,2020-07-17,2022-03-28,38.468906,-0.800215,Elda
CNT_002188,CLI_002188,2015-08-22,2017-04-05,38.680939,-0.461686,Alcoy
CNT_002189,CLI_002189,2018-10-30,2019-11-25,38.399924,-0.544216,San Vicente del Raspeig
CNT_002190,CLI_002190,2018-12-27,2020-01-21,38.527631,-0.126563,Benidorm
CNT_002191,CLI_002191,2016-10-02,2017-02-24,38.391915,-0.471936,Alicante
CNT_002192,CLI_002192,2018-09-19,2018-12-12,38.841222,0.12314,Denia
CNT_002193,CLI_002193,2020-01-02,2020-11-18,38.524574,-0.129136,Benidorm
CNT_002194,CLI_002194,2016-08-29,2016-11-17,37.958051,-0.706378,Torrevieja
CNT_002195,CLI_002195,2016-06-23,2017-04-02,38.372448,-0.504984,Alicante
CNT_002196,CLI_002196,2023-07-04,2024-12-06,38.252934,-0.724304,Elche
CNT_002197,CLI_002197,2019-01-07,2020-08-31,38.266464,-0.710135,Elche
CNT_002198,CLI_002198,2024-01-16,2024-09-26,38.49017,-0.793995,Elda
CNT_002199,CLI_002199,2021-06-23,2022-11-03,37.969983,-0.703178,Torrevieja
CNT_002200,CLI_002200,2015-12-09,2016-04-19,38.26449,-0.665945,Elche
CNT_002201,CLI_002201,2024-08-02,2024-10-18,38.636801,-0.882103,Villena
CNT_002202,CLI_002202,2023-04-15,2024-04-20,38.362283,-0.447347,Alicante
CNT_002203,CLI_002203,2016-09-28,2017-06-17,38.278496,-0.672226,Elche
CNT_002204,CLI_002204,2024-09-07,2026-05-11,38.339697,-0.458542,Alicante
CNT_002205,CLI_002205,2015-03-20,2016-10-28,38.699164,-0.481725,Alcoy
CNT_002206,CLI_002206,2023-01-19,2023-10-03,38.480182,-0.766575,Petrer
CNT_002207,CLI_002207,2022-03-05,2023-09-07,38.30826,-0.512934,Alicante
CNT_002208,CLI_002208,2021-11-01,2023-07-15,38.481791,-0.780869,Elda
CNT_002209,CLI_002209,2021-05-18,2021-06-29,38.392505,-0.48285,Alicante
CNT_002210,CLI_002210,2022-06-15,2023-11-25,38.827444,0.09956,Denia
CNT_002211,CLI_002211,2020-10-05,2022-01-22,38.689124,-0.488085,Alcoy
CNT_002212,CLI_002212,2015-07-10,2016-07-13,38.385851,-0.55503,San Vicente del Raspeig
CNT_002213,CLI_002213,2016-10-05,2017-09-23,38.363315,-0.506964,Alicante
CNT_002214,CLI_002214,2019-01-26,2020-10-12,38.642382,-0.852846,Villena
CNT_002215,CLI_002215,2020-09-20,2022-06-09,38.696498,-0.478234,Alcoy
CNT_002216,CLI_002216,2019-02-18,2019-08-23,38.32225,-0.485233,Alicante
CNT_002217,CLI_002217,2023-11-19,2025-10-04,38.397409,-0.517433,San Vicente del Raspeig
CNT_002218,CLI_002218,2022-06-19,2024-02-13,38.306084,-0.435858,Alicante
CNT_002219,CLI_002219,2024-02-04,2025-05-09,38.480421,-0.7759,Elda
CNT_002220,CLI_002220,2024-10-21,2026-05-25,38.366988,-0.505308,Alicante
CNT_002221,CLI_002221,2021-12-24,2023-03-05,38.519186,-0.154611,Benidorm
CNT_002222,CLI_002222,2018-05-01,2018-11-04,37.951115,-0.639727,Torrevieja
CNT_002223,CLI_002223,2017-02-28,2017-09-30,38.384686,-0.424275,Alicante
CNT_002224,CLI_002224,2022-08-29,2024-01-31,38.329906,-0.476289,Alicante
CNT_002225,CLI_002225,2017-01-11,2018-07-30,38.373599,-0.512762,Alicante
CNT_002226,CLI_002226,2021-01-21,2022-02-11,38.262112,-0.677109,Elche
CNT_002227,CLI_002227,2022-09-03,2023-09-29,38.341151,-0.4837,Alicante
CNT_002228,CLI_002228,2015-03-31,2015-12-09,38.093568,-0.94676,Orihuela
CNT_002229,CLI_002229,2019-09-11,2021-06-14,38.3231,-0.458639,Alicante
CNT_002230,CLI_002230,2017-09-13,2018-05-04,38.348512,-0.472641,Alicante
CNT_002231,CLI_002231,2023-07-27,2023-09-02,38.693822,-0.48763,Alcoy
CNT_002232,CLI_002232,2024-02-17,2025-07-02,38.312188,-0.489119,Alicante
CNT_002233,CLI_002233,2016-10-09,2017-04-28,38.845762,0.115617,Denia
CNT_002234,CLI_002234,2022-08-29,2023-01-01,38.47554,-0.785677,Elda
CNT_002235,CLI_002235,2017-03-29,2019-03-02,38.532316,-0.128156,Benidorm
CNT_002236,CLI_002236,2015-08-31,2017-05-29,38.060597,-0.925832,Orihuela
CNT_002237,CLI_002237,2022-06-03,2023-05-04,38.864571,0.100274,Denia
CNT_002238,CLI_002238,2022-12-15,2024-10-31,38.367118,-0.476533,Alicante
CNT_002239,CLI_002239,2020-03-14,2020-12-26,38.369304,-0.565389,Alicante
CNT_002240,CLI_002240,2015-08-07,2016-12-22,38.337564,-0.492241,Alicante
CNT_002241,CLI_002241,2015-01-09,2015-12-04,38.37555,-0.516133,San Vicente del Raspeig
CNT_002242,CLI_002242,2016-03-05,2017-07-12,38.394023,-0.49076,Alicante
CNT_002243,CLI_002243,2015-01-13,2016-10-17,37.9776,-0.690592,Torrevieja
CNT_002244,CLI_002244,2019-12-04,2021-11-21,38.394661,-0.447873,Sant Joan d'Alacant
CNT_002245,CLI_002245,2023-02-02,2024-01-25,38.483702,-0.77976,Elda
CNT_002246,CLI_002246,2023-04-06,2023-08-23,37.999708,-0.672328,Torrevieja
CNT_002247,CLI_002247,2024-01-10,2024-06-16,38.344624,-0.460365,Alicante
CNT_002248,CLI_002248,2016-11-20,2017-05-05,38.494043,-0.812515,Elda
CNT_002249,CLI_002249,2019-11-18,2021-06-08,38.10646,-0.947709,Orihuela
CNT_002250,CLI_002250,2023-08-05,2025-06-13,38.31829,-0.488003,Alicante
CNT_002251,CLI_002251,2016-11-07,2017-05-19,38.328355,-0.488014,Alicante
CNT_002252,CLI_002252,2024-10-14,2025-10-27,38.855063,0.09646,Denia
CNT_002253,CLI_002253,2021-02-09,2022-06-16,38.501649,-0.135453,Benidorm
CNT_002254,CLI_002254,2017-10-01,2019-08-04,38.394507,-0.515104,San Vicente del Raspeig
CNT_002255,CLI_002255,2015-07-27,2017-01-10,38.819238,0.077007,Denia
CNT_002256,CLI_002256,2022-01-19,2022-07-18,37.970122,-0.650209,Torrevieja
CNT_002257,CLI_002257,2018-08-16,2019-05-18,37.973321,-0.673491,Torrevieja
CNT_002258,CLI_002258,2022-11-05,2023-03-24,38.257619,-0.699231,Elche
CNT_002259,CLI_002259,2017-09-29,2019-06-05,38.25335,-0.67835,Elche
CNT_002260,CLI_002260,2024-01-26,2024-11-25,38.241363,-0.73024,Elche
CNT_002261,CLI_002261,2021-11-07,2022-02-11,38.725903,-0.481376,Alcoy
CNT_002262,CLI_002262,2019-11-01,2020-01-19,38.122149,-0.946922,Orihuela
CNT_002263,CLI_002263,2023-01-28,2024-07-25,38.823269,0.126183,Denia
CNT_002264,CLI_002264,2019-04-03,2019-12-14,38.300307,-0.699323,Elche
CNT_002265,CLI_002265,2019-08-10,2021-04-08,38.076811,-0.935499,Orihuela
CNT_002266,CLI_002266,2021-04-10,2022-09-27,38.087384,-0.956292,Orihuela
CNT_002267,CLI_002267,2024-12-13,2025-06-15,38.083535,-0.934763,Orihuela
CNT_002268,CLI_002268,2020-06-08,2021-10-30,38.526283,-0.111173,Benidorm
CNT_002269,CLI_002269,2017-02-09,2017-06-29,38.369796,-0.456112,Alicante
CNT_002270,CLI_002270,2015-08-26,2017-01-19,38.26827,-0.700092,Elche
CNT_002271,CLI_002271,2024-01-31,2024-11-29,38.333286,-0.464113,Alicante
CNT_002272,CLI_002272,2021-07-20,2022-01-20,38.236799,-0.685595,Elche
CNT_002273,CLI_002273,2024-09-25,2026-05-25,38.245841,-0.687155,Elche
CNT_002274,CLI_002274,2021-06-15,2021-12-28,38.051972,-0.922261,Orihuela
CNT_002275,CLI_002275,2019-05-04,2019-06-21,38.637147,-0.852946,Villena
CNT_002276,CLI_002276,2018-07-31,2019-08-09,38.060867,-0.947043,Orihuela
CNT_002277,CLI_002277,2020-09-16,2022-05-07,38.695213,-0.465697,Alcoy
CNT_002278,CLI_002278,2019-12-25,2020-11-12,38.295642,-0.706728,Elche
CNT_002279,CLI_002279,2015-02-01,2016-12-06,38.108786,-0.962961,Orihuela
CNT_002280,CLI_002280,2024-01-28,2025-06-02,38.344393,-0.487737,Alicante
CNT_002281,CLI_002281,2024-12-03,2025-12-05,38.343023,-0.482907,Alicante
CNT_002282,CLI_002282,2015-10-19,2017-02-11,38.306857,-0.734855,Elche
CNT_002283,CLI_002283,2015-10-19,2016-10-26,38.276957,-0.679373,Elche
CNT_002284,CLI_002284,2019-07-01,2021-04-21,38.337005,-0.550183,Alicante
CNT_002285,CLI_002285,2022-09-06,2022-12-29,38.30955,-0.41313,Alicante
CNT_002286,CLI_002286,2018-11-06,2020-09-25,38.355047,-0.443453,Alicante
CNT_002287,CLI_002287,2016-07-31,2017-09-22,38.646952,-0.869332,Villena
CNT_002288,CLI_002288,2018-03-07,2018-11-18,38.251604,-0.698093,Elche
CNT_002289,CLI_002289,2018-05-08,2019-03-19,38.271906,-0.691635,Elche
CNT_002290,CLI_002290,2024-04-29,2025-03-08,38.336111,-0.495729,Alicante
CNT_002291,CLI_002291,2022-04-06,2022-08-22,38.081119,-0.940648,Orihuela
CNT_002292,CLI_002292,2016-03-22,2016-09-02,38.283004,-0.4846,Alicante
CNT_002293,CLI_002293,2024-05-12,2025-03-28,38.339655,-0.483357,Alicante
CNT_002294,CLI_002294,2015-10-05,2017-07-10,38.286826,-0.694308,Elche
CNT_002295,CLI_002295,2023-04-30,2024-10-18,38.329415,-0.513838,Alicante
CNT_002296,CLI_002296,2022-01-23,2023-11-12,38.346513,-0.480011,Alicante
CNT_002297,CLI_002297,2019-12-30,2020-02-26,38.326301,-0.476914,Alicante
CNT_002298,CLI_002298,2018-11-23,2020-01-20,38.354211,-0.477779,Alicante
CNT_002299,CLI_002299,2024-06-24,2024-08-19,38.339787,-0.486396,Alicante
CNT_002300,CLI_002300,2017-09-10,2019-01-19,38.244837,-0.673267,Elche
CNT_002301,CLI_002301,2022-04-03,2022-05-15,38.412291,-0.529544,San Vicente del Raspeig
CNT_002302,CLI_002302,2022-02-22,2023-09-28,37.995421,-0.678108,Torrevieja
CNT_002303,CLI_002303,2023-06-09,2024-09-25,38.252192,-0.669759,Elche
CNT_002304,CLI_002304,2022-03-23,2022-12-01,38.357645,-0.482984,Alicante
CNT_002305,CLI_002305,2019-04-22,2020-08-26,38.489274,-0.767855,Petrer
CNT_002306,CLI_002306,2015-02-28,2015-04-19,38.279631,-0.70042,Elche
CNT_002307,CLI_002307,2023-08-26,2024-10-15,38.302844,-0.450066,Alicante
CNT_002308,CLI_002308,2016-04-03,2018-02-09,38.104932,-0.949654,Orihuela
CNT_002309,CLI_002309,2015-04-14,2016-04-03,38.330958,-0.448916,Alicante
CNT_002310,CLI_002310,2017-04-10,2018-08-19,38.257628,-0.700579,Elche
CNT_002311,CLI_002311,2017-02-27,2019-01-14,38.323533,-0.717208,Elche
CNT_002312,CLI_002312,2020-11-21,2022-05-26,38.482322,-0.783648,Elda
CNT_002313,CLI_002313,2024-02-08,2024-10-19,38.257001,-0.705003,Elche
CNT_002314,CLI_002314,2017-01-11,2018-11-24,38.507736,-0.123854,Benidorm
CNT_002315,CLI_002315,2024-04-29,2025-09-15,38.413908,-0.463065,Sant Joan d'Alacant
CNT_002316,CLI_002316,2024-09-04,2026-05-25,38.31157,-0.48087,Alicante
CNT_002317,CLI_002317,2019-04-22,2020-08-21,38.320114,-0.49249,Alicante
CNT_002318,CLI_002318,2021-06-06,2023-04-06,38.25821,-0.721692,Elche
CNT_002319,CLI_002319,2022-05-25,2023-01-22,38.296661,-0.710471,Elche
CNT_002320,CLI_002320,2016-07-08,2018-05-31,38.282511,-0.710921,Elche
CNT_002321,CLI_002321,2016-09-19,2018-02-11,38.838332,0.10498,Denia
CNT_002322,CLI_002322,2024-05-05,2024-11-30,38.5379,-0.147708,Benidorm
CNT_002323,CLI_002323,2024-10-03,2026-04-23,38.072792,-0.938175,Orihuela
CNT_002324,CLI_002324,2018-01-12,2019-07-22,38.268572,-0.668243,Elche
CNT_002325,CLI_002325,2023-02-24,2023-04-16,38.39718,-0.521929,San Vicente del Raspeig
CNT_002326,CLI_002326,2024-02-13,2025-02-21,38.648625,-0.856492,Villena
CNT_002327,CLI_002327,2021-08-04,2023-04-02,38.407906,-0.512165,San Vicente del Raspeig
CNT_002328,CLI_002328,2020-11-04,2020-12-24,38.357549,-0.450088,Alicante
CNT_002329,CLI_002329,2016-03-03,2017-05-14,38.077553,-0.907097,Orihuela
CNT_002330,CLI_002330,2021-08-11,2023-01-09,38.363746,-0.49348,Alicante
CNT_002331,CLI_002331,2021-07-18,2023-01-26,38.342901,-0.498962,Alicante
CNT_002332,CLI_002332,2021-07-22,2022-10-10,38.318152,-0.461413,Alicante
CNT_002333,CLI_002333,2020-01-01,2020-10-28,38.076734,-0.930335,Orihuela
CNT_002334,CLI_002334,2020-04-28,2020-12-18,38.535214,-0.121992,Benidorm
CNT_002335,CLI_002335,2020-11-13,2021-10-06,38.367955,-0.433768,Alicante
CNT_002336,CLI_002336,2024-02-09,2026-01-10,38.261462,-0.69805,Elche
CNT_002337,CLI_002337,2020-02-21,2021-09-25,38.238898,-0.688925,Elche
CNT_002338,CLI_002338,2018-03-05,2018-07-20,38.266748,-0.719869,Elche
CNT_002339,CLI_002339,2018-06-25,2020-04-21,38.348036,-0.427617,Alicante
CNT_002340,CLI_002340,2024-10-10,2025-04-09,38.269588,-0.705704,Elche
CNT_002341,CLI_002341,2017-06-02,2017-07-14,38.709438,-0.477099,Alcoy
CNT_002342,CLI_002342,2016-04-30,2016-08-16,38.370673,-0.489669,Alicante
CNT_002343,CLI_002343,2018-11-26,2020-07-01,38.330345,-0.497122,Alicante
CNT_002344,CLI_002344,2016-08-26,2017-03-12,38.251945,-0.714348,Elche
CNT_002345,CLI_002345,2016-02-16,2016-11-20,38.473498,-0.775237,Petrer
CNT_002346,CLI_002346,2020-06-17,2020-11-14,38.542586,-0.14769,Benidorm
CNT_002347,CLI_002347,2020-04-15,2021-06-05,38.551586,-0.140724,Benidorm
CNT_002348,CLI_002348,2021-10-31,2023-02-11,38.258568,-0.655423,Elche
CNT_002349,CLI_002349,2015-09-04,2016-07-01,38.079971,-0.929787,Orihuela
CNT_002350,CLI_002350,2022-09-18,2023-08-13,38.38187,-0.457852,Alicante
CNT_002351,CLI_002351,2022-07-09,2023-11-23,38.094911,-0.920956,Orihuela
CNT_002352,CLI_002352,2021-10-04,2022-04-09,38.847244,0.133212,Denia
CNT_002353,CLI_002353,2020-12-11,2022-10-04,38.060982,-0.979928,Orihuela
CNT_002354,CLI_002354,2024-02-14,2024-10-27,38.486845,-0.806559,Elda
CNT_002355,CLI_002355,2023-11-15,2025-02-07,38.52305,-0.140945,Benidorm
CNT_002356,CLI_002356,2023-03-08,2023-04-30,38.316849,-0.492743,Alicante
CNT_002357,CLI_002357,2023-01-03,2024-07-23,38.835498,0.101191,Denia
CNT_002358,CLI_002358,2023-09-18,2025-05-09,38.330555,-0.492174,Alicante
CNT_002359,CLI_002359,2024-03-15,2026-01-11,37.974711,-0.678252,Torrevieja
CNT_002360,CLI_002360,2019-06-11,2020-12-31,38.309175,-0.480118,Alicante
CNT_002361,CLI_002361,2020-08-22,2021-01-26,38.36917,-0.499071,Alicante
CNT_002362,CLI_002362,2024-02-17,2024-06-19,38.290309,-0.746162,Elche
CNT_002363,CLI_002363,2017-03-10,2018-06-03,38.296516,-0.505822,Alicante
CNT_002364,CLI_002364,2023-06-22,2024-04-18,38.287026,-0.710383,Elche
CNT_002365,CLI_002365,2017-08-02,2018-12-28,37.96411,-0.686647,Torrevieja
CNT_002366,CLI_002366,2021-02-25,2021-03-31,38.366624,-0.509242,Alicante
CNT_002367,CLI_002367,2018-06-19,2018-12-22,38.343489,-0.49327,Alicante
CNT_002368,CLI_002368,2018-06-16,2018-09-05,37.979218,-0.702558,Torrevieja
CNT_002369,CLI_002369,2021-06-08,2022-03-07,38.261428,-0.701068,Elche
CNT_002370,CLI_002370,2018-04-03,2020-02-24,38.712946,-0.486277,Alcoy
CNT_002371,CLI_002371,2022-08-17,2023-11-09,38.060008,-0.961478,Orihuela
CNT_002372,CLI_002372,2015-06-25,2016-09-21,38.485994,-0.807504,Elda
CNT_002373,CLI_002373,2017-11-18,2018-03-07,38.547416,-0.133142,Benidorm
CNT_002374,CLI_002374,2022-06-17,2023-07-05,38.281259,-0.717362,Elche
CNT_002375,CLI_002375,2022-01-26,2023-11-05,38.562096,-0.120419,Benidorm
CNT_002376,CLI_002376,2018-08-10,2020-07-05,38.331976,-0.470854,Alicante
CNT_002377,CLI_002377,2016-04-21,2017-03-09,38.286561,-0.699837,Elche
CNT_002378,CLI_002378,2021-08-27,2022-01-19,38.395027,-0.53487,San Vicente del Raspeig
CNT_002379,CLI_002379,2022-02-16,2023-08-28,38.292635,-0.689929,Elche
CNT_002380,CLI_002380,2019-09-12,2021-02-02,38.396208,-0.517012,San Vicente del Raspeig
CNT_002381,CLI_002381,2024-03-21,2025-02-01,38.391645,-0.523588,San Vicente del Raspeig
CNT_002382,CLI_002382,2019-08-02,2021-06-29,38.494373,-0.772556,Elda
CNT_002383,CLI_002383,2015-11-30,2017-04-19,38.478984,-0.765404,Petrer
CNT_002384,CLI_002384,2018-06-25,2018-08-18,38.23442,-0.678201,Elche
CNT_002385,CLI_002385,2018-06-18,2019-09-21,38.254129,-0.695362,Elche
CNT_002386,CLI_002386,2023-09-13,2024-07-16,37.989843,-0.670038,Torrevieja
CNT_002387,CLI_002387,2023-01-24,2024-01-05,38.296125,-0.715829,Elche
CNT_002388,CLI_002388,2017-07-19,2019-05-17,38.087023,-0.953668,Orihuela
CNT_002389,CLI_002389,2016-11-15,2017-12-07,38.550018,-0.127108,Benidorm
CNT_002390,CLI_002390,2016-07-14,2017-05-15,38.517902,-0.127195,Benidorm
CNT_002391,CLI_002391,2015-05-03,2017-04-21,38.255748,-0.687133,Elche
CNT_002392,CLI_002392,2017-11-24,2018-12-02,38.337986,-0.45349,Alicante
CNT_002393,CLI_002393,2022-04-19,2023-07-23,38.26298,-0.729649,Elche
CNT_002394,CLI_002394,2023-04-24,2024-12-02,38.347302,-0.505361,Alicante
CNT_002395,CLI_002395,2017-04-19,2018-12-02,38.851064,0.109144,Denia
CNT_002396,CLI_002396,2016-02-20,2017-06-02,38.255714,-0.714236,Elche
CNT_002397,CLI_002397,2016-12-08,2018-04-13,38.348676,-0.396556,Alicante
CNT_002398,CLI_002398,2022-05-08,2023-03-03,38.344072,-0.468107,Alicante
CNT_002399,CLI_002399,2024-04-21,2025-07-25,38.066282,-0.946067,Orihuela
CNT_002400,CLI_002400,2024-03-20,2024-05-09,38.082527,-0.954809,Orihuela
CNT_002401,CLI_002401,2024-08-04,2025-01-23,38.262339,-0.708864,Elche
CNT_002402,CLI_002402,2015-12-13,2016-12-29,38.341073,-0.480246,Alicante
CNT_002403,CLI_002403,2020-09-15,2022-01-22,38.266199,-0.695836,Elche
CNT_002404,CLI_002404,2019-09-20,2021-01-29,38.267165,-0.708347,Elche
CNT_002405,CLI_002405,2022-01-03,2023-06-29,38.529012,-0.134578,Benidorm
CNT_002406,CLI_002406,2017-04-28,2018-09-03,38.110254,-0.917614,Orihuela
CNT_002407,CLI_002407,2016-06-18,2017-08-15,38.239771,-0.667841,Elche
CNT_002408,CLI_002408,2023-02-05,2023-05-03,38.327176,-0.474699,Alicante
CNT_002409,CLI_002409,2022-09-21,2023-02-23,38.42642,-0.450571,Sant Joan d'Alacant
CNT_002410,CLI_002410,2019-09-26,2021-01-28,38.242664,-0.686453,Elche
CNT_002411,CLI_002411,2020-03-16,2020-06-05,38.517955,-0.112649,Benidorm
CNT_002412,CLI_002412,2016-10-25,2017-08-19,38.363562,-0.446755,Alicante
CNT_002413,CLI_002413,2017-11-07,2018-03-12,38.219803,-0.682143,Elche
CNT_002414,CLI_002414,2015-01-27,2015-11-25,38.339318,-0.445439,Alicante
CNT_002415,CLI_002415,2022-01-27,2023-01-14,38.312708,-0.697126,Elche
CNT_002416,CLI_002416,2017-11-18,2019-07-13,38.618461,-0.858663,Villena
CNT_002417,CLI_002417,2019-08-02,2020-01-11,38.221897,-0.713277,Elche
CNT_002418,CLI_002418,2023-05-14,2023-09-09,38.30772,-0.473693,Alicante
CNT_002419,CLI_002419,2022-05-29,2024-05-12,38.367659,-0.447762,Alicante
CNT_002420,CLI_002420,2019-07-17,2019-08-20,38.290245,-0.711267,Elche
CNT_002421,CLI_002421,2016-10-01,2017-10-22,38.332385,-0.502536,Alicante
CNT_002422,CLI_002422,2023-09-24,2024-09-30,38.36228,-0.478563,Alicante
CNT_002423,CLI_002423,2023-10-09,2024-05-29,38.715083,-0.47612,Alcoy
CNT_002424,CLI_002424,2024-03-14,2026-02-15,38.304822,-0.684019,Elche
CNT_002425,CLI_002425,2019-10-08,2021-06-01,38.339042,-0.492331,Alicante
CNT_002426,CLI_002426,2024-01-21,2025-06-04,38.806178,0.131477,Denia
CNT_002427,CLI_002427,2015-02-11,2016-06-18,38.324678,-0.513242,Alicante
CNT_002428,CLI_002428,2023-11-06,2025-04-15,38.631878,-0.851155,Villena
CNT_002429,CLI_002429,2019-09-11,2019-12-12,38.259803,-0.715127,Elche
CNT_002430,CLI_002430,2023-10-02,2025-05-09,38.837882,0.07876,Denia
CNT_002431,CLI_002431,2024-02-14,2024-11-08,38.107178,-0.939742,Orihuela
CNT_002432,CLI_002432,2024-03-01,2025-09-21,38.411593,-0.528355,San Vicente del Raspeig
CNT_002433,CLI_002433,2021-03-10,2021-10-23,38.399855,-0.448486,Sant Joan d'Alacant
CNT_002434,CLI_002434,2020-06-09,2022-05-22,38.372662,-0.523034,Alicante
CNT_002435,CLI_002435,2024-09-14,2024-11-12,38.641292,-0.8663,Villena
CNT_002436,CLI_002436,2022-11-23,2024-10-18,38.266919,-0.676832,Elche
CNT_002437,CLI_002437,2016-12-02,2017-07-28,38.285444,-0.685431,Elche
CNT_002438,CLI_002438,2024-12-20,2025-03-22,38.26709,-0.697052,Elche
CNT_002439,CLI_002439,2018-12-25,2019-03-21,38.015741,-0.673581,Torrevieja
CNT_002440,CLI_002440,2020-10-28,2022-02-02,38.30924,-0.48168,Alicante
CNT_002441,CLI_002441,2023-03-22,2024-02-22,37.969427,-0.707935,Torrevieja
CNT_002442,CLI_002442,2018-06-05,2020-01-30,37.976423,-0.707776,Torrevieja
CNT_002443,CLI_002443,2023-01-28,2024-06-06,38.703673,-0.475838,Alcoy
CNT_002444,CLI_002444,2023-09-02,2025-07-15,38.493916,-0.793728,Elda
CNT_002445,CLI_002445,2021-10-07,2023-07-03,38.264963,-0.679578,Elche
CNT_002446,CLI_002446,2020-06-19,2020-11-02,38.309644,-0.462067,Alicante
CNT_002447,CLI_002447,2017-07-07,2019-03-28,38.366263,-0.465872,Alicante
CNT_002448,CLI_002448,2022-01-07,2022-12-03,38.364074,-0.488007,Alicante
CNT_002449,CLI_002449,2015-06-14,2017-03-24,38.296654,-0.515516,Alicante
CNT_002450,CLI_002450,2018-12-20,2019-03-05,38.265416,-0.689234,Elche
CNT_002451,CLI_002451,2023-05-03,2023-08-17,38.305446,-0.467871,Alicante
CNT_002452,CLI_002452,2023-04-29,2023-11-13,38.629024,-0.894862,Villena
CNT_002453,CLI_002453,2023-01-19,2023-06-26,37.962449,-0.697218,Torrevieja
CNT_002454,CLI_002454,2023-05-22,2024-03-14,38.283304,-0.713503,Elche
CNT_002455,CLI_002455,2017-12-01,2019-08-22,37.980803,-0.68007,Torrevieja
CNT_002456,CLI_002456,2019-12-26,2021-08-31,38.31306,-0.501084,Alicante
CNT_002457,CLI_002457,2022-08-20,2023-11-11,38.284861,-0.699139,Elche
CNT_002458,CLI_002458,2024-07-06,2025-01-12,38.056124,-0.948711,Orihuela
CNT_002459,CLI_002459,2022-09-03,2022-11-29,38.272763,-0.701801,Elche
CNT_002460,CLI_002460,2021-09-29,2022-11-16,38.247592,-0.714061,Elche
CNT_002461,CLI_002461,2024-03-25,2025-09-15,38.398109,-0.444251,Sant Joan d'Alacant
CNT_002462,CLI_002462,2023-07-24,2024-10-25,38.848264,0.089496,Denia
CNT_002463,CLI_002463,2015-12-02,2016-12-05,38.095229,-0.936899,Orihuela
CNT_002464,CLI_002464,2020-04-08,2021-12-06,38.002765,-0.67192,Torrevieja
CNT_002465,CLI_002465,2017-05-30,2017-07-24,38.083155,-0.959912,Orihuela
CNT_002466,CLI_002466,2018-12-24,2020-09-02,38.352861,-0.442984,Alicante
CNT_002467,CLI_002467,2017-08-29,2018-10-04,38.25587,-0.705221,Elche
CNT_002468,CLI_002468,2022-06-25,2022-08-29,38.34975,-0.442745,Alicante
CNT_002469,CLI_002469,2024-04-28,2025-11-09,38.275169,-0.712427,Elche
CNT_002470,CLI_002470,2022-08-20,2023-06-12,37.97693,-0.718678,Torrevieja
CNT_002471,CLI_002471,2024-07-09,2025-10-13,38.300106,-0.470945,Alicante
CNT_002472,CLI_002472,2015-01-30,2015-03-19,38.640978,-0.863217,Villena
CNT_002473,CLI_002473,2024-11-15,2025-11-18,38.846168,0.106216,Denia
CNT_002474,CLI_002474,2019-03-21,2019-09-06,38.526038,-0.139007,Benidorm
CNT_002475,CLI_002475,2016-07-28,2016-11-01,37.955581,-0.682822,Torrevieja
CNT_002476,CLI_002476,2015-08-09,2017-02-18,38.496411,-0.797935,Elda
CNT_002477,CLI_002477,2017-04-06,2018-05-09,38.357486,-0.488559,Alicante
CNT_002478,CLI_002478,2020-07-06,2021-04-22,38.393551,-0.5152,San Vicente del Raspeig
CNT_002479,CLI_002479,2022-03-26,2024-01-08,38.316774,-0.476395,Alicante
CNT_002480,CLI_002480,2019-02-26,2020-12-13,38.386438,-0.517981,San Vicente del Raspeig
CNT_002481,CLI_002481,2017-01-23,2018-12-31,38.377765,-0.486797,Alicante
CNT_002482,CLI_002482,2018-06-30,2020-02-28,38.480352,-0.795904,Elda
CNT_002483,CLI_002483,2019-05-07,2021-01-07,38.478394,-0.781535,Petrer
CNT_002484,CLI_002484,2024-04-15,2024-12-03,38.357942,-0.490251,Alicante
CNT_002485,CLI_002485,2023-07-08,2025-05-06,38.247583,-0.771365,Elche
CNT_002486,CLI_002486,2017-10-17,2018-12-30,38.414908,-0.443812,Sant Joan d'Alacant
CNT_002487,CLI_002487,2019-01-28,2019-05-17,38.295262,-0.700101,Elche
CNT_002488,CLI_002488,2020-05-15,2022-05-02,38.473101,-0.785036,Elda
CNT_002489,CLI_002489,2020-02-06,2020-06-27,37.967384,-0.687036,Torrevieja
CNT_002490,CLI_002490,2024-07-14,2026-04-27,38.207901,-0.690651,Elche
CNT_002491,CLI_002491,2024-07-15,2024-12-28,38.30816,-0.535495,Alicante
CNT_002492,CLI_002492,2021-12-14,2023-10-19,38.311713,-0.482421,Alicante
CNT_002493,CLI_002493,2016-03-13,2016-10-17,38.700022,-0.493554,Alcoy
CNT_002494,CLI_002494,2016-04-23,2017-02-23,38.258323,-0.724883,Elche
CNT_002495,CLI_002495,2017-02-21,2017-07-03,38.235903,-0.702418,Elche
CNT_002496,CLI_002496,2023-03-16,2023-07-30,38.259314,-0.670222,Elche
CNT_002497,CLI_002497,2017-10-04,2019-05-31,37.987796,-0.675518,Torrevieja
CNT_002498,CLI_002498,2015-03-13,2015-10-01,38.485034,-0.791581,Elda
CNT_002499,CLI_002499,2016-08-04,2017-07-30,38.384303,-0.438676,Sant Joan d'Alacant
CNT_002500,CLI_002500,2015-08-08,2016-03-15,38.262678,-0.714,Elche
CNT_002501,CLI_002501,2017-10-24,2019-09-23,38.3797,-0.531828,San Vicente del Raspeig
CNT_002502,CLI_002502,2023-05-09,2024-01-18,38.709221,-0.468271,Alcoy
CNT_002503,CLI_002503,2015-10-17,2017-09-29,37.992815,-0.707136,Torrevieja
CNT_002504,CLI_002504,2016-01-15,2017-01-01,38.626224,-0.859083,Villena
CNT_002505,CLI_002505,2022-10-22,2024-04-11,38.326049,-0.490713,Alicante
CNT_002506,CLI_002506,2018-10-10,2020-05-09,38.333668,-0.460361,Alicante
CNT_002507,CLI_002507,2022-08-22,2023-02-01,38.451666,-0.780267,Elda
CNT_002508,CLI_002508,2020-05-12,2020-07-17,38.272891,-0.735108,Elche
CNT_002509,CLI_002509,2020-10-28,2021-02-27,38.475426,-0.798779,Elda
CNT_002510,CLI_002510,2015-03-07,2015-06-19,38.855253,0.092867,Denia
CNT_002511,CLI_002511,2020-12-23,2021-07-23,38.31774,-0.526318,Alicante
CNT_002512,CLI_002512,2016-02-03,2017-06-05,38.831413,0.090212,Denia
CNT_002513,CLI_002513,2015-12-13,2017-11-19,38.232356,-0.644592,Elche
CNT_002514,CLI_002514,2020-06-07,2022-03-25,38.243406,-0.684891,Elche
CNT_002515,CLI_002515,2020-10-07,2021-12-19,38.06116,-0.906154,Orihuela
CNT_002516,CLI_002516,2017-02-16,2017-10-10,38.49386,-0.761709,Petrer
CNT_002517,CLI_002517,2022-01-10,2022-10-11,38.327743,-0.499546,Alicante
CNT_002518,CLI_002518,2020-03-18,2021-03-15,38.268232,-0.706699,Elche
CNT_002519,CLI_002519,2022-07-24,2024-06-25,38.529631,-0.124239,Benidorm
CNT_002520,CLI_002520,2023-04-13,2024-10-18,38.518966,-0.12605,Benidorm
CNT_002521,CLI_002521,2024-01-22,2024-12-10,38.53218,-0.138228,Benidorm
CNT_002522,CLI_002522,2015-03-20,2016-01-16,38.360178,-0.51875,Alicante
CNT_002523,CLI_002523,2019-05-01,2020-06-12,38.315006,-0.398806,Alicante
CNT_002524,CLI_002524,2019-11-14,2021-08-30,38.2833,-0.701405,Elche
CNT_002525,CLI_002525,2020-12-02,2022-10-26,38.386103,-0.529209,San Vicente del Raspeig
CNT_002526,CLI_002526,2017-09-12,2017-11-06,38.333125,-0.478167,Alicante
CNT_002527,CLI_002527,2019-01-25,2021-01-03,38.358467,-0.487068,Alicante
CNT_002528,CLI_002528,2019-07-08,2021-01-31,38.629039,-0.864727,Villena
CNT_002529,CLI_002529,2020-12-13,2022-09-13,38.346139,-0.448826,Alicante
CNT_002530,CLI_002530,2019-06-14,2019-10-12,38.398568,-0.439621,Sant Joan d'Alacant
CNT_002531,CLI_002531,2022-03-05,2023-07-23,38.535752,-0.145253,Benidorm
CNT_002532,CLI_002532,2017-08-22,2018-03-27,38.367731,-0.52724,San Vicente del Raspeig
CNT_002533,CLI_002533,2021-12-22,2023-08-12,38.299458,-0.49261,Alicante
CNT_002534,CLI_002534,2017-04-08,2019-01-16,38.360599,-0.445403,Alicante
CNT_002535,CLI_002535,2023-09-09,2024-04-20,38.710846,-0.459347,Alcoy
CNT_002536,CLI_002536,2022-04-27,2023-11-11,38.467774,-0.79051,Elda
CNT_002537,CLI_002537,2018-04-12,2018-08-04,38.695472,-0.488745,Alcoy
CNT_002538,CLI_002538,2021-11-04,2023-07-18,38.352568,-0.511647,Alicante
CNT_002539,CLI_002539,2023-08-30,2023-12-14,38.706719,-0.473219,Alcoy
CNT_002540,CLI_002540,2019-09-15,2020-09-08,38.674068,-0.469364,Alcoy
CNT_002541,CLI_002541,2021-08-29,2022-10-15,38.067079,-0.951992,Orihuela
CNT_002542,CLI_002542,2018-05-13,2019-08-18,38.694409,-0.479162,Alcoy
CNT_002543,CLI_002543,2021-08-07,2022-09-17,38.487138,-0.798914,Elda
CNT_002544,CLI_002544,2020-01-15,2021-01-19,38.134769,-0.944968,Orihuela
CNT_002545,CLI_002545,2016-05-12,2016-12-04,38.3395,-0.540569,Alicante
CNT_002546,CLI_002546,2016-06-20,2017-09-18,38.234546,-0.722529,Elche
CNT_002547,CLI_002547,2024-01-19,2025-04-16,38.355257,-0.496676,Alicante
CNT_002548,CLI_002548,2020-08-25,2021-03-16,38.294562,-0.671735,Elche
CNT_002549,CLI_002549,2023-04-17,2024-06-25,38.267876,-0.716204,Elche
CNT_002550,CLI_002550,2018-03-10,2018-06-29,38.322534,-0.476488,Alicante
CNT_002551,CLI_002551,2020-05-25,2020-07-14,38.286576,-0.693316,Elche
CNT_002552,CLI_002552,2022-04-21,2024-04-10,38.361789,-0.448552,Alicante
CNT_002553,CLI_002553,2024-07-23,2025-09-23,38.383987,-0.510149,San Vicente del Raspeig
CNT_002554,CLI_002554,2024-08-28,2025-08-22,38.641577,-0.86689,Villena
CNT_002555,CLI_002555,2015-10-27,2016-07-07,38.370132,-0.492887,Alicante
CNT_002556,CLI_002556,2021-07-14,2022-09-18,38.651183,-0.874166,Villena
CNT_002557,CLI_002557,2015-10-30,2017-02-08,37.977504,-0.686539,Torrevieja
CNT_002558,CLI_002558,2016-08-14,2017-06-11,38.336248,-0.491851,Alicante
CNT_002559,CLI_002559,2015-03-17,2016-01-20,38.375882,-0.467159,Alicante
CNT_002560,CLI_002560,2017-07-02,2018-03-11,38.238876,-0.689053,Elche
CNT_002561,CLI_002561,2017-02-18,2018-10-27,38.401563,-0.518198,San Vicente del Raspeig
CNT_002562,CLI_002562,2017-07-09,2019-06-01,38.51776,-0.116189,Benidorm
CNT_002563,CLI_002563,2024-04-10,2025-09-30,38.371834,-0.434428,Alicante
CNT_002564,CLI_002564,2019-03-04,2020-03-09,38.338749,-0.477883,Alicante
CNT_002565,CLI_002565,2023-08-13,2025-05-20,38.293409,-0.674112,Elche
CNT_002566,CLI_002566,2019-10-16,2019-12-26,38.357485,-0.489792,Alicante
CNT_002567,CLI_002567,2020-07-28,2021-02-18,38.314619,-0.451375,Alicante
CNT_002568,CLI_002568,2021-08-10,2022-05-11,38.380816,-0.454462,Alicante
CNT_002569,CLI_002569,2024-11-26,2025-09-04,38.414915,-0.513199,San Vicente del Raspeig
CNT_002570,CLI_002570,2022-05-24,2023-03-23,38.492723,-0.769059,Petrer
CNT_002571,CLI_002571,2017-10-02,2018-09-30,38.248745,-0.713004,Elche
CNT_002572,CLI_002572,2019-08-29,2021-05-23,38.83611,0.084782,Denia
CNT_002573,CLI_002573,2021-09-09,2021-10-19,38.268699,-0.699181,Elche
CNT_002574,CLI_002574,2024-01-16,2024-07-15,38.250018,-0.664574,Elche
CNT_002575,CLI_002575,2017-03-14,2017-10-18,38.387509,-0.488746,Alicante
CNT_002576,CLI_002576,2017-11-17,2019-10-23,38.087687,-0.928797,Orihuela
CNT_002577,CLI_002577,2024-09-16,2026-05-25,38.37707,-0.430904,Sant Joan d'Alacant
CNT_002578,CLI_002578,2024-03-20,2024-11-15,38.091587,-0.950174,Orihuela
CNT_002579,CLI_002579,2022-12-02,2023-04-07,38.257841,-0.66934,Elche
CNT_002580,CLI_002580,2024-07-30,2025-08-02,38.083301,-1.002673,Orihuela
CNT_002581,CLI_002581,2017-05-21,2017-08-05,38.335985,-0.511569,Alicante
CNT_002582,CLI_002582,2023-08-29,2023-11-23,38.852806,0.091966,Denia
CNT_002583,CLI_002583,2015-04-25,2015-08-07,38.290133,-0.716334,Elche
CNT_002584,CLI_002584,2023-11-05,2024-08-14,38.271727,-0.690902,Elche
CNT_002585,CLI_002585,2024-02-12,2026-01-04,37.972592,-0.676979,Torrevieja
CNT_002586,CLI_002586,2016-01-08,2017-08-30,38.083973,-0.93662,Orihuela
CNT_002587,CLI_002587,2017-04-29,2019-01-16,38.34569,-0.466098,Alicante
CNT_002588,CLI_002588,2020-11-07,2021-05-25,38.524571,-0.142701,Benidorm
CNT_002589,CLI_002589,2017-01-26,2017-07-20,38.359673,-0.511454,Alicante
CNT_002590,CLI_002590,2018-08-14,2018-10-15,38.539721,-0.126544,Benidorm
CNT_002591,CLI_002591,2015-01-31,2016-07-28,38.414785,-0.532863,San Vicente del Raspeig
CNT_002592,CLI_002592,2020-01-27,2020-11-08,38.411364,-0.544146,San Vicente del Raspeig
CNT_002593,CLI_002593,2021-08-02,2022-01-04,37.966358,-0.664716,Torrevieja
CNT_002594,CLI_002594,2021-11-22,2022-04-13,37.993465,-0.657088,Torrevieja
CNT_002595,CLI_002595,2023-10-05,2024-10-10,38.321426,-0.442071,Alicante
CNT_002596,CLI_002596,2019-12-11,2020-02-26,38.706751,-0.471156,Alcoy
CNT_002597,CLI_002597,2021-05-06,2022-06-03,38.332285,-0.465352,Alicante
CNT_002598,CLI_002598,2024-10-09,2025-12-10,38.242988,-0.668163,Elche
CNT_002599,CLI_002599,2018-12-07,2019-07-19,38.352201,-0.497035,Alicante
CNT_002600,CLI_002600,2021-03-06,2022-02-19,38.278336,-0.453233,Alicante
CNT_002601,CLI_002601,2016-11-20,2017-05-06,38.04978,-0.938992,Orihuela
CNT_002602,CLI_002602,2024-03-31,2025-04-19,38.340763,-0.458157,Alicante
CNT_002603,CLI_002603,2018-04-29,2018-08-06,38.699389,-0.471167,Alcoy
CNT_002604,CLI_002604,2024-05-21,2026-01-22,38.257375,-0.669782,Elche
CNT_002605,CLI_002605,2016-04-01,2017-08-26,38.305714,-0.475412,Alicante
CNT_002606,CLI_002606,2016-03-24,2016-06-20,38.247506,-0.730948,Elche
CNT_002607,CLI_002607,2015-03-09,2016-04-30,38.35498,-0.444702,Alicante
CNT_002608,CLI_002608,2020-02-06,2021-02-20,38.359745,-0.504688,Alicante
CNT_002609,CLI_002609,2019-12-08,2020-12-10,38.534005,-0.116263,Benidorm
CNT_002610,CLI_002610,2019-12-11,2021-11-16,38.374121,-0.483256,Alicante
CNT_002611,CLI_002611,2017-05-23,2019-02-07,38.483469,-0.777688,Elda
CNT_002612,CLI_002612,2016-04-11,2017-07-20,38.326514,-0.452631,Alicante
CNT_002613,CLI_002613,2024-05-24,2025-09-15,38.338187,-0.470246,Alicante
CNT_002614,CLI_002614,2024-06-20,2025-07-31,38.681566,-0.467298,Alcoy
CNT_002615,CLI_002615,2015-05-08,2016-07-01,38.263121,-0.689002,Elche
CNT_002616,CLI_002616,2019-12-05,2021-04-28,38.373003,-0.531346,Alicante
CNT_002617,CLI_002617,2017-01-02,2017-05-25,38.280576,-0.695697,Elche
CNT_002618,CLI_002618,2024-09-26,2025-04-15,38.38025,-0.508902,Alicante
CNT_002619,CLI_002619,2018-06-21,2018-08-07,38.475065,-0.789746,Elda
CNT_002620,CLI_002620,2020-04-12,2021-01-01,38.295114,-0.723445,Elche
CNT_002621,CLI_002621,2017-11-08,2018-10-13,38.39398,-0.539519,San Vicente del Raspeig
CNT_002622,CLI_002622,2018-11-20,2020-10-18,38.862774,0.129774,Denia
CNT_002623,CLI_002623,2024-01-14,2024-11-19,38.265019,-0.674772,Elche
CNT_002624,CLI_002624,2016-01-03,2016-08-15,38.851308,0.105638,Denia
CNT_002625,CLI_002625,2020-10-06,2021-02-27,38.297952,-0.694235,Elche
CNT_002626,CLI_002626,2024-03-06,2025-05-06,38.634679,-0.869175,Villena
CNT_002627,CLI_002627,2022-02-17,2024-01-19,38.35066,-0.466753,Alicante
CNT_002628,CLI_002628,2023-09-09,2025-08-05,38.549666,-0.139413,Benidorm
CNT_002629,CLI_002629,2020-09-26,2022-05-11,38.262574,-0.676438,Elche
CNT_002630,CLI_002630,2022-02-22,2023-05-15,38.23644,-0.703868,Elche
CNT_002631,CLI_002631,2022-03-25,2023-02-01,38.12766,-0.952897,Orihuela
CNT_002632,CLI_002632,2017-03-22,2018-11-26,38.528563,-0.131039,Benidorm
CNT_002633,CLI_002633,2015-02-28,2016-02-20,38.349169,-0.495779,Alicante
CNT_002634,CLI_002634,2015-06-10,2016-06-14,38.3741,-0.472783,Alicante
CNT_002635,CLI_002635,2015-04-13,2017-01-23,38.526898,-0.137748,Benidorm
CNT_002636,CLI_002636,2017-04-25,2017-12-31,38.522106,-0.125678,Benidorm
CNT_002637,CLI_002637,2016-02-16,2016-03-25,38.640045,-0.851608,Villena
CNT_002638,CLI_002638,2017-02-24,2017-06-15,38.676883,-0.482032,Alcoy
CNT_002639,CLI_002639,2015-07-02,2016-05-20,38.633545,-0.867767,Villena
CNT_002640,CLI_002640,2021-09-30,2022-11-08,38.53714,-0.125764,Benidorm
CNT_002641,CLI_002641,2023-09-23,2025-04-08,38.338451,-0.491896,Alicante
CNT_002642,CLI_002642,2020-08-08,2021-10-26,38.306614,-0.469392,Alicante
CNT_002643,CLI_002643,2021-09-12,2022-01-18,38.41543,-0.518635,San Vicente del Raspeig
CNT_002644,CLI_002644,2017-08-14,2019-07-26,38.086871,-0.922835,Orihuela
CNT_002645,CLI_002645,2022-09-27,2024-07-05,38.380979,-0.49615,Alicante
CNT_002646,CLI_002646,2022-05-26,2023-07-11,38.259779,-0.719041,Elche
CNT_002647,CLI_002647,2016-03-12,2017-08-27,38.62644,-0.869891,Villena
CNT_002648,CLI_002648,2021-06-23,2022-10-12,38.271422,-0.719591,Elche
CNT_002649,CLI_002649,2020-01-14,2021-12-23,38.260753,-0.685881,Elche
CNT_002650,CLI_002650,2016-08-28,2017-09-05,38.239589,-0.723859,Elche
CNT_002651,CLI_002651,2024-02-04,2025-05-03,38.381945,-0.422675,Alicante
CNT_002652,CLI_002652,2023-02-06,2024-11-21,38.25181,-0.66979,Elche
CNT_002653,CLI_002653,2019-01-10,2019-12-11,38.225014,-0.698023,Elche
CNT_002654,CLI_002654,2016-05-11,2016-11-04,38.378404,-0.459315,Alicante
CNT_002655,CLI_002655,2018-09-28,2020-01-24,38.692348,-0.493042,Alcoy
CNT_002656,CLI_002656,2021-10-10,2021-12-11,38.252128,-0.642786,Elche
CNT_002657,CLI_002657,2022-11-05,2024-04-18,38.375115,-0.532383,San Vicente del Raspeig
CNT_002658,CLI_002658,2020-01-26,2021-01-08,38.499591,-0.793246,Elda
CNT_002659,CLI_002659,2017-10-19,2018-05-29,38.312963,-0.527398,Alicante
CNT_002660,CLI_002660,2021-04-06,2021-11-01,38.085969,-0.934774,Orihuela
CNT_002661,CLI_002661,2023-07-28,2025-01-25,38.285578,-0.72264,Elche
CNT_002662,CLI_002662,2024-11-07,2026-01-01,38.847026,0.107225,Denia
CNT_002663,CLI_002663,2022-10-15,2024-04-17,38.343709,-0.494607,Alicante
CNT_002664,CLI_002664,2021-02-28,2022-03-21,38.51378,-0.144233,Benidorm
CNT_002665,CLI_002665,2019-11-08,2021-07-02,38.068606,-0.960587,Orihuela
CNT_002666,CLI_002666,2019-01-29,2020-06-05,38.349895,-0.475355,Alicante
CNT_002667,CLI_002667,2018-08-12,2020-07-16,38.325521,-0.513037,Alicante
CNT_002668,CLI_002668,2021-05-23,2021-09-28,38.088867,-0.959476,Orihuela
CNT_002669,CLI_002669,2020-10-21,2021-04-16,38.706581,-0.465441,Alcoy
CNT_002670,CLI_002670,2022-08-05,2024-03-26,38.286675,-0.641045,Elche
CNT_002671,CLI_002671,2024-11-03,2025-10-14,38.060276,-0.934948,Orihuela
CNT_002672,CLI_002672,2015-12-03,2016-07-01,38.313826,-0.71848,Elche
CNT_002673,CLI_002673,2024-04-12,2025-11-09,38.54341,-0.135705,Benidorm
CNT_002674,CLI_002674,2015-07-22,2016-06-18,38.345157,-0.48021,Alicante
CNT_002675,CLI_002675,2015-08-19,2017-03-28,38.857043,0.100459,Denia
CNT_002676,CLI_002676,2023-01-30,2024-10-19,38.404335,-0.458424,Alicante
CNT_002677,CLI_002677,2024-12-13,2025-01-15,38.233848,-0.693516,Elche
CNT_002678,CLI_002678,2023-07-26,2023-12-09,38.339568,-0.458304,Alicante
CNT_002679,CLI_002679,2022-05-15,2022-08-27,38.285739,-0.488861,Alicante
CNT_002680,CLI_002680,2024-07-23,2024-09-30,38.269738,-0.669139,Elche
CNT_002681,CLI_002681,2023-02-10,2024-12-09,38.354335,-0.485162,Alicante
CNT_002682,CLI_002682,2021-05-16,2021-10-11,38.47823,-0.803454,Elda
CNT_002683,CLI_002683,2017-03-19,2017-06-29,38.328837,-0.426567,Alicante
CNT_002684,CLI_002684,2018-08-21,2020-03-24,38.220411,-0.73845,Elche
CNT_002685,CLI_002685,2016-04-10,2016-11-29,38.273718,-0.714552,Elche
CNT_002686,CLI_002686,2022-08-16,2022-12-19,38.381586,-0.496676,Alicante
CNT_002687,CLI_002687,2018-04-12,2019-02-14,38.330425,-0.418292,Alicante
CNT_002688,CLI_002688,2017-03-14,2017-09-02,38.275181,-0.658549,Elche
CNT_002689,CLI_002689,2015-09-23,2016-02-14,38.231001,-0.665434,Elche
CNT_002690,CLI_002690,2021-04-13,2022-08-31,38.275559,-0.705574,Elche
CNT_002691,CLI_002691,2020-10-26,2021-04-06,37.971619,-0.638529,Torrevieja
CNT_002692,CLI_002692,2019-07-29,2020-02-11,38.069552,-0.937133,Orihuela
CNT_002693,CLI_002693,2022-12-11,2023-09-11,38.326191,-0.456568,Alicante
CNT_002694,CLI_002694,2021-04-19,2022-02-19,38.256841,-0.694347,Elche
CNT_002695,CLI_002695,2021-11-27,2022-09-11,38.641589,-0.866794,Villena
CNT_002696,CLI_002696,2015-06-25,2015-09-08,37.955081,-0.686732,Torrevieja
CNT_002697,CLI_002697,2018-12-15,2019-12-25,38.529435,-0.133816,Benidorm
CNT_002698,CLI_002698,2023-04-07,2023-12-29,38.264588,-0.684913,Elche
CNT_002699,CLI_002699,2019-05-15,2019-08-05,38.685212,-0.468994,Alcoy
CNT_002700,CLI_002700,2024-09-02,2025-02-26,38.71996,-0.473778,Alcoy
CNT_002701,CLI_002701,2015-09-11,2017-03-26,37.963337,-0.655029,Torrevieja
CNT_002702,CLI_002702,2019-03-24,2019-07-21,38.628967,-0.901801,Villena
CNT_002703,CLI_002703,2017-06-21,2018-03-10,38.320742,-0.468253,Alicante
CNT_002704,CLI_002704,2020-11-24,2021-02-12,38.390162,-0.463057,Alicante
CNT_002705,CLI_002705,2018-04-09,2020-03-03,38.705035,-0.459636,Alcoy
CNT_002706,CLI_002706,2020-10-06,2022-07-25,38.385061,-0.526078,San Vicente del Raspeig
CNT_002707,CLI_002707,2018-09-22,2019-11-19,38.372856,-0.475802,Alicante
CNT_002708,CLI_002708,2024-05-06,2025-01-04,38.350217,-0.456351,Alicante
CNT_002709,CLI_002709,2023-03-09,2024-07-01,38.351631,-0.443721,Alicante
CNT_002710,CLI_002710,2024-03-15,2025-03-18,38.336588,-0.488513,Alicante
CNT_002711,CLI_002711,2015-03-25,2016-04-08,38.689407,-0.470196,Alcoy
CNT_002712,CLI_002712,2018-02-14,2019-12-24,37.98478,-0.651986,Torrevieja
CNT_002713,CLI_002713,2016-12-12,2017-10-22,38.253508,-0.745029,Elche
CNT_002714,CLI_002714,2019-04-07,2020-12-09,38.305469,-0.71348,Elche
CNT_002715,CLI_002715,2024-01-04,2024-10-04,38.313468,-0.444354,Alicante
CNT_002716,CLI_002716,2019-10-28,2021-05-29,38.383604,-0.453687,Alicante
CNT_002717,CLI_002717,2020-04-24,2022-02-21,38.082574,-0.934051,Orihuela
CNT_002718,CLI_002718,2019-12-12,2021-08-16,38.640589,-0.871583,Villena
CNT_002719,CLI_002719,2017-06-19,2018-03-01,38.488698,-0.802382,Elda
CNT_002720,CLI_002720,2023-09-09,2024-12-22,38.329444,-0.49578,Alicante
CNT_002721,CLI_002721,2016-10-18,2018-03-05,38.853664,0.12892,Denia
CNT_002722,CLI_002722,2021-11-08,2023-02-24,38.363809,-0.532841,San Vicente del Raspeig
CNT_002723,CLI_002723,2016-10-20,2018-01-04,38.38766,-0.524083,San Vicente del Raspeig
CNT_002724,CLI_002724,2022-09-21,2023-06-23,38.245171,-0.714882,Elche
CNT_002725,CLI_002725,2022-10-09,2024-06-12,38.237923,-0.679759,Elche
CNT_002726,CLI_002726,2017-04-30,2018-10-11,38.339826,-0.494468,Alicante
CNT_002727,CLI_002727,2022-01-17,2023-08-19,38.354844,-0.48344,Alicante
CNT_002728,CLI_002728,2021-05-02,2021-09-25,38.362766,-0.523085,Alicante
CNT_002729,CLI_002729,2024-03-12,2025-04-09,38.351222,-0.521334,Alicante
CNT_002730,CLI_002730,2015-05-21,2016-01-09,38.250855,-0.698131,Elche
CNT_002731,CLI_002731,2023-01-21,2024-02-05,38.702828,-0.489302,Alcoy
CNT_002732,CLI_002732,2021-09-19,2022-09-02,38.268234,-0.651988,Elche
CNT_002733,CLI_002733,2021-05-29,2022-06-21,38.368601,-0.532538,Alicante
CNT_002734,CLI_002734,2020-04-13,2021-10-11,38.646323,-0.875802,Villena
CNT_002735,CLI_002735,2017-11-20,2019-04-22,38.484205,-0.769833,Petrer
CNT_002736,CLI_002736,2023-11-17,2025-10-15,38.385533,-0.529682,San Vicente del Raspeig
CNT_002737,CLI_002737,2021-07-30,2021-12-13,38.395523,-0.448437,Sant Joan d'Alacant
CNT_002738,CLI_002738,2021-03-02,2023-01-14,37.968804,-0.699443,Torrevieja
CNT_002739,CLI_002739,2019-02-10,2019-08-30,38.633217,-0.878088,Villena
CNT_002740,CLI_002740,2023-04-30,2025-03-17,38.351901,-0.488168,Alicante
CNT_002741,CLI_002741,2021-05-27,2022-11-26,38.281234,-0.655358,Elche
CNT_002742,CLI_002742,2015-04-21,2016-10-29,38.343922,-0.479052,Alicante
CNT_002743,CLI_002743,2017-12-27,2018-12-11,38.345603,-0.451427,Alicante
CNT_002744,CLI_002744,2019-09-15,2019-11-20,38.348783,-0.468326,Alicante
CNT_002745,CLI_002745,2021-08-17,2023-01-27,38.074482,-0.922223,Orihuela
CNT_002746,CLI_002746,2015-07-15,2017-06-08,38.385195,-0.5589,San Vicente del Raspeig
CNT_002747,CLI_002747,2015-05-06,2016-02-24,37.947102,-0.68768,Torrevieja
CNT_002748,CLI_002748,2015-09-19,2017-08-16,38.327821,-0.448322,Alicante
CNT_002749,CLI_002749,2023-01-13,2024-11-21,38.401978,-0.532161,San Vicente del Raspeig
CNT_002750,CLI_002750,2017-07-12,2018-09-16,38.070742,-0.909251,Orihuela
CNT_002751,CLI_002751,2019-12-27,2021-09-18,38.260268,-0.665654,Elche
CNT_002752,CLI_002752,2021-01-11,2021-09-15,38.539797,-0.13693,Benidorm
CNT_002753,CLI_002753,2019-05-24,2020-05-17,38.358217,-0.493579,Alicante
CNT_002754,CLI_002754,2015-04-18,2015-11-19,38.24175,-0.720599,Elche
CNT_002755,CLI_002755,2024-07-26,2025-09-09,38.493871,-0.776296,Petrer
CNT_002756,CLI_002756,2020-09-13,2021-05-09,38.373384,-0.511815,Alicante
CNT_002757,CLI_002757,2023-07-13,2025-02-24,38.240643,-0.688866,Elche
CNT_002758,CLI_002758,2016-10-16,2017-08-29,38.828342,0.083859,Denia
CNT_002759,CLI_002759,2022-08-02,2022-11-27,38.548493,-0.124055,Benidorm
CNT_002760,CLI_002760,2020-07-06,2020-12-18,38.341529,-0.465298,Alicante
CNT_002761,CLI_002761,2017-09-24,2018-03-30,38.289706,-0.52253,Alicante
CNT_002762,CLI_002762,2021-09-29,2022-04-01,38.310208,-0.442255,Alicante
CNT_002763,CLI_002763,2023-05-06,2024-09-09,38.079813,-0.934228,Orihuela
CNT_002764,CLI_002764,2015-10-12,2016-06-17,38.239913,-0.681807,Elche
CNT_002765,CLI_002765,2019-01-10,2020-05-12,38.334864,-0.499967,Alicante
CNT_002766,CLI_002766,2022-01-09,2022-07-24,38.637389,-0.858731,Villena
CNT_002767,CLI_002767,2015-01-27,2016-01-13,38.005021,-0.661925,Torrevieja
CNT_002768,CLI_002768,2021-03-24,2023-03-14,38.337939,-0.483465,Alicante
CNT_002769,CLI_002769,2024-07-28,2026-03-11,38.289096,-0.654258,Elche
CNT_002770,CLI_002770,2019-05-11,2020-11-02,38.551345,-0.130771,Benidorm
CNT_002771,CLI_002771,2018-10-23,2019-02-16,38.381058,-0.45248,Alicante
CNT_002772,CLI_002772,2024-04-04,2025-10-30,38.352319,-0.473675,Alicante
CNT_002773,CLI_002773,2017-04-27,2018-02-25,38.372741,-0.518274,San Vicente del Raspeig
CNT_002774,CLI_002774,2018-02-02,2018-07-22,38.275638,-0.735069,Elche
CNT_002775,CLI_002775,2015-01-18,2016-11-02,37.997571,-0.675521,Torrevieja
CNT_002776,CLI_002776,2023-12-21,2025-01-06,38.263717,-0.714469,Elche
CNT_002777,CLI_002777,2020-09-21,2020-10-25,38.388815,-0.50216,Alicante
CNT_002778,CLI_002778,2020-11-06,2021-12-22,38.366696,-0.437397,Alicante
CNT_002779,CLI_002779,2022-03-18,2023-03-16,38.278002,-0.703003,Elche
CNT_002780,CLI_002780,2015-06-06,2016-10-22,38.37236,-0.506083,Alicante
CNT_002781,CLI_002781,2018-07-13,2018-09-10,38.353534,-0.489978,Alicante
CNT_002782,CLI_002782,2020-12-21,2022-01-01,38.448786,-0.807405,Elda
CNT_002783,CLI_002783,2021-11-16,2023-08-01,38.396908,-0.425595,Sant Joan d'Alacant
CNT_002784,CLI_002784,2019-06-13,2020-11-16,38.410666,-0.533648,San Vicente del Raspeig
CNT_002785,CLI_002785,2019-11-07,2021-04-14,38.469009,-0.785448,Elda
CNT_002786,CLI_002786,2018-03-01,2019-04-22,38.339613,-0.447097,Alicante
CNT_002787,CLI_002787,2022-08-20,2023-05-29,38.624462,-0.872202,Villena
CNT_002788,CLI_002788,2017-11-23,2019-09-13,38.389798,-0.467699,Alicante
CNT_002789,CLI_002789,2020-10-31,2020-12-29,38.657178,-0.878561,Villena
CNT_002790,CLI_002790,2023-02-24,2024-12-07,38.393445,-0.416488,Sant Joan d'Alacant
CNT_002791,CLI_002791,2018-03-01,2019-03-07,38.535968,-0.120063,Benidorm
CNT_002792,CLI_002792,2024-07-31,2025-06-12,38.395276,-0.440233,Sant Joan d'Alacant
CNT_002793,CLI_002793,2022-12-23,2024-02-22,37.989769,-0.696111,Torrevieja
CNT_002794,CLI_002794,2015-07-23,2017-01-11,38.357942,-0.48385,Alicante
CNT_002795,CLI_002795,2019-12-28,2020-09-26,38.283358,-0.70578,Elche
CNT_002796,CLI_002796,2018-09-21,2019-05-29,38.091438,-0.905441,Orihuela
CNT_002797,CLI_002797,2017-08-19,2018-02-20,38.418585,-0.511638,Alicante
CNT_002798,CLI_002798,2021-12-19,2023-02-04,38.064242,-0.941804,Orihuela
CNT_002799,CLI_002799,2016-03-17,2017-03-01,38.386005,-0.438665,Sant Joan d'Alacant
CNT_002800,CLI_002800,2022-11-15,2023-12-22,38.335373,-0.483935,Alicante
CNT_002801,CLI_002801,2024-02-12,2025-08-25,38.377484,-0.526603,San Vicente del Raspeig
CNT_002802,CLI_002802,2018-08-08,2019-04-09,38.818313,0.103959,Denia
CNT_002803,CLI_002803,2018-02-22,2019-03-25,38.473887,-0.761269,Petrer
CNT_002804,CLI_002804,2019-08-14,2020-01-04,38.625934,-0.858892,Villena
CNT_002805,CLI_002805,2017-05-20,2018-01-04,37.961517,-0.67466,Torrevieja
CNT_002806,CLI_002806,2018-04-13,2018-06-06,38.643219,-0.902608,Villena
CNT_002807,CLI_002807,2020-03-22,2020-08-19,38.692326,-0.469802,Alcoy
CNT_002808,CLI_002808,2019-02-24,2020-11-25,38.340712,-0.522391,Alicante
CNT_002809,CLI_002809,2022-12-26,2023-01-27,38.285173,-0.684081,Elche
CNT_002810,CLI_002810,2015-03-21,2016-07-07,38.525004,-0.113606,Benidorm
CNT_002811,CLI_002811,2022-10-30,2023-08-09,38.338586,-0.504156,Alicante
CNT_002812,CLI_002812,2023-02-10,2023-03-31,38.092115,-0.949736,Orihuela
CNT_002813,CLI_002813,2018-08-21,2019-04-11,38.510901,-0.138492,Benidorm
CNT_002814,CLI_002814,2024-10-21,2025-11-11,38.285577,-0.450114,Alicante
CNT_002815,CLI_002815,2018-09-29,2019-03-05,37.98493,-0.680489,Torrevieja
CNT_002816,CLI_002816,2016-07-23,2017-08-14,38.704304,-0.45266,Alcoy
CNT_002817,CLI_002817,2018-01-19,2018-12-06,38.310913,-0.689197,Elche
CNT_002818,CLI_002818,2022-12-19,2023-07-10,38.349152,-0.474939,Alicante
CNT_002819,CLI_002819,2021-01-25,2022-02-13,38.365693,-0.479295,Alicante
CNT_002820,CLI_002820,2024-04-28,2024-07-03,38.2612,-0.680304,Elche
CNT_002821,CLI_002821,2023-05-18,2024-04-21,38.486872,-0.787377,Petrer
CNT_002822,CLI_002822,2021-04-02,2023-02-21,38.386881,-0.478866,Alicante
CNT_002823,CLI_002823,2016-02-03,2017-10-28,38.04232,-0.945901,Orihuela
CNT_002824,CLI_002824,2022-03-20,2023-11-21,38.35554,-0.462865,Alicante
CNT_002825,CLI_002825,2017-03-31,2017-07-22,38.312483,-0.702429,Elche
CNT_002826,CLI_002826,2023-05-19,2024-11-08,38.482084,-0.804265,Elda
CNT_002827,CLI_002827,2021-11-29,2023-03-17,38.718207,-0.473312,Alcoy
CNT_002828,CLI_002828,2024-11-15,2026-02-07,38.32947,-0.508071,Alicante
CNT_002829,CLI_002829,2017-04-24,2017-12-14,38.264795,-0.740656,Elche
CNT_002830,CLI_002830,2022-03-17,2023-08-16,38.346038,-0.462822,Alicante
CNT_002831,CLI_002831,2023-08-26,2023-12-21,38.216713,-0.685561,Elche
CNT_002832,CLI_002832,2022-04-16,2023-01-22,38.520182,-0.125695,Benidorm
CNT_002833,CLI_002833,2022-04-07,2022-06-06,38.317778,-0.448427,Alicante
CNT_002834,CLI_002834,2023-03-28,2024-06-20,38.365752,-0.497626,Alicante
CNT_002835,CLI_002835,2022-09-26,2022-12-25,38.284687,-0.729785,Elche
CNT_002836,CLI_002836,2018-06-30,2020-02-28,38.48714,-0.7707,Petrer
CNT_002837,CLI_002837,2015-12-24,2016-09-04,38.408817,-0.441628,Sant Joan d'Alacant
CNT_002838,CLI_002838,2023-07-27,2024-07-25,38.341096,-0.502057,Alicante
CNT_002839,CLI_002839,2018-11-23,2020-07-23,38.712823,-0.474358,Alcoy
CNT_002840,CLI_002840,2016-06-04,2018-04-04,38.265693,-0.711755,Elche
CNT_002841,CLI_002841,2022-01-16,2022-06-05,38.266773,-0.738692,Elche
CNT_002842,CLI_002842,2024-07-20,2025-12-22,38.695213,-0.478694,Alcoy
CNT_002843,CLI_002843,2016-01-28,2016-11-24,38.490745,-0.781364,Petrer
CNT_002844,CLI_002844,2019-07-25,2019-09-26,38.631946,-0.86342,Villena
CNT_002845,CLI_002845,2024-01-07,2024-09-04,37.996276,-0.694009,Torrevieja
CNT_002846,CLI_002846,2024-04-23,2025-03-18,38.240593,-0.673844,Elche
CNT_002847,CLI_002847,2018-10-27,2019-12-03,38.383113,-0.506054,San Vicente del Raspeig
CNT_002848,CLI_002848,2024-10-22,2025-03-25,38.362386,-0.464015,Alicante
CNT_002849,CLI_002849,2021-01-09,2021-05-21,37.977106,-0.710118,Torrevieja
CNT_002850,CLI_002850,2017-06-11,2017-11-07,38.255514,-0.665186,Elche
CNT_002851,CLI_002851,2017-09-10,2019-08-22,38.102601,-0.912986,Orihuela
CNT_002852,CLI_002852,2021-12-02,2023-07-01,38.330018,-0.48053,Alicante
CNT_002853,CLI_002853,2016-08-05,2017-07-31,38.340195,-0.447927,Alicante
CNT_002854,CLI_002854,2020-05-09,2021-04-12,38.497892,-0.775517,Petrer
CNT_002855,CLI_002855,2022-12-14,2024-08-04,38.383679,-0.527656,Alicante
CNT_002856,CLI_002856,2015-01-20,2016-04-05,38.300093,-0.715026,Elche
CNT_002857,CLI_002857,2022-03-25,2023-05-27,38.338147,-0.437767,Alicante
CNT_002858,CLI_002858,2020-05-27,2021-04-27,38.375968,-0.518277,Alicante
CNT_002859,CLI_002859,2021-03-25,2023-02-05,38.321476,-0.481012,Alicante
CNT_002860,CLI_002860,2024-05-10,2026-02-21,38.322527,-0.480146,Alicante
CNT_002861,CLI_002861,2015-01-19,2015-07-30,38.450495,-0.797956,Elda
CNT_002862,CLI_002862,2021-10-27,2023-08-10,38.387022,-0.492088,Alicante
CNT_002863,CLI_002863,2021-08-12,2023-07-06,38.626632,-0.865333,Villena
CNT_002864,CLI_002864,2023-01-25,2023-04-29,37.976422,-0.692319,Torrevieja
CNT_002865,CLI_002865,2019-07-01,2021-04-08,38.245473,-0.729585,Elche
CNT_002866,CLI_002866,2017-06-07,2018-02-07,37.991213,-0.678329,Torrevieja
CNT_002867,CLI_002867,2020-02-27,2021-11-20,38.257236,-0.674686,Elche
CNT_002868,CLI_002868,2016-12-26,2017-02-19,38.682742,-0.462965,Alcoy
CNT_002869,CLI_002869,2015-05-27,2017-04-24,38.356242,-0.501243,Alicante
CNT_002870,CLI_002870,2019-09-13,2021-05-18,38.233958,-0.725827,Elche
CNT_002871,CLI_002871,2019-03-08,2019-05-20,38.828139,0.101437,Denia
CNT_002872,CLI_002872,2021-10-13,2022-02-09,38.462831,-0.754322,Petrer
CNT_002873,CLI_002873,2017-04-27,2017-10-06,38.819341,0.115384,Denia
CNT_002874,CLI_002874,2019-01-03,2019-07-12,38.269428,-0.682813,Elche
CNT_002875,CLI_002875,2021-02-23,2022-04-08,38.372726,-0.514622,San Vicente del Raspeig
CNT_002876,CLI_002876,2023-05-03,2024-02-17,38.232915,-0.689043,Elche
CNT_002877,CLI_002877,2018-08-03,2019-09-19,38.265448,-0.695647,Elche
CNT_002878,CLI_002878,2016-07-18,2017-08-20,38.33161,-0.464442,Alicante
CNT_002879,CLI_002879,2016-01-04,2016-05-23,38.014557,-0.692031,Torrevieja
CNT_002880,CLI_002880,2018-06-17,2020-05-22,38.391047,-0.516362,Alicante
CNT_002881,CLI_002881,2022-10-20,2023-02-03,38.246406,-0.682394,Elche
CNT_002882,CLI_002882,2018-08-03,2019-03-29,38.485386,-0.776947,Elda
CNT_002883,CLI_002883,2022-07-10,2022-08-21,38.363932,-0.508956,Alicante
CNT_002884,CLI_002884,2024-06-28,2026-02-17,38.330263,-0.460452,Alicante
CNT_002885,CLI_002885,2023-05-02,2024-11-29,38.307811,-0.438981,Alicante
CNT_002886,CLI_002886,2022-01-09,2022-03-04,38.483777,-0.770022,Petrer
CNT_002887,CLI_002887,2019-12-24,2021-07-21,38.261697,-0.716296,Elche
CNT_002888,CLI_002888,2022-09-23,2023-03-11,38.255913,-0.695594,Elche
CNT_002889,CLI_002889,2022-02-21,2022-12-22,38.401608,-0.531906,San Vicente del Raspeig
CNT_002890,CLI_002890,2020-03-02,2021-04-05,38.469691,-0.799201,Elda
CNT_002891,CLI_002891,2015-03-01,2015-11-07,38.240156,-0.68877,Elche
CNT_002892,CLI_002892,2016-06-28,2016-09-02,38.535509,-0.150545,Benidorm
CNT_002893,CLI_002893,2023-05-23,2023-10-28,38.703032,-0.490727,Alcoy
CNT_002894,CLI_002894,2021-06-08,2022-05-19,38.061267,-0.944114,Orihuela
CNT_002895,CLI_002895,2018-06-21,2019-06-08,38.368402,-0.481558,Alicante
CNT_002896,CLI_002896,2019-09-04,2020-12-09,38.457454,-0.787677,Elda
CNT_002897,CLI_002897,2018-05-15,2019-01-17,37.968294,-0.648446,Torrevieja
CNT_002898,CLI_002898,2024-06-08,2025-03-12,38.33875,-0.478387,Alicante
CNT_002899,CLI_002899,2021-05-19,2021-10-06,38.251503,-0.68514,Elche
CNT_002900,CLI_002900,2021-11-30,2022-05-25,38.331073,-0.505388,Alicante
CNT_002901,CLI_002901,2017-11-11,2018-11-19,38.391977,-0.461802,Alicante
CNT_002902,CLI_002902,2016-07-12,2018-01-01,38.688189,-0.479717,Alcoy
CNT_002903,CLI_002903,2021-07-24,2023-01-09,38.406231,-0.479214,Alicante
CNT_002904,CLI_002904,2019-02-21,2020-09-24,38.275117,-0.700695,Elche
CNT_002905,CLI_002905,2020-05-21,2020-10-31,37.980357,-0.663606,Torrevieja
CNT_002906,CLI_002906,2016-10-31,2018-03-08,38.357106,-0.513749,Alicante
CNT_002907,CLI_002907,2015-09-15,2016-04-22,38.667359,-0.893599,Villena
CNT_002908,CLI_002908,2022-05-26,2022-12-04,38.32036,-0.486336,Alicante
CNT_002909,CLI_002909,2017-12-06,2019-04-05,38.31719,-0.469287,Alicante
CNT_002910,CLI_002910,2017-11-16,2018-02-14,38.326328,-0.477193,Alicante
CNT_002911,CLI_002911,2017-11-16,2017-12-20,38.346004,-0.450195,Alicante
CNT_002912,CLI_002912,2020-06-27,2020-09-01,38.302056,-0.470066,Alicante
CNT_002913,CLI_002913,2024-06-30,2025-11-01,38.698668,-0.480166,Alcoy
CNT_002914,CLI_002914,2015-05-25,2016-01-26,38.657323,-0.894105,Villena
CNT_002915,CLI_002915,2022-03-19,2022-09-03,38.348985,-0.486933,Alicante
CNT_002916,CLI_002916,2022-01-13,2023-10-22,38.530688,-0.118964,Benidorm
CNT_002917,CLI_002917,2023-09-28,2024-02-03,38.690982,-0.478105,Alcoy
CNT_002918,CLI_002918,2017-03-11,2019-02-18,38.489482,-0.79146,Elda
CNT_002919,CLI_002919,2019-01-25,2019-11-14,38.247332,-0.68903,Elche
CNT_002920,CLI_002920,2021-08-26,2023-05-16,38.39136,-0.506382,Alicante
CNT_002921,CLI_002921,2022-09-24,2024-06-10,38.308034,-0.684589,Elche
CNT_002922,CLI_002922,2016-11-03,2017-07-14,38.537281,-0.111655,Benidorm
CNT_002923,CLI_002923,2024-07-21,2024-08-30,38.396162,-0.527374,San Vicente del Raspeig
CNT_002924,CLI_002924,2015-11-23,2016-11-13,38.370966,-0.509227,Alicante
CNT_002925,CLI_002925,2018-11-15,2019-11-29,38.289586,-0.699765,Elche
CNT_002926,CLI_002926,2024-03-22,2025-05-04,38.82861,0.072334,Denia
CNT_002927,CLI_002927,2016-09-21,2017-06-08,38.389981,-0.521257,San Vicente del Raspeig
CNT_002928,CLI_002928,2020-07-12,2020-12-29,38.389499,-0.43443,Sant Joan d'Alacant
CNT_002929,CLI_002929,2020-11-01,2022-08-10,38.703309,-0.453292,Alcoy
CNT_002930,CLI_002930,2021-01-02,2021-03-21,38.280166,-0.702568,Elche
CNT_002931,CLI_002931,2020-07-21,2021-11-13,37.954401,-0.674847,Torrevieja
CNT_002932,CLI_002932,2018-04-09,2019-09-11,38.075696,-0.961726,Orihuela
CNT_002933,CLI_002933,2020-07-17,2021-03-08,38.311519,-0.489911,Alicante
CNT_002934,CLI_002934,2018-09-19,2019-12-01,37.962522,-0.709653,Torrevieja
CNT_002935,CLI_002935,2021-10-07,2022-12-17,38.540812,-0.133637,Benidorm
CNT_002936,CLI_002936,2024-04-03,2024-06-22,38.326863,-0.488633,Alicante
CNT_002937,CLI_002937,2019-03-30,2019-10-20,38.39269,-0.52171,San Vicente del Raspeig
CNT_002938,CLI_002938,2022-06-01,2023-03-18,37.949408,-0.693425,Torrevieja
CNT_002939,CLI_002939,2022-09-11,2024-02-02,38.639244,-0.8652,Villena
CNT_002940,CLI_002940,2016-07-22,2017-03-31,38.344093,-0.489335,Alicante
CNT_002941,CLI_002941,2021-07-22,2022-05-16,38.326976,-0.489287,Alicante
CNT_002942,CLI_002942,2024-03-27,2025-03-09,38.08102,-0.942893,Orihuela
CNT_002943,CLI_002943,2020-04-29,2021-06-17,38.349707,-0.479987,Alicante
CNT_002944,CLI_002944,2015-12-13,2017-08-19,38.524422,-0.122166,Benidorm
CNT_002945,CLI_002945,2016-02-12,2017-11-28,38.680685,-0.474848,Alcoy
CNT_002946,CLI_002946,2015-05-13,2016-01-16,38.390339,-0.489747,Alicante
CNT_002947,CLI_002947,2016-09-05,2016-11-27,38.251568,-0.702278,Elche
CNT_002948,CLI_002948,2023-04-24,2023-12-09,38.263371,-0.714023,Elche
CNT_002949,CLI_002949,2015-04-16,2017-02-16,38.287738,-0.706218,Elche
CNT_002950,CLI_002950,2021-01-27,2022-01-30,38.519191,-0.749688,Petrer
CNT_002951,CLI_002951,2022-05-11,2024-04-30,38.381366,-0.536252,San Vicente del Raspeig
CNT_002952,CLI_002952,2024-02-04,2025-01-03,38.539598,-0.134644,Benidorm
CNT_002953,CLI_002953,2024-11-24,2025-08-25,38.525709,-0.13595,Benidorm
CNT_002954,CLI_002954,2015-09-19,2017-07-08,38.253647,-0.703738,Elche
CNT_002955,CLI_002955,2016-05-08,2016-12-31,38.476698,-0.773312,Petrer
CNT_002956,CLI_002956,2024-01-29,2025-07-22,38.520692,-0.127949,Benidorm
CNT_002957,CLI_002957,2019-01-14,2019-10-29,38.697905,-0.493922,Alcoy
CNT_002958,CLI_002958,2023-01-29,2024-03-13,38.461006,-0.779354,Elda
CNT_002959,CLI_002959,2015-10-17,2016-04-26,38.36887,-0.465185,Alicante
CNT_002960,CLI_002960,2024-02-17,2025-02-21,38.39696,-0.540214,San Vicente del Raspeig
CNT_002961,CLI_002961,2020-02-12,2021-10-09,38.355761,-0.537727,Alicante
CNT_002962,CLI_002962,2018-08-30,2020-03-11,38.255244,-0.719796,Elche
CNT_002963,CLI_002963,2020-11-02,2021-01-04,38.257422,-0.703639,Elche
CNT_002964,CLI_002964,2018-12-09,2019-11-26,38.403988,-0.415277,Sant Joan d'Alacant
CNT_002965,CLI_002965,2018-09-14,2019-04-12,38.464731,-0.785281,Elda
CNT_002966,CLI_002966,2015-02-14,2016-02-25,38.529904,-0.152991,Benidorm
CNT_002967,CLI_002967,2017-03-25,2017-11-01,38.688085,-0.481676,Alcoy
CNT_002968,CLI_002968,2021-07-08,2023-03-08,37.96267,-0.683158,Torrevieja
CNT_002969,CLI_002969,2016-04-09,2018-03-18,38.462802,-0.767463,Petrer
CNT_002970,CLI_002970,2015-07-19,2016-04-19,38.294965,-0.727224,Elche
CNT_002971,CLI_002971,2023-12-17,2024-09-16,38.250396,-0.70127,Elche
CNT_002972,CLI_002972,2015-11-25,2017-11-01,38.374284,-0.498941,Alicante
CNT_002973,CLI_002973,2021-04-06,2021-09-15,38.409126,-0.538545,San Vicente del Raspeig
CNT_002974,CLI_002974,2020-03-22,2020-11-03,38.682968,-0.470285,Alcoy
CNT_002975,CLI_002975,2017-03-08,2018-03-19,38.241555,-0.681275,Elche
CNT_002976,CLI_002976,2016-12-02,2017-02-18,38.409213,-0.459974,Alicante
CNT_002977,CLI_002977,2022-03-15,2022-06-16,38.499711,-0.784907,Elda
CNT_002978,CLI_002978,2022-05-28,2024-03-11,38.344412,-0.493434,Alicante
CNT_002979,CLI_002979,2024-05-23,2024-10-03,38.537288,-0.122725,Benidorm
CNT_002980,CLI_002980,2020-07-14,2021-03-13,38.62943,-0.862491,Villena
CNT_002981,CLI_002981,2020-04-08,2021-10-06,38.275012,-0.695353,Elche
CNT_002982,CLI_002982,2022-07-31,2022-12-26,38.32727,-0.496292,Alicante
CNT_002983,CLI_002983,2021-08-04,2023-07-13,38.509812,-0.137263,Benidorm
CNT_002984,CLI_002984,2018-11-02,2019-07-31,38.380441,-0.524413,San Vicente del Raspeig
CNT_002985,CLI_002985,2021-08-29,2022-07-04,37.97908,-0.638282,Torrevieja
CNT_002986,CLI_002986,2024-09-06,2025-12-03,38.623427,-0.862585,Villena
CNT_002987,CLI_002987,2024-01-07,2025-02-02,38.343518,-0.49628,Alicante
CNT_002988,CLI_002988,2022-10-17,2023-09-17,38.241857,-0.716613,Elche
CNT_002989,CLI_002989,2021-08-09,2023-01-06,38.524812,-0.137201,Benidorm
CNT_002990,CLI_002990,2020-10-20,2021-09-28,38.488938,-0.765672,Elda
CNT_002991,CLI_002991,2024-01-25,2025-07-20,38.351387,-0.490981,Alicante
CNT_002992,CLI_002992,2021-12-26,2023-12-08,38.396184,-0.514418,San Vicente del Raspeig
CNT_002993,CLI_002993,2018-12-08,2019-06-22,37.994521,-0.688967,Torrevieja
CNT_002994,CLI_002994,2015-05-07,2016-07-03,38.276073,-0.692554,Elche
CNT_002995,CLI_002995,2019-02-19,2019-05-22,38.381364,-0.461206,Alicante
CNT_002996,CLI_002996,2019-06-09,2020-04-05,38.473182,-0.798663,Elda
CNT_002997,CLI_002997,2024-11-07,2025-01-12,38.334459,-0.497028,Alicante
CNT_002998,CLI_002998,2024-02-02,2024-03-18,38.236876,-0.661805,Elche
CNT_002999,CLI_002999,2016-04-26,2017-05-03,38.334475,-0.456385,Alicante
CNT_003000,CLI_003000,2018-08-28,2019-09-07,38.490277,-0.782312,Elda
CNT_003001,CLI_003001,2024-08-16,2026-03-07,38.5498,-0.121853,Benidorm
CNT_003002,CLI_003002,2015-10-10,2017-07-23,38.407824,-0.519785,San Vicente del Raspeig
CNT_003003,CLI_003003,2023-06-01,2024-02-18,38.300345,-0.430556,Alicante
CNT_003004,CLI_003004,2020-10-22,2022-06-19,38.106463,-0.943622,Orihuela
CNT_003005,CLI_003005,2023-08-02,2025-05-01,37.945607,-0.671809,Torrevieja
CNT_003006,CLI_003006,2022-09-21,2023-12-10,38.489477,-0.809211,Elda
CNT_003007,CLI_003007,2021-07-22,2022-05-14,38.835183,0.093326,Denia
CNT_003008,CLI_003008,2020-08-06,2021-07-27,38.362763,-0.51102,Alicante
CNT_003009,CLI_003009,2021-06-29,2022-10-14,38.518211,-0.116011,Benidorm
CNT_003010,CLI_003010,2015-08-27,2017-04-07,38.374479,-0.544814,Alicante
CNT_003011,CLI_003011,2018-11-21,2019-03-06,37.95233,-0.689442,Torrevieja
CNT_003012,CLI_003012,2021-07-12,2022-04-14,38.328489,-0.555843,Alicante
CNT_003013,CLI_003013,2015-12-07,2017-08-07,38.243542,-0.716588,Elche
CNT_003014,CLI_003014,2024-03-04,2025-02-09,38.226906,-0.709101,Elche
CNT_003015,CLI_003015,2024-05-17,2026-01-12,38.086691,-0.916803,Orihuela
CNT_003016,CLI_003016,2023-03-13,2024-11-23,38.305234,-0.689574,Elche
CNT_003017,CLI_003017,2017-06-10,2018-06-17,38.730403,-0.483398,Alcoy
CNT_003018,CLI_003018,2019-01-26,2019-08-25,38.267637,-0.674849,Elche
CNT_003019,CLI_003019,2016-04-06,2018-01-27,38.373117,-0.480554,Alicante
CNT_003020,CLI_003020,2018-08-09,2019-10-11,38.399085,-0.524849,San Vicente del Raspeig
CNT_003021,CLI_003021,2017-03-08,2017-12-03,38.357672,-0.511067,Alicante
CNT_003022,CLI_003022,2017-01-02,2017-11-19,38.257973,-0.72008,Elche
CNT_003023,CLI_003023,2024-07-10,2024-10-01,38.536541,-0.141201,Benidorm
CNT_003024,CLI_003024,2015-06-11,2015-12-02,38.277325,-0.697278,Elche
CNT_003025,CLI_003025,2024-10-14,2025-11-03,38.330739,-0.479053,Alicante
CNT_003026,CLI_003026,2021-10-31,2023-07-20,38.263795,-0.66433,Elche
CNT_003027,CLI_003027,2019-01-18,2020-06-07,38.483316,-0.766149,Petrer
CNT_003028,CLI_003028,2021-05-01,2021-06-21,38.101328,-0.998651,Orihuela
CNT_003029,CLI_003029,2017-10-06,2018-10-01,38.521408,-0.128148,Benidorm
CNT_003030,CLI_003030,2015-05-12,2016-03-28,38.083769,-0.9735,Orihuela
CNT_003031,CLI_003031,2020-02-01,2020-10-23,38.393,-0.505149,Alicante
CNT_003032,CLI_003032,2020-12-07,2021-02-03,38.291109,-0.716168,Elche
CNT_003033,CLI_003033,2020-03-30,2020-10-05,38.71459,-0.48136,Alcoy
CNT_003034,CLI_003034,2018-05-27,2019-12-07,38.345811,-0.515379,Alicante
CNT_003035,CLI_003035,2024-07-20,2026-02-19,38.353225,-0.475913,Alicante
CNT_003036,CLI_003036,2016-11-02,2017-03-12,38.370256,-0.51627,Alicante
CNT_003037,CLI_003037,2016-05-19,2017-04-03,38.299826,-0.690453,Elche
CNT_003038,CLI_003038,2024-03-25,2025-05-05,38.383836,-0.418367,Sant Joan d'Alacant
CNT_003039,CLI_003039,2020-11-26,2021-06-16,38.312314,-0.514234,Alicante
CNT_003040,CLI_003040,2018-06-15,2019-06-22,38.00227,-0.687321,Torrevieja
CNT_003041,CLI_003041,2015-10-20,2017-06-19,38.338278,-0.544086,Alicante
CNT_003042,CLI_003042,2020-07-03,2021-02-08,38.628939,-0.869811,Villena
CNT_003043,CLI_003043,2023-04-24,2024-08-04,38.313846,-0.464932,Alicante
CNT_003044,CLI_003044,2024-12-29,2026-05-25,38.25329,-0.682446,Elche
CNT_003045,CLI_003045,2017-04-07,2019-01-31,38.681572,-0.472472,Alcoy
CNT_003046,CLI_003046,2015-07-06,2016-07-12,38.559293,-0.120629,Benidorm
CNT_003047,CLI_003047,2017-11-25,2018-04-28,38.265006,-0.642287,Elche
CNT_003048,CLI_003048,2024-12-11,2026-05-25,38.264225,-0.660629,Elche
CNT_003049,CLI_003049,2021-04-22,2023-03-21,38.278438,-0.709795,Elche
CNT_003050,CLI_003050,2018-12-29,2020-08-01,38.369259,-0.517278,Alicante
CNT_003051,CLI_003051,2019-07-01,2020-07-24,38.368847,-0.491154,Alicante
CNT_003052,CLI_003052,2017-10-28,2019-04-13,38.28912,-0.719134,Elche
CNT_003053,CLI_003053,2022-08-27,2023-03-17,38.329429,-0.469716,Alicante
CNT_003054,CLI_003054,2018-04-16,2019-06-13,38.337753,-0.51053,Alicante
CNT_003055,CLI_003055,2024-01-27,2025-05-31,38.100181,-0.945956,Orihuela
CNT_003056,CLI_003056,2020-09-19,2022-09-03,38.630671,-0.856144,Villena
CNT_003057,CLI_003057,2024-05-21,2024-10-17,38.084698,-0.946514,Orihuela
CNT_003058,CLI_003058,2022-09-05,2023-07-04,38.355169,-0.504658,Alicante
CNT_003059,CLI_003059,2020-11-30,2021-12-22,38.36483,-0.45163,Alicante
CNT_003060,CLI_003060,2022-09-16,2023-11-05,38.615668,-0.888748,Villena
CNT_003061,CLI_003061,2023-11-12,2024-10-25,38.363069,-0.489195,Alicante
CNT_003062,CLI_003062,2024-10-15,2025-08-01,38.339357,-0.482042,Alicante
CNT_003063,CLI_003063,2017-05-03,2018-03-09,38.098949,-0.944182,Orihuela
CNT_003064,CLI_003064,2020-10-26,2021-10-19,38.100339,-0.94089,Orihuela
CNT_003065,CLI_003065,2016-12-19,2017-05-21,38.116958,-0.932291,Orihuela
CNT_003066,CLI_003066,2020-01-21,2021-06-09,38.379036,-0.481885,Alicante
CNT_003067,CLI_003067,2017-05-27,2018-03-30,38.378864,-0.490201,Alicante
CNT_003068,CLI_003068,2023-12-12,2024-04-12,38.654324,-0.871091,Villena
CNT_003069,CLI_003069,2016-02-06,2017-09-04,38.352484,-0.496288,Alicante
CNT_003070,CLI_003070,2022-11-20,2023-04-26,38.534586,-0.121849,Benidorm
CNT_003071,CLI_003071,2015-03-05,2016-09-16,38.544674,-0.139058,Benidorm
CNT_003072,CLI_003072,2022-05-23,2022-12-05,38.099442,-0.927565,Orihuela
CNT_003073,CLI_003073,2023-01-12,2023-10-04,38.258701,-0.697882,Elche
CNT_003074,CLI_003074,2018-12-19,2019-02-18,38.355321,-0.494031,Alicante
CNT_003075,CLI_003075,2023-07-11,2024-03-27,38.084098,-0.932132,Orihuela
CNT_003076,CLI_003076,2016-01-08,2016-08-15,38.468453,-0.800529,Elda
CNT_003077,CLI_003077,2015-11-02,2017-09-18,38.496805,-0.763618,Petrer
CNT_003078,CLI_003078,2021-03-06,2022-12-08,38.34658,-0.475682,Alicante
CNT_003079,CLI_003079,2021-11-19,2023-08-01,38.396418,-0.495908,Alicante
CNT_003080,CLI_003080,2017-07-20,2019-01-08,38.467645,-0.764714,Petrer
CNT_003081,CLI_003081,2024-03-29,2025-07-28,38.691719,-0.466841,Alcoy
CNT_003082,CLI_003082,2020-06-13,2022-05-15,38.84119,0.123063,Denia
CNT_003083,CLI_003083,2018-11-16,2019-08-27,38.373635,-0.456846,Alicante
CNT_003084,CLI_003084,2023-10-30,2024-09-02,37.98589,-0.673357,Torrevieja
CNT_003085,CLI_003085,2022-05-18,2022-08-11,38.537926,-0.144831,Benidorm
CNT_003086,CLI_003086,2015-12-28,2017-11-05,38.520673,-0.101917,Benidorm
CNT_003087,CLI_003087,2018-07-11,2018-11-23,38.240047,-0.72918,Elche
CNT_003088,CLI_003088,2024-01-01,2025-09-02,38.353263,-0.457268,Alicante
CNT_003089,CLI_003089,2022-07-31,2023-03-09,37.954146,-0.674437,Torrevieja
CNT_003090,CLI_003090,2016-12-16,2017-10-19,38.331903,-0.510354,Alicante
CNT_003091,CLI_003091,2019-07-04,2021-01-27,38.27652,-0.701035,Elche
CNT_003092,CLI_003092,2016-06-26,2017-01-16,38.625212,-0.867145,Villena
CNT_003093,CLI_003093,2019-03-28,2021-01-20,38.300818,-0.669577,Elche
CNT_003094,CLI_003094,2019-07-21,2019-11-12,38.493387,-0.80036,Elda
CNT_003095,CLI_003095,2021-02-19,2021-10-22,38.305915,-0.487549,Alicante
CNT_003096,CLI_003096,2016-10-13,2016-11-25,38.523012,-0.159333,Benidorm
CNT_003097,CLI_003097,2017-11-16,2018-01-21,38.609571,-0.845383,Villena
CNT_003098,CLI_003098,2017-12-05,2018-01-30,38.325635,-0.507762,Alicante
CNT_003099,CLI_003099,2016-10-08,2018-09-01,38.36436,-0.472827,Alicante
CNT_003100,CLI_003100,2020-01-27,2021-09-23,38.256394,-0.700531,Elche
CNT_003101,CLI_003101,2023-03-21,2023-06-28,38.35672,-0.48345,Alicante
CNT_003102,CLI_003102,2017-12-17,2018-06-18,38.680132,-0.463682,Alcoy
CNT_003103,CLI_003103,2023-06-12,2024-09-21,38.85267,0.130769,Denia
CNT_003104,CLI_003104,2017-08-06,2018-06-02,38.253288,-0.692767,Elche
CNT_003105,CLI_003105,2017-08-18,2019-03-11,38.345504,-0.464623,Alicante
CNT_003106,CLI_003106,2020-09-27,2021-01-08,38.263457,-0.691064,Elche
CNT_003107,CLI_003107,2017-03-13,2018-11-03,38.518941,-0.11909,Benidorm
CNT_003108,CLI_003108,2023-09-01,2024-02-26,38.316373,-0.492573,Alicante
CNT_003109,CLI_003109,2022-04-08,2023-09-25,37.99612,-0.662843,Torrevieja
CNT_003110,CLI_003110,2019-08-08,2019-09-16,38.09278,-0.92229,Orihuela
CNT_003111,CLI_003111,2019-05-27,2021-03-30,38.105801,-0.922849,Orihuela
CNT_003112,CLI_003112,2024-08-23,2026-02-05,38.353316,-0.497504,Alicante
CNT_003113,CLI_003113,2018-11-03,2019-02-02,38.535916,-0.13332,Benidorm
CNT_003114,CLI_003114,2020-08-19,2021-10-10,38.30205,-0.475013,Alicante
CNT_003115,CLI_003115,2022-06-14,2023-03-02,38.338441,-0.515271,Alicante
CNT_003116,CLI_003116,2016-12-26,2018-08-31,38.478371,-0.772661,Elda
CNT_003117,CLI_003117,2022-01-07,2023-07-18,38.721837,-0.473547,Alcoy
CNT_003118,CLI_003118,2021-03-21,2022-10-21,38.362374,-0.473902,Alicante
CNT_003119,CLI_003119,2018-11-05,2020-10-23,38.383602,-0.495425,Alicante
CNT_003120,CLI_003120,2024-11-21,2026-03-10,38.360138,-0.514172,Alicante
CNT_003121,CLI_003121,2024-03-27,2025-03-12,38.327417,-0.496101,Alicante
CNT_003122,CLI_003122,2015-07-22,2015-11-11,38.348128,-0.47552,Alicante
CNT_003123,CLI_003123,2017-07-30,2018-11-05,38.351106,-0.464164,Alicante
CNT_003124,CLI_003124,2016-08-11,2016-09-26,38.244839,-0.694741,Elche
CNT_003125,CLI_003125,2016-07-24,2017-08-26,38.693787,-0.469239,Alcoy
CNT_003126,CLI_003126,2023-03-24,2025-02-18,38.080685,-0.951241,Orihuela
CNT_003127,CLI_003127,2015-07-15,2017-06-27,38.553467,-0.125345,Benidorm
CNT_003128,CLI_003128,2018-09-07,2020-05-10,38.293181,-0.443929,Alicante
CNT_003129,CLI_003129,2016-02-22,2017-10-26,38.65147,-0.857743,Villena
CNT_003130,CLI_003130,2019-07-01,2020-04-10,38.467458,-0.782085,Elda
CNT_003131,CLI_003131,2018-09-27,2020-01-25,38.379835,-0.521772,San Vicente del Raspeig
CNT_003132,CLI_003132,2024-06-22,2026-04-25,38.410459,-0.543338,San Vicente del Raspeig
CNT_003133,CLI_003133,2015-01-09,2016-08-21,38.491219,-0.780447,Petrer
CNT_003134,CLI_003134,2016-06-15,2017-12-29,38.001281,-0.674012,Torrevieja
CNT_003135,CLI_003135,2015-05-29,2016-07-23,38.365218,-0.481273,Alicante
CNT_003136,CLI_003136,2021-08-27,2022-08-11,38.125997,-0.935703,Orihuela
CNT_003137,CLI_003137,2019-04-02,2019-12-07,38.705105,-0.453283,Alcoy
CNT_003138,CLI_003138,2017-11-01,2019-01-18,38.696522,-0.464688,Alcoy
CNT_003139,CLI_003139,2016-04-20,2016-06-20,37.984873,-0.65954,Torrevieja
CNT_003140,CLI_003140,2019-06-06,2019-07-21,38.376287,-0.478633,Alicante
CNT_003141,CLI_003141,2022-03-11,2023-05-23,38.248354,-0.716059,Elche
CNT_003142,CLI_003142,2020-06-02,2020-12-21,38.477381,-0.770579,Petrer
CNT_003143,CLI_003143,2017-12-12,2019-10-21,37.973139,-0.696686,Torrevieja
CNT_003144,CLI_003144,2024-08-08,2025-03-04,37.940818,-0.654151,Torrevieja
CNT_003145,CLI_003145,2015-07-25,2017-03-18,38.348652,-0.46124,Alicante
CNT_003146,CLI_003146,2023-04-22,2024-09-29,38.224005,-0.686849,Elche
CNT_003147,CLI_003147,2023-02-10,2023-06-23,38.841496,0.124239,Denia
CNT_003148,CLI_003148,2017-01-14,2017-12-26,38.544583,-0.155541,Benidorm
CNT_003149,CLI_003149,2017-07-01,2019-03-10,38.390577,-0.518242,San Vicente del Raspeig
CNT_003150,CLI_003150,2015-02-23,2015-09-21,38.302397,-0.727134,Elche
CNT_003151,CLI_003151,2023-05-08,2023-10-16,38.05559,-0.944645,Orihuela
CNT_003152,CLI_003152,2019-05-23,2021-04-14,38.374982,-0.488793,Alicante
CNT_003153,CLI_003153,2024-10-01,2025-04-03,38.542302,-0.123359,Benidorm
CNT_003154,CLI_003154,2020-01-01,2021-01-23,38.227747,-0.69328,Elche
CNT_003155,CLI_003155,2015-12-10,2016-08-30,38.325137,-0.668707,Elche
CNT_003156,CLI_003156,2018-04-07,2018-10-18,38.083525,-0.956538,Orihuela
CNT_003157,CLI_003157,2020-04-16,2021-07-16,38.475125,-0.762909,Petrer
CNT_003158,CLI_003158,2018-03-30,2020-03-05,38.310023,-0.476944,Alicante
CNT_003159,CLI_003159,2024-11-07,2026-04-08,38.39366,-0.544923,San Vicente del Raspeig
CNT_003160,CLI_003160,2016-12-03,2017-08-02,38.342015,-0.503965,Alicante
CNT_003161,CLI_003161,2022-01-18,2022-07-23,38.267758,-0.701597,Elche
CNT_003162,CLI_003162,2018-08-03,2020-07-21,38.337755,-0.453193,Alicante
CNT_003163,CLI_003163,2020-03-13,2020-06-25,38.361031,-0.469407,Alicante
CNT_003164,CLI_003164,2021-09-25,2023-01-02,38.256972,-0.723985,Elche
CNT_003165,CLI_003165,2024-11-02,2025-05-28,38.296826,-0.484508,Alicante
CNT_003166,CLI_003166,2022-03-01,2024-01-04,38.262214,-0.653908,Elche
CNT_003167,CLI_003167,2015-07-18,2017-05-14,38.460225,-0.768888,Petrer
CNT_003168,CLI_003168,2023-11-07,2024-10-13,38.354044,-0.489183,Alicante
CNT_003169,CLI_003169,2022-09-23,2023-02-26,38.686648,-0.467499,Alcoy
CNT_003170,CLI_003170,2016-01-24,2017-03-05,38.269094,-0.681505,Elche
CNT_003171,CLI_003171,2016-04-18,2017-04-27,38.111081,-0.953623,Orihuela
CNT_003172,CLI_003172,2018-11-05,2019-07-17,38.321481,-0.468436,Alicante
CNT_003173,CLI_003173,2017-02-03,2017-03-21,38.371731,-0.489222,Alicante
CNT_003174,CLI_003174,2019-07-13,2020-12-20,38.334365,-0.463017,Alicante
CNT_003175,CLI_003175,2016-08-14,2017-12-29,38.38903,-0.476758,Alicante
CNT_003176,CLI_003176,2023-10-01,2024-09-05,38.336071,-0.468951,Alicante
CNT_003177,CLI_003177,2020-01-23,2020-07-07,38.524114,-0.14041,Benidorm
CNT_003178,CLI_003178,2017-12-31,2019-05-19,38.851009,0.093381,Denia
CNT_003179,CLI_003179,2017-09-08,2018-05-12,38.391071,-0.513954,San Vicente del Raspeig
CNT_003180,CLI_003180,2023-04-30,2023-12-11,38.524103,-0.132253,Benidorm
CNT_003181,CLI_003181,2015-06-17,2016-02-02,38.333254,-0.473874,Alicante
CNT_003182,CLI_003182,2015-10-11,2016-11-09,38.344085,-0.48866,Alicante
CNT_003183,CLI_003183,2024-10-05,2026-04-15,38.295028,-0.678528,Elche
CNT_003184,CLI_003184,2023-07-05,2024-09-06,38.296848,-0.496195,Alicante
CNT_003185,CLI_003185,2022-11-11,2024-05-18,38.266008,-0.701283,Elche
CNT_003186,CLI_003186,2018-04-13,2019-12-23,37.989948,-0.668052,Torrevieja
CNT_003187,CLI_003187,2023-12-15,2024-08-14,38.269756,-0.672495,Elche
CNT_003188,CLI_003188,2023-09-23,2024-09-27,38.294317,-0.709823,Elche
CNT_003189,CLI_003189,2024-04-09,2025-04-02,38.395408,-0.501784,San Vicente del Raspeig
CNT_003190,CLI_003190,2018-05-28,2018-10-23,38.394085,-0.521541,San Vicente del Raspeig
CNT_003191,CLI_003191,2017-06-09,2018-09-06,38.278531,-0.721244,Elche
CNT_003192,CLI_003192,2024-12-28,2026-02-03,38.84219,0.111236,Denia
CNT_003193,CLI_003193,2020-12-21,2022-10-30,38.632315,-0.870796,Villena
CNT_003194,CLI_003194,2019-07-13,2020-02-06,38.276855,-0.68875,Elche
CNT_003195,CLI_003195,2015-05-02,2016-08-05,38.251144,-0.699243,Elche
CNT_003196,CLI_003196,2017-04-12,2018-06-17,38.252054,-0.696666,Elche
CNT_003197,CLI_003197,2020-04-06,2021-06-03,38.47862,-0.779116,Petrer
CNT_003198,CLI_003198,2017-10-18,2019-06-05,38.494937,-0.779919,Elda
CNT_003199,CLI_003199,2020-06-16,2020-10-02,38.264675,-0.509903,Alicante
CNT_003200,CLI_003200,2024-07-24,2025-10-20,38.274203,-0.722693,Elche
CNT_003201,CLI_003201,2017-06-13,2017-11-07,37.979317,-0.675588,Torrevieja
CNT_003202,CLI_003202,2019-02-24,2020-03-27,38.228521,-0.663037,Elche
CNT_003203,CLI_003203,2015-10-16,2016-02-28,38.352943,-0.489815,Alicante
CNT_003204,CLI_003204,2017-12-12,2018-04-25,38.484409,-0.783388,Elda
CNT_003205,CLI_003205,2023-12-21,2024-11-17,38.541276,-0.11842,Benidorm
CNT_003206,CLI_003206,2018-10-03,2020-07-23,38.446878,-0.782024,Elda
CNT_003207,CLI_003207,2017-12-10,2018-06-05,38.495097,-0.795534,Elda
CNT_003208,CLI_003208,2017-04-18,2017-10-14,38.689547,-0.486493,Alcoy
CNT_003209,CLI_003209,2023-02-07,2023-11-19,38.280604,-0.746866,Elche
CNT_003210,CLI_003210,2015-02-09,2015-05-31,38.099621,-0.949757,Orihuela
CNT_003211,CLI_003211,2021-04-16,2021-05-31,38.323283,-0.451548,Alicante
CNT_003212,CLI_003212,2021-03-15,2021-10-23,38.542126,-0.14479,Benidorm
CNT_003213,CLI_003213,2015-06-28,2015-10-09,38.335563,-0.463495,Alicante
CNT_003214,CLI_003214,2024-12-01,2025-10-03,38.509343,-0.142702,Benidorm
CNT_003215,CLI_003215,2015-07-02,2015-09-30,38.374394,-0.478348,Alicante
CNT_003216,CLI_003216,2019-10-26,2021-05-13,38.325824,-0.463305,Alicante
CNT_003217,CLI_003217,2018-04-02,2019-10-18,38.323838,-0.497487,Alicante
CNT_003218,CLI_003218,2019-11-05,2020-11-11,38.335123,-0.476738,Alicante
CNT_003219,CLI_003219,2018-11-01,2019-12-30,38.537467,-0.136281,Benidorm
CNT_003220,CLI_003220,2016-12-05,2017-09-18,38.697713,-0.464938,Alcoy
CNT_003221,CLI_003221,2016-05-11,2016-12-24,38.277557,-0.693123,Elche
CNT_003222,CLI_003222,2016-08-19,2016-11-09,38.311713,-0.479587,Alicante
CNT_003223,CLI_003223,2021-11-13,2023-09-24,38.32664,-0.442041,Alicante
CNT_003224,CLI_003224,2016-04-18,2017-02-12,38.3423,-0.464442,Alicante
CNT_003225,CLI_003225,2016-11-15,2017-07-03,38.392647,-0.498259,Alicante
CNT_003226,CLI_003226,2017-11-26,2019-01-25,38.838993,0.104412,Denia
CNT_003227,CLI_003227,2019-06-11,2020-07-22,38.372331,-0.482897,Alicante
CNT_003228,CLI_003228,2019-07-23,2021-06-27,38.266348,-0.696533,Elche
CNT_003229,CLI_003229,2015-11-15,2017-08-09,38.333109,-0.417887,Alicante
CNT_003230,CLI_003230,2024-12-05,2026-05-25,38.339032,-0.471729,Alicante
CNT_003231,CLI_003231,2018-12-06,2019-04-02,37.975668,-0.718846,Torrevieja
CNT_003232,CLI_003232,2021-07-31,2022-10-01,38.096873,-0.955356,Orihuela
CNT_003233,CLI_003233,2019-08-22,2020-03-20,38.379565,-0.529309,Alicante
CNT_003234,CLI_003234,2022-04-18,2023-02-24,38.354192,-0.489245,Alicante
CNT_003235,CLI_003235,2020-06-11,2021-12-25,38.291616,-0.742021,Elche
CNT_003236,CLI_003236,2015-08-17,2017-03-29,38.32108,-0.50279,Alicante
CNT_003237,CLI_003237,2016-12-29,2017-08-05,38.334834,-0.519018,Alicante
CNT_003238,CLI_003238,2018-07-11,2019-03-02,38.628308,-0.86159,Villena
CNT_003239,CLI_003239,2019-02-19,2019-05-03,38.091089,-0.944489,Orihuela
CNT_003240,CLI_003240,2016-07-14,2017-06-08,37.972239,-0.676747,Torrevieja
CNT_003241,CLI_003241,2018-10-07,2020-08-06,38.281555,-0.7006,Elche
CNT_003242,CLI_003242,2019-01-05,2020-12-16,38.245018,-0.728975,Elche
CNT_003243,CLI_003243,2022-05-06,2023-03-10,37.979475,-0.672957,Torrevieja
CNT_003244,CLI_003244,2021-11-11,2022-12-30,38.542442,-0.108233,Benidorm
CNT_003245,CLI_003245,2015-01-25,2016-11-21,38.509416,-0.126389,Benidorm
CNT_003246,CLI_003246,2018-02-28,2019-02-03,38.398241,-0.491648,Alicante
CNT_003247,CLI_003247,2016-01-05,2017-07-15,38.259271,-0.729717,Elche
CNT_003248,CLI_003248,2018-12-30,2019-10-29,38.220949,-0.718277,Elche
CNT_003249,CLI_003249,2024-01-09,2025-06-03,38.480597,-0.786364,Elda
CNT_003250,CLI_003250,2017-10-08,2019-01-31,38.085469,-0.923038,Orihuela
CNT_003251,CLI_003251,2016-09-02,2018-03-17,37.977226,-0.677504,Torrevieja
CNT_003252,CLI_003252,2018-10-07,2020-04-19,38.36998,-0.461003,Alicante
CNT_003253,CLI_003253,2019-12-31,2021-07-07,38.099749,-0.930346,Orihuela
CNT_003254,CLI_003254,2024-09-26,2024-11-11,38.352647,-0.468337,Alicante
CNT_003255,CLI_003255,2020-07-28,2020-09-25,38.275403,-0.712786,Elche
CNT_003256,CLI_003256,2018-05-05,2019-09-16,38.342591,-0.476652,Alicante
CNT_003257,CLI_003257,2020-11-26,2021-10-25,38.555506,-0.141481,Benidorm
CNT_003258,CLI_003258,2020-02-27,2021-10-03,38.30822,-0.480564,Alicante
CNT_003259,CLI_003259,2024-01-05,2024-05-06,38.268572,-0.691021,Elche
CNT_003260,CLI_003260,2020-04-30,2021-12-28,38.841675,0.130882,Denia
CNT_003261,CLI_003261,2016-12-20,2018-10-11,38.365532,-0.513743,Alicante
CNT_003262,CLI_003262,2024-04-13,2025-12-17,38.246935,-0.687707,Elche
CNT_003263,CLI_003263,2018-01-10,2018-07-20,38.227139,-0.665713,Elche
CNT_003264,CLI_003264,2019-04-10,2020-04-01,38.349121,-0.462029,Alicante
CNT_003265,CLI_003265,2021-10-15,2022-07-25,38.399675,-0.515305,San Vicente del Raspeig
CNT_003266,CLI_003266,2020-04-04,2021-07-17,38.38244,-0.466308,Alicante
CNT_003267,CLI_003267,2023-06-07,2025-01-27,38.237552,-0.669737,Elche
CNT_003268,CLI_003268,2016-09-27,2018-04-23,37.999484,-0.701775,Torrevieja
CNT_003269,CLI_003269,2018-03-18,2018-08-14,38.132148,-0.972219,Orihuela
CNT_003270,CLI_003270,2023-09-05,2025-03-01,38.529667,-0.131376,Benidorm
CNT_003271,CLI_003271,2023-09-08,2025-06-28,38.312926,-0.535029,Alicante
CNT_003272,CLI_003272,2019-10-20,2021-05-20,38.335026,-0.450234,Alicante
CNT_003273,CLI_003273,2021-08-11,2021-12-15,38.534368,-0.116651,Benidorm
CNT_003274,CLI_003274,2024-09-03,2025-10-07,37.988848,-0.69,Torrevieja
CNT_003275,CLI_003275,2023-02-20,2024-05-11,38.471603,-0.796249,Elda
CNT_003276,CLI_003276,2021-09-27,2022-07-10,38.414962,-0.526168,San Vicente del Raspeig
CNT_003277,CLI_003277,2024-02-13,2024-07-19,38.465326,-0.791176,Elda
CNT_003278,CLI_003278,2020-04-10,2021-05-03,38.227237,-0.695502,Elche
CNT_003279,CLI_003279,2015-12-22,2016-06-24,38.289848,-0.686019,Elche
CNT_003280,CLI_003280,2020-08-20,2022-07-07,38.369005,-0.527372,San Vicente del Raspeig
CNT_003281,CLI_003281,2018-12-10,2019-03-06,38.261009,-0.67755,Elche
CNT_003282,CLI_003282,2019-05-14,2021-01-14,38.423142,-0.469851,Alicante
CNT_003283,CLI_003283,2024-02-04,2025-09-11,38.478555,-0.799084,Elda
CNT_003284,CLI_003284,2019-08-03,2021-07-19,38.823888,0.125727,Denia
CNT_003285,CLI_003285,2020-02-14,2021-12-27,38.264237,-0.728182,Elche
CNT_003286,CLI_003286,2024-11-30,2025-03-15,38.34393,-0.483304,Alicante
CNT_003287,CLI_003287,2018-02-19,2018-08-25,38.269034,-0.677028,Elche
CNT_003288,CLI_003288,2020-10-13,2021-02-04,38.404247,-0.533977,San Vicente del Raspeig
CNT_003289,CLI_003289,2024-03-27,2025-03-13,38.825113,0.110343,Denia
CNT_003290,CLI_003290,2015-05-05,2016-04-07,38.387389,-0.467417,Alicante
CNT_003291,CLI_003291,2015-11-08,2017-05-20,38.351328,-0.502513,Alicante
CNT_003292,CLI_003292,2023-12-07,2024-10-15,38.487422,-0.79267,Elda
CNT_003293,CLI_003293,2017-02-13,2017-04-25,38.251681,-0.701743,Elche
CNT_003294,CLI_003294,2023-05-08,2023-10-18,38.001855,-0.692131,Torrevieja
CNT_003295,CLI_003295,2022-12-30,2024-10-03,38.633915,-0.83858,Villena
CNT_003296,CLI_003296,2019-01-13,2020-11-21,38.352139,-0.500078,Alicante
CNT_003297,CLI_003297,2020-01-06,2021-03-14,38.066138,-0.924401,Orihuela
CNT_003298,CLI_003298,2016-11-24,2018-04-30,38.320277,-0.49082,Alicante
CNT_003299,CLI_003299,2018-03-28,2018-12-04,38.280641,-0.722206,Elche
CNT_003300,CLI_003300,2018-10-08,2019-06-23,38.390977,-0.524066,San Vicente del Raspeig
CNT_003301,CLI_003301,2020-01-18,2021-05-13,38.246716,-0.68402,Elche
CNT_003302,CLI_003302,2017-09-16,2018-08-17,38.395611,-0.430215,Sant Joan d'Alacant
CNT_003303,CLI_003303,2022-10-17,2023-03-14,37.991281,-0.654079,Torrevieja
CNT_003304,CLI_003304,2022-06-14,2024-03-15,38.251661,-0.633505,Elche
CNT_003305,CLI_003305,2024-02-17,2025-02-04,38.342259,-0.474737,Alicante
CNT_003306,CLI_003306,2019-10-19,2020-04-24,38.265831,-0.712888,Elche
CNT_003307,CLI_003307,2023-02-07,2023-11-02,38.223318,-0.688337,Elche
CNT_003308,CLI_003308,2021-09-19,2022-11-18,38.308422,-0.487655,Alicante
CNT_003309,CLI_003309,2023-05-02,2024-04-15,38.272898,-0.677929,Elche
CNT_003310,CLI_003310,2019-09-13,2020-04-18,38.249285,-0.726838,Elche
CNT_003311,CLI_003311,2019-06-15,2020-05-18,38.546881,-0.10288,Benidorm
CNT_003312,CLI_003312,2023-06-16,2024-03-20,38.104136,-0.927379,Orihuela
CNT_003313,CLI_003313,2022-05-08,2023-11-26,38.54283,-0.151508,Benidorm
CNT_003314,CLI_003314,2024-02-14,2025-08-02,38.390694,-0.498726,Alicante
CNT_003315,CLI_003315,2017-06-08,2018-08-05,38.343123,-0.460598,Alicante
CNT_003316,CLI_003316,2018-10-10,2020-08-21,38.097778,-0.920973,Orihuela
CNT_003317,CLI_003317,2016-05-03,2017-07-12,38.252643,-0.726289,Elche
CNT_003318,CLI_003318,2023-12-30,2024-07-27,38.406509,-0.463174,Alicante
CNT_003319,CLI_003319,2021-04-05,2021-05-25,38.420104,-0.548668,San Vicente del Raspeig
CNT_003320,CLI_003320,2015-06-29,2017-06-02,38.698543,-0.474472,Alcoy
CNT_003321,CLI_003321,2018-12-13,2020-08-16,37.985659,-0.662183,Torrevieja
CNT_003322,CLI_003322,2019-09-04,2021-05-19,38.379182,-0.494788,Alicante
CNT_003323,CLI_003323,2023-10-20,2024-04-21,38.696634,-0.491483,Alcoy
CNT_003324,CLI_003324,2021-06-22,2023-01-31,37.966881,-0.679568,Torrevieja
CNT_003325,CLI_003325,2018-06-21,2019-01-30,38.406788,-0.532557,San Vicente del Raspeig
CNT_003326,CLI_003326,2015-08-20,2016-04-29,38.699341,-0.465845,Alcoy
CNT_003327,CLI_003327,2019-12-18,2021-02-18,38.398496,-0.535924,San Vicente del Raspeig
CNT_003328,CLI_003328,2019-06-01,2020-04-05,37.963683,-0.696107,Torrevieja
CNT_003329,CLI_003329,2018-08-19,2018-09-27,38.302258,-0.531525,Alicante
CNT_003330,CLI_003330,2015-11-27,2017-01-05,38.537034,-0.129261,Benidorm
CNT_003331,CLI_003331,2016-07-14,2017-11-27,38.102899,-0.947718,Orihuela
CNT_003332,CLI_003332,2023-03-16,2023-09-13,38.69569,-0.487661,Alcoy
CNT_003333,CLI_003333,2015-09-05,2017-06-11,38.381111,-0.476155,Alicante
CNT_003334,CLI_003334,2015-10-10,2016-03-11,38.327602,-0.455323,Alicante
CNT_003335,CLI_003335,2018-08-03,2020-03-07,38.824879,0.102466,Denia
CNT_003336,CLI_003336,2017-07-28,2018-10-24,38.697593,-0.470182,Alcoy
CNT_003337,CLI_003337,2020-09-10,2022-03-16,38.839461,0.1098,Denia
CNT_003338,CLI_003338,2019-03-04,2020-08-27,38.70764,-0.487852,Alcoy
CNT_003339,CLI_003339,2016-06-13,2016-12-30,38.069301,-0.903368,Orihuela
CNT_003340,CLI_003340,2016-01-16,2017-09-01,38.112162,-0.953917,Orihuela
CNT_003341,CLI_003341,2015-03-04,2015-08-05,38.870204,0.115542,Denia
CNT_003342,CLI_003342,2015-05-08,2015-11-28,37.977995,-0.668354,Torrevieja
CNT_003343,CLI_003343,2019-04-01,2020-09-15,38.109794,-0.947292,Orihuela
CNT_003344,CLI_003344,2021-01-19,2022-03-09,38.318788,-0.46583,Alicante
CNT_003345,CLI_003345,2023-03-25,2025-03-07,38.289155,-0.692892,Elche
CNT_003346,CLI_003346,2024-02-05,2025-09-27,38.546767,-0.148312,Benidorm
CNT_003347,CLI_003347,2015-10-22,2016-03-05,38.366786,-0.489307,Alicante
CNT_003348,CLI_003348,2015-06-28,2017-04-24,38.344811,-0.496314,Alicante
CNT_003349,CLI_003349,2015-08-17,2017-02-24,38.200507,-0.708458,Elche
CNT_003350,CLI_003350,2017-06-01,2017-08-07,38.329157,-0.5136,Alicante
CNT_003351,CLI_003351,2016-01-29,2017-03-28,38.329552,-0.452839,Alicante
CNT_003352,CLI_003352,2022-07-02,2023-11-20,38.243978,-0.663056,Elche
CNT_003353,CLI_003353,2024-06-29,2025-11-07,38.842534,0.12037,Denia
CNT_003354,CLI_003354,2015-03-13,2016-08-28,38.256283,-0.670348,Elche
CNT_003355,CLI_003355,2015-11-14,2016-10-23,38.324585,-0.489616,Alicante
CNT_003356,CLI_003356,2016-08-17,2017-06-27,38.31873,-0.496906,Alicante
CNT_003357,CLI_003357,2016-01-14,2017-05-21,38.525614,-0.140643,Benidorm
CNT_003358,CLI_003358,2017-06-25,2019-06-04,38.290173,-0.684131,Elche
CNT_003359,CLI_003359,2015-05-16,2016-03-04,38.388368,-0.522575,San Vicente del Raspeig
CNT_003360,CLI_003360,2022-08-09,2024-05-09,38.074501,-0.946044,Orihuela
CNT_003361,CLI_003361,2018-11-02,2020-09-07,38.39082,-0.509758,San Vicente del Raspeig
CNT_003362,CLI_003362,2018-02-16,2019-05-20,38.353675,-0.470876,Alicante
CNT_003363,CLI_003363,2017-06-24,2018-07-23,38.539675,-0.141364,Benidorm
CNT_003364,CLI_003364,2016-06-13,2017-01-09,38.269084,-0.498023,Alicante
CNT_003365,CLI_003365,2023-03-02,2025-01-20,38.494116,-0.76318,Petrer
CNT_003366,CLI_003366,2022-06-06,2023-03-06,38.113527,-0.923665,Orihuela
CNT_003367,CLI_003367,2016-06-06,2017-05-14,38.242396,-0.686163,Elche
CNT_003368,CLI_003368,2016-01-22,2016-05-06,38.320893,-0.433578,Alicante
CNT_003369,CLI_003369,2022-03-06,2022-12-22,38.333944,-0.440125,Alicante
CNT_003370,CLI_003370,2022-03-15,2022-11-30,38.525128,-0.126008,Benidorm
CNT_003371,CLI_003371,2016-07-26,2017-09-08,38.350798,-0.501965,Alicante
CNT_003372,CLI_003372,2016-10-05,2018-08-11,38.045869,-0.9707,Orihuela
CNT_003373,CLI_003373,2022-03-05,2023-02-06,38.317252,-0.490685,Alicante
CNT_003374,CLI_003374,2022-12-27,2024-02-17,38.115584,-0.929436,Orihuela
CNT_003375,CLI_003375,2018-07-16,2019-07-05,38.385161,-0.50338,San Vicente del Raspeig
CNT_003376,CLI_003376,2024-11-04,2026-03-04,38.713321,-0.468391,Alcoy
CNT_003377,CLI_003377,2016-06-30,2017-12-23,38.702664,-0.459375,Alcoy
CNT_003378,CLI_003378,2019-02-18,2020-02-25,38.299968,-0.487133,Alicante
CNT_003379,CLI_003379,2021-10-21,2023-04-19,38.361083,-0.465431,Alicante
CNT_003380,CLI_003380,2019-05-06,2020-08-19,38.532788,-0.12142,Benidorm
CNT_003381,CLI_003381,2016-07-08,2018-02-06,38.25548,-0.741851,Elche
CNT_003382,CLI_003382,2019-10-30,2021-07-03,38.270889,-0.707396,Elche
CNT_003383,CLI_003383,2020-11-28,2021-09-15,38.357066,-0.457257,Alicante
CNT_003384,CLI_003384,2024-04-16,2025-08-21,38.36289,-0.474138,Alicante
CNT_003385,CLI_003385,2022-01-18,2024-01-07,38.374656,-0.510913,Alicante
CNT_003386,CLI_003386,2021-02-02,2022-11-01,38.846822,0.069248,Denia
CNT_003387,CLI_003387,2022-06-14,2023-02-25,38.310809,-0.490145,Alicante
CNT_003388,CLI_003388,2019-04-24,2020-10-27,37.970174,-0.683489,Torrevieja
CNT_003389,CLI_003389,2024-11-18,2025-06-24,38.418776,-0.503098,Alicante
CNT_003390,CLI_003390,2016-09-15,2017-05-11,38.542894,-0.129583,Benidorm
CNT_003391,CLI_003391,2020-06-11,2020-07-23,38.317624,-0.687159,Elche
CNT_003392,CLI_003392,2017-08-01,2018-02-08,38.861632,0.11576,Denia
CNT_003393,CLI_003393,2016-04-17,2017-12-09,38.844327,0.070361,Denia
CNT_003394,CLI_003394,2019-05-06,2020-10-09,38.272131,-0.727214,Elche
CNT_003395,CLI_003395,2017-09-20,2018-12-28,38.840151,0.101131,Denia
CNT_003396,CLI_003396,2023-01-05,2023-02-08,38.38576,-0.43335,Sant Joan d'Alacant
CNT_003397,CLI_003397,2024-06-21,2025-02-07,38.396517,-0.519429,San Vicente del Raspeig
CNT_003398,CLI_003398,2018-01-26,2019-04-16,38.493228,-0.786138,Elda
CNT_003399,CLI_003399,2018-12-05,2019-01-15,38.330209,-0.490585,Alicante
CNT_003400,CLI_003400,2024-06-08,2025-08-08,37.986115,-0.688097,Torrevieja
CNT_003401,CLI_003401,2015-06-19,2016-06-23,38.36649,-0.499208,Alicante
CNT_003402,CLI_003402,2017-10-10,2018-11-16,38.322458,-0.461795,Alicante
CNT_003403,CLI_003403,2015-02-25,2016-04-07,38.397338,-0.446784,Sant Joan d'Alacant
CNT_003404,CLI_003404,2019-10-23,2020-07-03,38.243106,-0.679599,Elche
CNT_003405,CLI_003405,2021-06-30,2022-01-27,38.688534,-0.470906,Alcoy
CNT_003406,CLI_003406,2016-10-19,2017-09-10,38.380849,-0.525841,San Vicente del Raspeig
CNT_003407,CLI_003407,2017-08-14,2018-07-16,38.467895,-0.799681,Elda
CNT_003408,CLI_003408,2015-09-17,2016-12-20,38.414175,-0.4507,Sant Joan d'Alacant
CNT_003409,CLI_003409,2016-10-02,2018-09-21,38.322313,-0.497191,Alicante
CNT_003410,CLI_003410,2022-02-22,2022-07-19,38.348361,-0.48925,Alicante
CNT_003411,CLI_003411,2021-07-15,2022-07-31,38.254437,-0.750419,Elche
CNT_003412,CLI_003412,2016-02-08,2017-10-17,38.374672,-0.485934,Alicante
CNT_003413,CLI_003413,2022-01-23,2022-04-08,38.377979,-0.457891,Alicante
CNT_003414,CLI_003414,2023-11-20,2024-08-02,38.28451,-0.685821,Elche
CNT_003415,CLI_003415,2017-03-05,2018-03-25,38.399974,-0.531254,San Vicente del Raspeig
CNT_003416,CLI_003416,2019-04-11,2020-02-28,37.974541,-0.681355,Torrevieja
CNT_003417,CLI_003417,2018-03-29,2018-12-23,38.239279,-0.710536,Elche
CNT_003418,CLI_003418,2023-06-09,2024-06-20,38.123671,-0.941525,Orihuela
CNT_003419,CLI_003419,2022-03-26,2022-09-12,38.326208,-0.442497,Alicante
CNT_003420,CLI_003420,2024-02-10,2024-09-30,38.361791,-0.456788,Alicante
CNT_003421,CLI_003421,2022-04-18,2024-03-09,38.711115,-0.46715,Alcoy
CNT_003422,CLI_003422,2022-05-23,2024-03-24,38.073694,-0.954358,Orihuela
CNT_003423,CLI_003423,2016-12-14,2017-10-08,38.710856,-0.464401,Alcoy
CNT_003424,CLI_003424,2021-07-19,2022-06-26,38.364305,-0.523172,Alicante
CNT_003425,CLI_003425,2024-11-16,2026-02-06,38.499436,-0.794828,Elda
CNT_003426,CLI_003426,2018-10-28,2019-04-12,38.075413,-0.932826,Orihuela
CNT_003427,CLI_003427,2024-08-07,2026-05-25,37.955554,-0.668872,Torrevieja
CNT_003428,CLI_003428,2020-05-11,2021-05-26,38.07469,-0.931102,Orihuela
CNT_003429,CLI_003429,2020-09-24,2021-04-02,38.481206,-0.788262,Elda
CNT_003430,CLI_003430,2019-10-19,2021-09-14,37.979748,-0.685723,Torrevieja
CNT_003431,CLI_003431,2017-06-22,2018-01-10,37.971618,-0.672516,Torrevieja
CNT_003432,CLI_003432,2020-10-03,2021-03-11,38.384217,-0.447076,Sant Joan d'Alacant
CNT_003433,CLI_003433,2018-01-06,2018-04-24,38.704046,-0.483536,Alcoy
CNT_003434,CLI_003434,2024-10-02,2026-05-23,38.308892,-0.696942,Elche
CNT_003435,CLI_003435,2019-08-22,2019-11-16,38.539771,-0.129222,Benidorm
CNT_003436,CLI_003436,2017-05-05,2018-07-08,38.278901,-0.738464,Elche
CNT_003437,CLI_003437,2018-07-19,2019-08-15,38.359511,-0.469621,Alicante
CNT_003438,CLI_003438,2016-10-21,2017-10-20,38.092741,-0.929045,Orihuela
CNT_003439,CLI_003439,2024-11-30,2025-05-12,38.493217,-0.770773,Petrer
CNT_003440,CLI_003440,2015-04-21,2015-06-03,38.487854,-0.746255,Petrer
CNT_003441,CLI_003441,2017-11-04,2018-09-12,38.258621,-0.713325,Elche
CNT_003442,CLI_003442,2020-10-26,2022-09-14,37.964372,-0.6887,Torrevieja
CNT_003443,CLI_003443,2016-05-15,2017-08-08,38.338976,-0.490877,Alicante
CNT_003444,CLI_003444,2022-03-20,2022-08-23,38.404227,-0.439186,Sant Joan d'Alacant
CNT_003445,CLI_003445,2016-02-22,2016-10-26,38.398555,-0.441459,Sant Joan d'Alacant
CNT_003446,CLI_003446,2020-02-07,2022-01-16,38.091087,-0.972636,Orihuela
CNT_003447,CLI_003447,2015-10-02,2017-08-16,38.40157,-0.531859,San Vicente del Raspeig
CNT_003448,CLI_003448,2024-10-05,2026-03-07,38.544198,-0.132471,Benidorm
CNT_003449,CLI_003449,2018-05-05,2019-02-18,38.110456,-0.919929,Orihuela
CNT_003450,CLI_003450,2024-06-09,2025-02-11,38.34715,-0.425944,Alicante
CNT_003451,CLI_003451,2019-10-21,2021-09-07,38.236729,-0.66892,Elche
CNT_003452,CLI_003452,2023-08-01,2024-12-31,38.530059,-0.140605,Benidorm
CNT_003453,CLI_003453,2024-05-25,2025-09-09,38.534729,-0.13965,Benidorm
CNT_003454,CLI_003454,2023-04-09,2023-08-15,38.225113,-0.701805,Elche
CNT_003455,CLI_003455,2024-11-24,2025-06-23,38.497787,-0.752154,Petrer
CNT_003456,CLI_003456,2023-04-27,2023-11-11,38.348759,-0.485136,Alicante
CNT_003457,CLI_003457,2019-11-04,2020-07-23,38.27389,-0.727505,Elche
CNT_003458,CLI_003458,2018-02-07,2018-06-09,38.550586,-0.137314,Benidorm
CNT_003459,CLI_003459,2021-02-19,2022-12-09,38.526638,-0.122215,Benidorm
CNT_003460,CLI_003460,2019-03-23,2020-08-05,38.096281,-0.930701,Orihuela
CNT_003461,CLI_003461,2020-05-21,2021-11-17,38.342453,-0.486005,Alicante
CNT_003462,CLI_003462,2024-08-31,2024-12-23,38.340598,-0.463915,Alicante
CNT_003463,CLI_003463,2022-12-12,2024-11-19,38.069356,-0.989963,Orihuela
CNT_003464,CLI_003464,2017-03-09,2018-09-08,38.118112,-0.942423,Orihuela
CNT_003465,CLI_003465,2020-05-17,2021-07-01,38.335812,-0.459483,Alicante
CNT_003466,CLI_003466,2021-06-06,2022-08-16,38.542594,-0.141294,Benidorm
CNT_003467,CLI_003467,2023-04-04,2023-12-21,38.22425,-0.716699,Elche
CNT_003468,CLI_003468,2022-02-28,2022-12-05,38.54836,-0.153697,Benidorm
CNT_003469,CLI_003469,2022-06-12,2022-10-04,38.491327,-0.772721,Elda
CNT_003470,CLI_003470,2024-10-07,2025-09-20,38.347636,-0.499004,Alicante
CNT_003471,CLI_003471,2021-01-05,2021-08-15,38.339526,-0.474974,Alicante
CNT_003472,CLI_003472,2017-02-07,2018-12-03,38.4011,-0.518053,San Vicente del Raspeig
CNT_003473,CLI_003473,2019-01-24,2020-10-15,38.130576,-0.914259,Orihuela
CNT_003474,CLI_003474,2015-05-19,2017-02-13,38.513041,-0.133147,Benidorm
CNT_003475,CLI_003475,2017-05-10,2018-04-04,38.488084,-0.798273,Elda
CNT_003476,CLI_003476,2020-02-03,2021-02-24,38.385361,-0.523223,San Vicente del Raspeig
CNT_003477,CLI_003477,2021-05-28,2023-01-04,38.636761,-0.850791,Villena
CNT_003478,CLI_003478,2015-12-01,2017-03-27,37.974238,-0.685263,Torrevieja
CNT_003479,CLI_003479,2022-07-09,2024-02-21,38.256077,-0.719307,Elche
CNT_003480,CLI_003480,2020-02-02,2021-07-21,38.26527,-0.732197,Elche
CNT_003481,CLI_003481,2018-04-22,2018-07-25,38.316846,-0.511532,Alicante
CNT_003482,CLI_003482,2021-06-12,2023-01-28,37.997225,-0.666641,Torrevieja
CNT_003483,CLI_003483,2017-07-13,2018-03-21,38.300346,-0.489016,Alicante
CNT_003484,CLI_003484,2017-09-07,2019-01-15,38.489298,-0.776075,Petrer
CNT_003485,CLI_003485,2023-01-24,2023-05-05,37.972822,-0.695087,Torrevieja
CNT_003486,CLI_003486,2018-07-09,2019-11-24,38.061382,-0.942799,Orihuela
CNT_003487,CLI_003487,2023-02-22,2025-01-31,38.269952,-0.703568,Elche
CNT_003488,CLI_003488,2018-08-26,2020-07-10,38.306276,-0.487828,Alicante
CNT_003489,CLI_003489,2015-12-10,2016-01-27,38.346193,-0.447267,Alicante
CNT_003490,CLI_003490,2024-07-27,2026-01-29,38.234197,-0.664464,Elche
CNT_003491,CLI_003491,2016-10-18,2018-09-30,38.356732,-0.521251,Alicante
CNT_003492,CLI_003492,2019-12-02,2021-02-18,38.066313,-0.937948,Orihuela
CNT_003493,CLI_003493,2024-10-25,2025-11-22,38.833935,0.094047,Denia
CNT_003494,CLI_003494,2020-01-24,2021-08-03,38.845109,0.101976,Denia
CNT_003495,CLI_003495,2024-11-04,2025-02-21,38.069349,-0.938314,Orihuela
CNT_003496,CLI_003496,2015-09-18,2016-04-24,38.343751,-0.486318,Alicante
CNT_003497,CLI_003497,2018-10-17,2019-04-12,38.460534,-0.789034,Elda
CNT_003498,CLI_003498,2015-06-18,2017-05-22,38.850163,0.115795,Denia
CNT_003499,CLI_003499,2016-10-21,2018-02-05,38.389323,-0.473636,Alicante
CNT_003500,CLI_003500,2015-07-19,2016-05-08,38.731907,-0.481162,Alcoy
CNT_003501,CLI_003501,2018-11-09,2020-09-18,38.347479,-0.49673,Alicante
CNT_003502,CLI_003502,2024-04-06,2025-09-26,38.405758,-0.542576,San Vicente del Raspeig
CNT_003503,CLI_003503,2016-08-04,2017-06-30,38.385374,-0.446185,Sant Joan d'Alacant
CNT_003504,CLI_003504,2024-04-06,2025-08-14,38.382768,-0.431948,Alicante
CNT_003505,CLI_003505,2016-07-19,2017-08-17,38.852343,0.09382,Denia
CNT_003506,CLI_003506,2021-09-08,2022-11-10,38.075121,-0.968368,Orihuela
CNT_003507,CLI_003507,2021-07-26,2022-12-30,38.651846,-0.862361,Villena
CNT_003508,CLI_003508,2015-01-28,2016-08-21,38.259902,-0.700728,Elche
CNT_003509,CLI_003509,2020-03-13,2021-08-04,38.473204,-0.794147,Elda
CNT_003510,CLI_003510,2016-09-23,2017-04-08,38.357083,-0.445774,Alicante
CNT_003511,CLI_003511,2023-10-10,2025-07-03,38.242106,-0.686219,Elche
CNT_003512,CLI_003512,2021-08-24,2021-12-22,38.370741,-0.49425,Alicante
CNT_003513,CLI_003513,2019-06-14,2020-05-08,38.624328,-0.871294,Villena
CNT_003514,CLI_003514,2022-01-19,2022-08-10,38.383699,-0.531331,San Vicente del Raspeig
CNT_003515,CLI_003515,2020-07-29,2022-06-04,38.467784,-0.781303,Elda
CNT_003516,CLI_003516,2018-08-03,2019-09-09,38.491495,-0.773081,Petrer
CNT_003517,CLI_003517,2024-03-09,2024-05-01,38.329781,-0.525829,Alicante
CNT_003518,CLI_003518,2023-01-29,2023-09-16,38.235844,-0.699363,Elche
CNT_003519,CLI_003519,2019-11-01,2019-12-07,38.330058,-0.519426,Alicante
CNT_003520,CLI_003520,2017-03-17,2017-04-21,38.344399,-0.426394,Alicante
CNT_003521,CLI_003521,2021-03-24,2023-01-12,38.315676,-0.505142,Alicante
CNT_003522,CLI_003522,2024-07-30,2025-02-05,38.240163,-0.701861,Elche
CNT_003523,CLI_003523,2020-09-05,2022-05-24,38.397982,-0.474545,Alicante
CNT_003524,CLI_003524,2024-04-26,2025-01-28,38.323686,-0.488216,Alicante
CNT_003525,CLI_003525,2018-02-14,2018-08-28,38.337124,-0.488251,Alicante
CNT_003526,CLI_003526,2015-03-30,2016-06-29,38.336019,-0.470454,Alicante
CNT_003527,CLI_003527,2022-04-20,2022-10-11,38.631944,-0.847885,Villena
CNT_003528,CLI_003528,2019-10-25,2021-04-17,38.705856,-0.46419,Alcoy
CNT_003529,CLI_003529,2015-05-02,2016-11-24,38.648378,-0.848458,Villena
CNT_003530,CLI_003530,2020-04-01,2021-09-21,38.258769,-0.721326,Elche
CNT_003531,CLI_003531,2017-05-15,2018-01-19,38.314288,-0.473066,Alicante
CNT_003532,CLI_003532,2015-02-02,2016-12-07,38.411593,-0.523437,San Vicente del Raspeig
CNT_003533,CLI_003533,2016-08-25,2018-04-22,38.263402,-0.690576,Elche
CNT_003534,CLI_003534,2016-11-26,2017-03-11,38.388458,-0.446594,Alicante
CNT_003535,CLI_003535,2023-01-14,2024-11-16,38.28906,-0.48652,Alicante
CNT_003536,CLI_003536,2024-07-01,2025-06-14,38.350085,-0.491138,Alicante
CNT_003537,CLI_003537,2016-06-08,2016-08-14,38.393165,-0.46765,Alicante
CNT_003538,CLI_003538,2017-11-13,2019-07-01,38.257728,-0.73742,Elche
CNT_003539,CLI_003539,2018-09-10,2020-07-12,38.531494,-0.134142,Benidorm
CNT_003540,CLI_003540,2020-09-12,2022-03-09,38.352588,-0.484355,Alicante
CNT_003541,CLI_003541,2015-09-04,2016-06-05,38.33123,-0.504009,Alicante
CNT_003542,CLI_003542,2023-06-18,2023-12-04,38.392555,-0.512615,San Vicente del Raspeig
CNT_003543,CLI_003543,2023-06-29,2024-04-11,38.336755,-0.507556,Alicante
CNT_003544,CLI_003544,2020-09-27,2022-07-05,38.251697,-0.701289,Elche
CNT_003545,CLI_003545,2020-05-16,2021-06-30,38.493446,-0.788282,Elda
CNT_003546,CLI_003546,2023-02-07,2024-06-28,38.356727,-0.447164,Alicante
CNT_003547,CLI_003547,2021-02-05,2021-09-07,38.351466,-0.481264,Alicante
CNT_003548,CLI_003548,2018-10-25,2019-09-22,38.283289,-0.677705,Elche
CNT_003549,CLI_003549,2020-03-22,2021-08-27,38.338591,-0.463485,Alicante
CNT_003550,CLI_003550,2020-07-16,2021-01-25,37.964764,-0.679978,Torrevieja
CNT_003551,CLI_003551,2017-01-07,2018-11-11,38.389069,-0.538374,San Vicente del Raspeig
CNT_003552,CLI_003552,2020-05-22,2021-01-09,38.345245,-0.516865,Alicante
CNT_003553,CLI_003553,2024-06-28,2025-09-08,37.959634,-0.680283,Torrevieja
CNT_003554,CLI_003554,2022-03-22,2022-11-16,38.254494,-0.710239,Elche
CNT_003555,CLI_003555,2021-12-18,2022-04-27,38.332297,-0.458018,Alicante
CNT_003556,CLI_003556,2021-10-14,2023-02-01,38.127291,-0.929583,Orihuela
CNT_003557,CLI_003557,2023-12-23,2025-08-04,38.275855,-0.485615,Alicante
CNT_003558,CLI_003558,2023-07-04,2024-08-04,38.261548,-0.72377,Elche
CNT_003559,CLI_003559,2018-12-07,2019-09-01,38.388342,-0.468232,Alicante
CNT_003560,CLI_003560,2015-12-30,2016-11-14,38.268181,-0.720695,Elche
CNT_003561,CLI_003561,2021-06-15,2022-07-21,38.282075,-0.714986,Elche
CNT_003562,CLI_003562,2017-09-08,2018-12-12,38.397498,-0.537053,San Vicente del Raspeig
CNT_003563,CLI_003563,2018-07-26,2019-05-31,38.328517,-0.484463,Alicante
CNT_003564,CLI_003564,2023-10-29,2025-03-08,38.216178,-0.672556,Elche
CNT_003565,CLI_003565,2015-08-15,2016-07-25,38.27002,-0.698411,Elche
CNT_003566,CLI_003566,2018-06-20,2018-10-04,38.524893,-0.136619,Benidorm
CNT_003567,CLI_003567,2020-08-19,2021-02-15,37.964294,-0.709661,Torrevieja
CNT_003568,CLI_003568,2018-11-16,2020-01-15,38.528212,-0.124675,Benidorm
CNT_003569,CLI_003569,2020-09-26,2022-03-05,38.719338,-0.482765,Alcoy
CNT_003570,CLI_003570,2019-07-06,2020-05-27,38.507558,-0.79039,Elda
CNT_003571,CLI_003571,2021-03-01,2023-01-28,38.270279,-0.706093,Elche
CNT_003572,CLI_003572,2023-04-25,2024-07-04,37.970334,-0.667113,Torrevieja
CNT_003573,CLI_003573,2023-01-20,2023-12-02,38.464573,-0.793687,Elda
CNT_003574,CLI_003574,2015-06-06,2016-11-09,38.405617,-0.43903,Sant Joan d'Alacant
CNT_003575,CLI_003575,2022-12-12,2024-06-29,38.867444,0.112986,Denia
CNT_003576,CLI_003576,2020-09-04,2022-01-02,38.260059,-0.651947,Elche
CNT_003577,CLI_003577,2021-10-04,2023-03-09,38.285725,-0.458789,Alicante
CNT_003578,CLI_003578,2019-08-29,2019-10-06,38.280241,-0.700249,Elche
CNT_003579,CLI_003579,2017-01-30,2017-07-10,38.710225,-0.473362,Alcoy
CNT_003580,CLI_003580,2017-02-12,2017-05-29,38.230611,-0.709847,Elche
CNT_003581,CLI_003581,2021-04-30,2021-10-07,38.269383,-0.7192,Elche
CNT_003582,CLI_003582,2019-04-02,2020-06-16,38.484115,-0.798433,Elda
CNT_003583,CLI_003583,2022-03-20,2022-07-17,38.263892,-0.715287,Elche
CNT_003584,CLI_003584,2017-08-15,2019-01-24,38.469211,-0.78396,Elda
CNT_003585,CLI_003585,2021-11-22,2023-09-11,38.287851,-0.721866,Elche
CNT_003586,CLI_003586,2015-09-11,2017-06-23,38.256626,-0.668969,Elche
CNT_003587,CLI_003587,2019-04-19,2020-05-06,38.232826,-0.681755,Elche
CNT_003588,CLI_003588,2023-10-24,2024-08-19,38.673806,-0.473154,Alcoy
CNT_003589,CLI_003589,2024-04-20,2025-06-15,38.376721,-0.480992,Alicante
CNT_003590,CLI_003590,2024-05-02,2025-08-06,38.360617,-0.494932,Alicante
CNT_003591,CLI_003591,2022-08-19,2024-01-02,38.638056,-0.862959,Villena
CNT_003592,CLI_003592,2015-04-28,2016-03-30,38.334193,-0.453798,Alicante
CNT_003593,CLI_003593,2023-11-11,2025-05-01,37.969178,-0.694857,Torrevieja
CNT_003594,CLI_003594,2016-07-03,2016-09-25,37.959337,-0.709801,Torrevieja
CNT_003595,CLI_003595,2017-06-29,2017-09-03,38.256008,-0.682829,Elche
CNT_003596,CLI_003596,2017-05-19,2017-08-11,38.042398,-0.938013,Orihuela
CNT_003597,CLI_003597,2017-03-18,2018-09-22,38.326798,-0.509005,Alicante
CNT_003598,CLI_003598,2019-07-31,2020-12-04,37.973103,-0.695401,Torrevieja
CNT_003599,CLI_003599,2017-03-31,2018-08-20,38.278917,-0.7172,Elche
CNT_003600,CLI_003600,2019-11-17,2020-07-14,38.084001,-0.958991,Orihuela
CNT_003601,CLI_003601,2018-05-06,2019-01-16,38.365073,-0.489092,Alicante
CNT_003602,CLI_003602,2024-06-07,2024-07-13,38.002984,-0.686998,Torrevieja
CNT_003603,CLI_003603,2019-05-21,2020-12-10,38.371654,-0.49727,Alicante
CNT_003604,CLI_003604,2022-02-24,2022-10-23,38.356963,-0.499954,Alicante
CNT_003605,CLI_003605,2023-10-06,2024-05-11,38.345497,-0.48672,Alicante
CNT_003606,CLI_003606,2021-09-27,2022-01-09,38.32068,-0.476808,Alicante
CNT_003607,CLI_003607,2024-06-13,2024-11-03,38.405179,-0.529096,San Vicente del Raspeig
CNT_003608,CLI_003608,2017-05-29,2019-05-07,38.387194,-0.452033,Alicante
CNT_003609,CLI_003609,2017-09-19,2019-06-28,38.487321,-0.764919,Petrer
CNT_003610,CLI_003610,2015-01-01,2015-06-30,38.660007,-0.88529,Villena
CNT_003611,CLI_003611,2015-06-16,2016-09-23,37.95124,-0.672773,Torrevieja
CNT_003612,CLI_003612,2020-08-25,2020-12-16,38.316346,-0.465861,Alicante
CNT_003613,CLI_003613,2022-05-28,2023-01-24,38.284314,-0.707864,Elche
CNT_003614,CLI_003614,2015-04-22,2016-08-24,38.399471,-0.543242,San Vicente del Raspeig
CNT_003615,CLI_003615,2024-06-01,2024-12-24,38.294403,-0.698123,Elche
CNT_003616,CLI_003616,2018-01-30,2019-01-06,38.344813,-0.481193,Alicante
CNT_003617,CLI_003617,2022-03-26,2022-09-30,37.963076,-0.70239,Torrevieja
CNT_003618,CLI_003618,2018-11-30,2019-07-03,38.476137,-0.809215,Elda
CNT_003619,CLI_003619,2020-06-28,2021-11-10,38.377908,-0.526351,San Vicente del Raspeig
CNT_003620,CLI_003620,2020-08-05,2021-07-09,38.316985,-0.486827,Alicante
CNT_003621,CLI_003621,2016-05-21,2017-02-20,38.545869,-0.136307,Benidorm
CNT_003622,CLI_003622,2019-06-23,2020-08-09,38.36702,-0.483085,Alicante
CNT_003623,CLI_003623,2016-11-01,2017-01-11,38.354275,-0.508569,Alicante
CNT_003624,CLI_003624,2023-07-09,2024-05-18,38.458047,-0.797018,Elda
CNT_003625,CLI_003625,2019-08-18,2020-07-12,38.33624,-0.467667,Alicante
CNT_003626,CLI_003626,2024-11-28,2026-03-08,38.314575,-0.489749,Alicante
CNT_003627,CLI_003627,2024-06-14,2025-07-17,38.374613,-0.522799,Alicante
CNT_003628,CLI_003628,2022-09-07,2024-02-04,38.471695,-0.797472,Elda
CNT_003629,CLI_003629,2024-10-27,2026-02-04,38.383271,-0.538142,San Vicente del Raspeig
CNT_003630,CLI_003630,2021-12-19,2023-03-21,38.085396,-0.939157,Orihuela
CNT_003631,CLI_003631,2017-08-22,2018-03-20,38.690718,-0.469574,Alcoy
CNT_003632,CLI_003632,2015-10-08,2016-10-11,38.382294,-0.522469,Alicante
CNT_003633,CLI_003633,2015-12-17,2017-05-20,38.249334,-0.681602,Elche
CNT_003634,CLI_003634,2021-07-09,2022-12-15,38.234717,-0.722768,Elche
CNT_003635,CLI_003635,2020-05-03,2020-11-11,38.291377,-0.44202,Alicante
CNT_003636,CLI_003636,2020-05-20,2021-12-28,38.264823,-0.699373,Elche
CNT_003637,CLI_003637,2022-09-09,2024-01-07,38.478281,-0.782464,Petrer
CNT_003638,CLI_003638,2019-03-28,2019-07-27,38.309477,-0.50955,Alicante
CNT_003639,CLI_003639,2018-07-30,2018-12-11,38.374931,-0.472298,Alicante
CNT_003640,CLI_003640,2020-05-18,2021-08-29,38.361881,-0.490782,Alicante
CNT_003641,CLI_003641,2016-12-28,2018-06-08,38.344495,-0.483416,Alicante
CNT_003642,CLI_003642,2024-04-13,2025-04-05,38.861165,0.129892,Denia
CNT_003643,CLI_003643,2017-04-02,2019-02-11,38.280076,-0.713683,Elche
CNT_003644,CLI_003644,2018-12-08,2020-06-30,38.247397,-0.696981,Elche
CNT_003645,CLI_003645,2020-08-23,2022-02-12,38.685929,-0.456362,Alcoy
CNT_003646,CLI_003646,2017-12-15,2018-09-21,38.36565,-0.474237,Alicante
CNT_003647,CLI_003647,2024-07-06,2025-02-11,38.27422,-0.733645,Elche
CNT_003648,CLI_003648,2021-07-17,2021-10-01,38.269234,-0.687181,Elche
CNT_003649,CLI_003649,2015-07-18,2016-04-23,38.06787,-0.96776,Orihuela
CNT_003650,CLI_003650,2020-02-27,2020-05-30,38.406872,-0.425839,Sant Joan d'Alacant
CNT_003651,CLI_003651,2016-11-08,2017-10-23,38.689334,-0.483274,Alcoy
CNT_003652,CLI_003652,2024-03-17,2025-09-21,38.263256,-0.632971,Elche
CNT_003653,CLI_003653,2022-05-29,2023-04-15,38.413663,-0.507691,San Vicente del Raspeig
CNT_003654,CLI_003654,2019-01-04,2019-03-03,38.328679,-0.500915,Alicante
CNT_003655,CLI_003655,2015-03-19,2017-01-27,38.305875,-0.4805,Alicante
CNT_003656,CLI_003656,2020-11-29,2022-03-10,38.318886,-0.462159,Alicante
CNT_003657,CLI_003657,2016-06-18,2018-03-06,38.287375,-0.681059,Elche
CNT_003658,CLI_003658,2018-10-30,2020-07-06,38.271104,-0.688569,Elche
CNT_003659,CLI_003659,2023-09-23,2023-12-08,38.082222,-0.919457,Orihuela
CNT_003660,CLI_003660,2018-03-11,2019-05-31,38.833064,0.103855,Denia
CNT_003661,CLI_003661,2023-04-28,2025-01-09,38.276178,-0.706368,Elche
CNT_003662,CLI_003662,2018-05-05,2019-08-28,38.24682,-0.705931,Elche
CNT_003663,CLI_003663,2017-02-28,2018-12-22,38.352842,-0.459541,Alicante
CNT_003664,CLI_003664,2019-04-13,2020-11-17,38.326919,-0.47187,Alicante
CNT_003665,CLI_003665,2018-08-15,2020-07-02,37.962542,-0.676957,Torrevieja
CNT_003666,CLI_003666,2018-01-04,2018-04-17,38.251475,-0.680805,Elche
CNT_003667,CLI_003667,2022-01-21,2022-04-13,38.474195,-0.816413,Elda
CNT_003668,CLI_003668,2020-11-17,2021-08-06,38.343979,-0.473248,Alicante
CNT_003669,CLI_003669,2019-02-11,2019-09-28,38.351086,-0.475536,Alicante
CNT_003670,CLI_003670,2023-04-09,2025-03-12,38.184356,-0.661586,Elche
CNT_003671,CLI_003671,2019-01-31,2020-08-31,38.325009,-0.519215,Alicante
CNT_003672,CLI_003672,2019-07-18,2019-11-21,38.335411,-0.44207,Alicante
CNT_003673,CLI_003673,2020-03-15,2020-06-01,38.552261,-0.130395,Benidorm
CNT_003674,CLI_003674,2018-08-08,2020-02-10,38.3182,-0.468775,Alicante
CNT_003675,CLI_003675,2023-05-21,2023-07-29,38.088056,-0.910982,Orihuela
CNT_003676,CLI_003676,2015-05-05,2015-11-03,38.382576,-0.466981,Alicante
CNT_003677,CLI_003677,2023-05-21,2023-10-03,38.312376,-0.470991,Alicante
CNT_003678,CLI_003678,2016-06-02,2018-01-05,38.274167,-0.69297,Elche
CNT_003679,CLI_003679,2020-09-01,2022-08-07,38.386673,-0.531102,San Vicente del Raspeig
CNT_003680,CLI_003680,2015-06-11,2016-02-06,38.254398,-0.698927,Elche
CNT_003681,CLI_003681,2022-04-30,2022-12-17,38.688763,-0.481986,Alcoy
CNT_003682,CLI_003682,2021-12-28,2023-04-04,38.326904,-0.482114,Alicante
CNT_003683,CLI_003683,2017-05-31,2019-01-15,38.731063,-0.501431,Alcoy
CNT_003684,CLI_003684,2017-11-10,2018-05-05,38.366311,-0.470274,Alicante
CNT_003685,CLI_003685,2019-11-23,2021-05-04,38.547421,-0.132761,Benidorm
CNT_003686,CLI_003686,2020-02-05,2020-12-12,37.987556,-0.688252,Torrevieja
CNT_003687,CLI_003687,2024-09-05,2025-08-10,38.467837,-0.767802,Petrer
CNT_003688,CLI_003688,2016-04-27,2016-07-16,38.274189,-0.729838,Elche
CNT_003689,CLI_003689,2019-03-06,2020-08-11,38.372023,-0.432768,Alicante
CNT_003690,CLI_003690,2020-05-20,2021-08-01,38.323865,-0.483569,Alicante
CNT_003691,CLI_003691,2021-06-14,2023-03-31,38.407884,-0.52705,San Vicente del Raspeig
CNT_003692,CLI_003692,2017-05-23,2018-03-21,37.991378,-0.699577,Torrevieja
CNT_003693,CLI_003693,2019-04-26,2020-08-25,38.720624,-0.473113,Alcoy
CNT_003694,CLI_003694,2021-02-28,2021-07-27,38.334755,-0.446326,Alicante
CNT_003695,CLI_003695,2024-07-19,2024-10-02,38.241353,-0.67551,Elche
CNT_003696,CLI_003696,2022-05-11,2023-02-07,38.336159,-0.459639,Alicante
CNT_003697,CLI_003697,2015-05-22,2016-04-26,38.654227,-0.859643,Villena
CNT_003698,CLI_003698,2020-02-23,2021-10-06,38.512259,-0.135603,Benidorm
CNT_003699,CLI_003699,2017-09-30,2018-09-25,38.463216,-0.784502,Petrer
CNT_003700,CLI_003700,2022-04-16,2022-05-26,38.347435,-0.486026,Alicante
CNT_003701,CLI_003701,2020-11-24,2022-02-20,38.075948,-0.949217,Orihuela
CNT_003702,CLI_003702,2020-07-07,2020-09-22,38.534293,-0.118714,Benidorm
CNT_003703,CLI_003703,2016-06-12,2017-07-23,38.286297,-0.691493,Elche
CNT_003704,CLI_003704,2024-11-17,2026-05-25,38.472069,-0.772452,Elda
CNT_003705,CLI_003705,2022-03-08,2022-04-14,38.46517,-0.758025,Petrer
CNT_003706,CLI_003706,2017-08-26,2019-03-04,38.871367,0.098853,Denia
CNT_003707,CLI_003707,2019-11-08,2020-12-11,38.686433,-0.494942,Alcoy
CNT_003708,CLI_003708,2022-06-28,2023-10-10,38.318724,-0.446361,Alicante
CNT_003709,CLI_003709,2021-05-27,2023-01-12,38.372793,-0.447015,Alicante
CNT_003710,CLI_003710,2017-03-15,2018-08-10,38.632386,-0.882595,Villena
CNT_003711,CLI_003711,2018-08-27,2019-06-25,38.343615,-0.443269,Alicante
CNT_003712,CLI_003712,2016-10-29,2017-04-07,38.539993,-0.126715,Benidorm
CNT_003713,CLI_003713,2016-01-20,2017-07-23,38.547203,-0.129372,Benidorm
CNT_003714,CLI_003714,2023-07-22,2025-05-15,38.078131,-0.912204,Orihuela
CNT_003715,CLI_003715,2019-05-28,2019-10-18,38.41508,-0.426398,Sant Joan d'Alacant
CNT_003716,CLI_003716,2023-11-29,2025-06-12,38.218512,-0.683971,Elche
CNT_003717,CLI_003717,2024-06-02,2025-11-12,38.282215,-0.687889,Elche
CNT_003718,CLI_003718,2022-07-11,2023-07-14,38.324212,-0.46559,Alicante
CNT_003719,CLI_003719,2015-01-13,2015-03-04,38.29569,-0.707101,Elche
CNT_003720,CLI_003720,2024-12-09,2025-02-09,38.348751,-0.482378,Alicante
CNT_003721,CLI_003721,2023-03-27,2023-09-05,38.250696,-0.718151,Elche
CNT_003722,CLI_003722,2021-01-16,2021-03-12,38.486654,-0.795796,Elda
CNT_003723,CLI_003723,2018-07-31,2019-08-28,38.492832,-0.773666,Petrer
CNT_003724,CLI_003724,2022-02-25,2023-11-17,38.361247,-0.496883,Alicante
CNT_003725,CLI_003725,2024-03-12,2024-07-11,38.242847,-0.695292,Elche
CNT_003726,CLI_003726,2020-08-17,2022-03-14,38.47906,-0.77324,Petrer
CNT_003727,CLI_003727,2015-03-13,2015-12-05,38.345098,-0.468444,Alicante
CNT_003728,CLI_003728,2023-01-18,2023-03-06,38.344169,-0.521558,Alicante
CNT_003729,CLI_003729,2020-11-15,2021-09-14,38.363944,-0.483834,Alicante
CNT_003730,CLI_003730,2020-11-04,2021-09-18,38.044502,-0.941869,Orihuela
CNT_003731,CLI_003731,2020-02-09,2020-04-05,38.353558,-0.488766,Alicante
CNT_003732,CLI_003732,2015-04-11,2016-07-17,38.63352,-0.868269,Villena
CNT_003733,CLI_003733,2015-10-08,2016-02-22,38.247053,-0.733175,Elche
CNT_003734,CLI_003734,2017-06-01,2018-05-20,38.249165,-0.690458,Elche
CNT_003735,CLI_003735,2018-08-05,2020-02-16,38.339837,-0.46481,Alicante
CNT_003736,CLI_003736,2022-08-28,2023-01-08,38.186276,-0.687442,Elche
CNT_003737,CLI_003737,2021-02-21,2022-02-17,38.070774,-0.923725,Orihuela
CNT_003738,CLI_003738,2021-09-04,2022-09-30,38.68789,-0.470982,Alcoy
CNT_003739,CLI_003739,2016-08-31,2017-07-15,38.704793,-0.467656,Alcoy
CNT_003740,CLI_003740,2016-03-25,2017-07-11,37.964201,-0.67939,Torrevieja
CNT_003741,CLI_003741,2024-06-01,2024-08-06,38.837473,0.116013,Denia
CNT_003742,CLI_003742,2024-08-02,2025-08-14,38.414807,-0.544227,San Vicente del Raspeig
CNT_003743,CLI_003743,2023-09-03,2023-11-14,38.710332,-0.484123,Alcoy
CNT_003744,CLI_003744,2018-07-08,2018-12-10,38.367757,-0.441328,Alicante
CNT_003745,CLI_003745,2019-03-16,2019-04-23,38.332703,-0.542511,Alicante
CNT_003746,CLI_003746,2015-05-01,2016-11-06,38.358776,-0.484504,Alicante
CNT_003747,CLI_003747,2024-05-30,2024-11-06,38.531393,-0.117233,Benidorm
CNT_003748,CLI_003748,2021-07-07,2022-06-26,38.261186,-0.700352,Elche
CNT_003749,CLI_003749,2017-12-11,2018-07-12,38.274513,-0.70721,Elche
CNT_003750,CLI_003750,2024-06-29,2025-05-06,38.831745,0.107641,Denia
CNT_003751,CLI_003751,2015-11-14,2016-02-04,38.863095,0.100403,Denia
CNT_003752,CLI_003752,2022-06-15,2024-01-18,38.838298,0.106163,Denia
CNT_003753,CLI_003753,2016-12-02,2018-06-17,38.279104,-0.713334,Elche
CNT_003754,CLI_003754,2024-03-02,2025-04-12,38.551667,-0.117996,Benidorm
CNT_003755,CLI_003755,2023-12-10,2024-10-29,38.370991,-0.445418,Alicante
CNT_003756,CLI_003756,2022-07-03,2023-02-25,38.309977,-0.484335,Alicante
CNT_003757,CLI_003757,2017-10-13,2019-09-05,38.356322,-0.515662,Alicante
CNT_003758,CLI_003758,2015-01-21,2016-06-10,38.284216,-0.709825,Elche
CNT_003759,CLI_003759,2021-09-12,2021-12-19,38.285121,-0.702348,Elche
CNT_003760,CLI_003760,2019-10-05,2021-01-13,38.38294,-0.519234,San Vicente del Raspeig
CNT_003761,CLI_003761,2021-02-27,2022-01-23,38.328774,-0.5062,Alicante
CNT_003762,CLI_003762,2021-11-18,2022-01-13,38.710335,-0.48263,Alcoy
CNT_003763,CLI_003763,2023-10-28,2025-08-15,37.964988,-0.673008,Torrevieja
CNT_003764,CLI_003764,2017-06-14,2019-04-28,38.337708,-0.457527,Alicante
CNT_003765,CLI_003765,2018-03-28,2019-10-31,38.300169,-0.711975,Elche
CNT_003766,CLI_003766,2021-06-15,2021-10-28,38.344005,-0.51433,Alicante
CNT_003767,CLI_003767,2021-12-26,2023-09-02,38.070265,-0.878818,Orihuela
CNT_003768,CLI_003768,2020-09-04,2022-04-28,38.246192,-0.681067,Elche
CNT_003769,CLI_003769,2015-03-07,2016-12-29,38.353518,-0.487675,Alicante
CNT_003770,CLI_003770,2015-09-20,2015-10-30,38.311871,-0.459274,Alicante
CNT_003771,CLI_003771,2016-04-16,2018-03-05,37.974248,-0.68444,Torrevieja
CNT_003772,CLI_003772,2021-01-23,2021-09-25,38.845698,0.118707,Denia
CNT_003773,CLI_003773,2022-10-18,2023-10-03,38.294081,-0.694793,Elche
CNT_003774,CLI_003774,2023-10-31,2025-03-03,38.706411,-0.472305,Alcoy
CNT_003775,CLI_003775,2015-12-09,2017-06-16,38.070519,-0.946772,Orihuela
CNT_003776,CLI_003776,2016-12-18,2018-08-18,38.495684,-0.784474,Petrer
CNT_003777,CLI_003777,2021-09-26,2022-04-03,38.392706,-0.502043,San Vicente del Raspeig
CNT_003778,CLI_003778,2023-11-30,2025-04-06,37.956457,-0.699148,Torrevieja
CNT_003779,CLI_003779,2019-08-22,2021-02-23,38.081359,-0.9717,Orihuela
CNT_003780,CLI_003780,2023-12-10,2025-10-05,38.862273,0.102507,Denia
CNT_003781,CLI_003781,2023-06-01,2024-03-29,38.269135,-0.719452,Elche
CNT_003782,CLI_003782,2018-05-23,2019-02-17,38.265775,-0.699438,Elche
CNT_003783,CLI_003783,2022-06-27,2024-05-11,38.38613,-0.463806,Alicante
CNT_003784,CLI_003784,2022-10-15,2023-04-29,38.379124,-0.513356,San Vicente del Raspeig
CNT_003785,CLI_003785,2020-07-18,2022-03-08,38.380873,-0.515523,San Vicente del Raspeig
CNT_003786,CLI_003786,2021-12-05,2023-10-15,38.304804,-0.488641,Alicante
CNT_003787,CLI_003787,2024-12-11,2025-12-02,37.985408,-0.681307,Torrevieja
CNT_003788,CLI_003788,2017-11-21,2019-06-02,38.269163,-0.689327,Elche
CNT_003789,CLI_003789,2015-01-15,2015-11-13,38.383768,-0.524945,Alicante
CNT_003790,CLI_003790,2024-04-12,2025-05-22,38.403591,-0.433365,Sant Joan d'Alacant
CNT_003791,CLI_003791,2020-02-13,2021-03-23,38.335096,-0.517432,Alicante
CNT_003792,CLI_003792,2024-01-28,2025-01-25,38.345245,-0.429991,Alicante
CNT_003793,CLI_003793,2015-01-17,2015-02-18,38.087154,-0.95259,Orihuela
CNT_003794,CLI_003794,2022-01-25,2022-10-24,38.678339,-0.475619,Alcoy
CNT_003795,CLI_003795,2019-11-15,2021-08-25,38.412958,-0.500243,Alicante
CNT_003796,CLI_003796,2020-05-03,2020-07-22,38.095197,-0.957099,Orihuela
CNT_003797,CLI_003797,2015-03-22,2016-04-04,37.98248,-0.641266,Torrevieja
CNT_003798,CLI_003798,2022-05-27,2022-12-16,38.360579,-0.457491,Alicante
CNT_003799,CLI_003799,2021-10-19,2022-03-13,38.362935,-0.51973,Alicante
CNT_003800,CLI_003800,2023-06-07,2024-07-01,37.97617,-0.655124,Torrevieja
CNT_003801,CLI_003801,2017-10-15,2018-11-03,38.329419,-0.451169,Alicante
CNT_003802,CLI_003802,2022-06-19,2024-05-14,38.489895,-0.772812,Petrer
CNT_003803,CLI_003803,2024-03-12,2024-06-25,38.400929,-0.52162,San Vicente del Raspeig
CNT_003804,CLI_003804,2017-02-18,2017-06-08,38.394111,-0.438634,Sant Joan d'Alacant
CNT_003805,CLI_003805,2019-12-30,2020-09-13,38.380676,-0.431686,Alicante
CNT_003806,CLI_003806,2021-02-11,2021-05-23,38.64052,-0.875755,Villena
CNT_003807,CLI_003807,2024-11-04,2026-01-10,38.281556,-0.695088,Elche
CNT_003808,CLI_003808,2021-10-05,2022-06-09,38.296122,-0.707719,Elche
CNT_003809,CLI_003809,2021-11-18,2023-03-14,38.345747,-0.516826,Alicante
CNT_003810,CLI_003810,2020-10-31,2021-12-01,38.353124,-0.426209,Alicante
CNT_003811,CLI_003811,2022-02-27,2023-11-08,38.54392,-0.145479,Benidorm
CNT_003812,CLI_003812,2022-05-14,2024-04-12,38.249553,-0.693457,Elche
CNT_003813,CLI_003813,2024-09-24,2026-05-06,38.346551,-0.524518,Alicante
CNT_003814,CLI_003814,2015-11-21,2016-10-27,38.087311,-0.952481,Orihuela
CNT_003815,CLI_003815,2024-07-22,2025-06-14,38.321299,-0.470451,Alicante
CNT_003816,CLI_003816,2020-09-29,2020-11-21,38.020417,-0.697045,Torrevieja
CNT_003817,CLI_003817,2017-11-16,2018-04-04,38.23454,-0.68539,Elche
CNT_003818,CLI_003818,2016-11-07,2017-01-27,38.380723,-0.528528,San Vicente del Raspeig
CNT_003819,CLI_003819,2020-07-22,2021-06-06,38.412071,-0.511379,San Vicente del Raspeig
CNT_003820,CLI_003820,2023-04-17,2024-08-02,38.281192,-0.668341,Elche
CNT_003821,CLI_003821,2020-07-04,2021-11-12,38.242929,-0.711208,Elche
CNT_003822,CLI_003822,2017-03-03,2017-12-16,38.27886,-0.696612,Elche
CNT_003823,CLI_003823,2024-11-25,2025-11-13,38.413914,-0.523099,San Vicente del Raspeig
CNT_003824,CLI_003824,2023-07-31,2025-06-10,38.264834,-0.684674,Elche
CNT_003825,CLI_003825,2022-05-28,2023-05-30,38.410171,-0.48064,Alicante
CNT_003826,CLI_003826,2018-04-09,2019-11-15,38.302098,-0.476245,Alicante
CNT_003827,CLI_003827,2024-03-11,2025-06-05,38.280764,-0.703655,Elche
CNT_003828,CLI_003828,2020-12-04,2021-09-18,38.291164,-0.695765,Elche
CNT_003829,CLI_003829,2023-06-03,2025-03-18,38.489396,-0.776225,Elda
CNT_003830,CLI_003830,2023-08-04,2023-11-06,38.340091,-0.464848,Alicante
CNT_003831,CLI_003831,2023-07-29,2024-02-06,38.25911,-0.682872,Elche
CNT_003832,CLI_003832,2017-06-23,2018-01-02,38.40163,-0.516623,San Vicente del Raspeig
CNT_003833,CLI_003833,2016-05-16,2018-04-23,38.406089,-0.527146,San Vicente del Raspeig
CNT_003834,CLI_003834,2017-03-09,2017-05-16,38.278754,-0.691286,Elche
CNT_003835,CLI_003835,2022-12-14,2024-11-07,38.288381,-0.722174,Elche
CNT_003836,CLI_003836,2024-01-14,2024-12-28,38.319728,-0.44928,Alicante
CNT_003837,CLI_003837,2018-01-28,2019-02-21,38.481622,-0.79783,Petrer
CNT_003838,CLI_003838,2018-02-16,2018-12-11,38.3217,-0.483179,Alicante
CNT_003839,CLI_003839,2020-10-17,2021-10-05,38.480039,-0.758591,Petrer
CNT_003840,CLI_003840,2022-06-04,2023-05-25,38.546383,-0.147666,Benidorm
CNT_003841,CLI_003841,2022-10-10,2024-06-17,37.980644,-0.675004,Torrevieja
CNT_003842,CLI_003842,2015-08-09,2016-05-21,38.410371,-0.498019,Alicante
CNT_003843,CLI_003843,2023-05-16,2023-12-31,38.269755,-0.706414,Elche
CNT_003844,CLI_003844,2021-03-20,2022-06-30,38.266813,-0.677489,Elche
CNT_003845,CLI_003845,2022-06-17,2024-03-17,38.347855,-0.476049,Alicante
CNT_003846,CLI_003846,2024-10-15,2025-02-25,38.072044,-0.985187,Orihuela
CNT_003847,CLI_003847,2021-03-08,2022-04-13,38.636306,-0.877917,Villena
CNT_003848,CLI_003848,2017-07-19,2018-01-28,37.999,-0.664644,Torrevieja
CNT_003849,CLI_003849,2024-12-25,2025-05-16,38.535568,-0.125913,Benidorm
CNT_003850,CLI_003850,2017-06-04,2019-03-10,38.325364,-0.437297,Alicante
CNT_003851,CLI_003851,2023-01-08,2024-08-08,38.245148,-0.661282,Elche
CNT_003852,CLI_003852,2015-09-19,2016-02-01,38.333945,-0.489556,Alicante
CNT_003853,CLI_003853,2022-01-09,2023-02-06,38.086277,-0.894435,Orihuela
CNT_003854,CLI_003854,2018-06-25,2018-08-14,38.495836,-0.769755,Petrer
CNT_003855,CLI_003855,2017-03-08,2019-01-26,38.05799,-0.963753,Orihuela
CNT_003856,CLI_003856,2018-07-04,2018-12-09,38.337204,-0.496841,Alicante
CNT_003857,CLI_003857,2023-08-01,2024-12-25,38.268675,-0.747948,Elche
CNT_003858,CLI_003858,2024-06-25,2025-02-08,37.945693,-0.653274,Torrevieja
CNT_003859,CLI_003859,2022-01-31,2023-11-11,38.247161,-0.663215,Elche
CNT_003860,CLI_003860,2016-02-21,2017-08-24,38.470541,-0.803986,Elda
CNT_003861,CLI_003861,2020-10-01,2021-12-24,38.386748,-0.528035,San Vicente del Raspeig
CNT_003862,CLI_003862,2019-11-23,2020-08-04,38.088638,-0.942588,Orihuela
CNT_003863,CLI_003863,2015-02-07,2015-10-03,38.261968,-0.719428,Elche
CNT_003864,CLI_003864,2021-06-13,2022-03-14,38.331318,-0.524878,Alicante
CNT_003865,CLI_003865,2017-04-25,2018-03-08,38.355899,-0.486259,Alicante
CNT_003866,CLI_003866,2017-06-16,2017-09-19,38.303408,-0.705364,Elche
CNT_003867,CLI_003867,2015-02-22,2015-08-23,38.301564,-0.706845,Elche
CNT_003868,CLI_003868,2016-08-28,2018-01-30,38.511127,-0.128627,Benidorm
CNT_003869,CLI_003869,2016-03-27,2017-07-04,38.096341,-0.91591,Orihuela
CNT_003870,CLI_003870,2016-04-05,2016-12-08,38.340749,-0.488577,Alicante
CNT_003871,CLI_003871,2017-02-13,2018-05-17,38.268913,-0.69455,Elche
CNT_003872,CLI_003872,2024-09-27,2026-03-12,38.335243,-0.462828,Alicante
CNT_003873,CLI_003873,2020-02-02,2021-12-28,38.34814,-0.467146,Alicante
CNT_003874,CLI_003874,2018-03-06,2019-11-19,38.398117,-0.532673,San Vicente del Raspeig
CNT_003875,CLI_003875,2018-10-27,2019-07-04,38.330726,-0.478591,Alicante
CNT_003876,CLI_003876,2024-02-10,2025-05-19,38.24578,-0.686254,Elche
CNT_003877,CLI_003877,2021-09-08,2022-07-14,38.333983,-0.509209,Alicante
CNT_003878,CLI_003878,2017-11-26,2019-09-09,38.844214,0.124653,Denia
CNT_003879,CLI_003879,2019-08-05,2019-12-04,37.989482,-0.656431,Torrevieja
CNT_003880,CLI_003880,2023-10-24,2025-04-29,38.366534,-0.49907,Alicante
CNT_003881,CLI_003881,2023-06-07,2023-11-22,38.254628,-0.694039,Elche
CNT_003882,CLI_003882,2024-02-05,2026-01-01,38.701806,-0.465693,Alcoy
CNT_003883,CLI_003883,2022-05-18,2022-07-09,38.64855,-0.872747,Villena
CNT_003884,CLI_003884,2024-12-21,2026-03-12,38.37434,-0.46896,Alicante
CNT_003885,CLI_003885,2024-08-19,2025-08-31,38.839818,0.108149,Denia
CNT_003886,CLI_003886,2021-04-29,2022-01-20,38.481691,-0.784679,Petrer
CNT_003887,CLI_003887,2022-05-03,2022-12-01,38.485811,-0.765408,Petrer
CNT_003888,CLI_003888,2024-08-11,2026-01-30,38.061806,-0.966503,Orihuela
CNT_003889,CLI_003889,2018-07-06,2019-02-18,38.080928,-0.925716,Orihuela
CNT_003890,CLI_003890,2018-09-08,2020-08-19,38.281881,-0.713067,Elche
CNT_003891,CLI_003891,2022-01-21,2022-06-22,38.706103,-0.475335,Alcoy
CNT_003892,CLI_003892,2021-06-06,2023-01-02,37.973835,-0.657499,Torrevieja
CNT_003893,CLI_003893,2020-03-03,2021-04-17,38.536813,-0.125343,Benidorm
CNT_003894,CLI_003894,2016-04-29,2017-10-25,38.247358,-0.722048,Elche
CNT_003895,CLI_003895,2015-04-02,2015-05-07,38.706842,-0.485579,Alcoy
CNT_003896,CLI_003896,2018-04-02,2019-03-01,38.395366,-0.532492,San Vicente del Raspeig
CNT_003897,CLI_003897,2018-09-20,2020-06-24,38.338301,-0.471134,Alicante
CNT_003898,CLI_003898,2021-06-20,2022-01-27,38.474359,-0.7875,Elda
CNT_003899,CLI_003899,2020-04-21,2021-05-31,37.977568,-0.697376,Torrevieja
CNT_003900,CLI_003900,2023-03-12,2024-09-16,38.473325,-0.805807,Elda
CNT_003901,CLI_003901,2021-04-04,2021-06-08,38.279979,-0.692105,Elche
CNT_003902,CLI_003902,2019-09-06,2019-12-14,38.256804,-0.702301,Elche
CNT_003903,CLI_003903,2020-10-31,2021-09-14,38.864594,0.138058,Denia
CNT_003904,CLI_003904,2022-06-09,2022-10-21,38.38183,-0.480085,Alicante
CNT_003905,CLI_003905,2020-06-12,2021-05-20,38.468001,-0.770029,Elda
CNT_003906,CLI_003906,2023-09-16,2023-12-09,38.267033,-0.724048,Elche
CNT_003907,CLI_003907,2015-06-27,2015-11-10,38.251186,-0.732911,Elche
CNT_003908,CLI_003908,2015-09-07,2017-07-20,38.258314,-0.722942,Elche
CNT_003909,CLI_003909,2017-02-03,2018-01-05,38.014744,-0.660796,Torrevieja
CNT_003910,CLI_003910,2024-12-17,2025-02-20,38.258733,-0.659666,Elche
CNT_003911,CLI_003911,2022-06-07,2022-11-16,38.354206,-0.500554,Alicante
CNT_003912,CLI_003912,2023-01-29,2023-03-24,38.358733,-0.492514,Alicante
CNT_003913,CLI_003913,2015-04-01,2015-06-06,38.320184,-0.510225,Alicante
CNT_003914,CLI_003914,2015-12-05,2016-01-22,38.393704,-0.454805,Sant Joan d'Alacant
CNT_003915,CLI_003915,2019-07-20,2019-09-22,38.622528,-0.857579,Villena
CNT_003916,CLI_003916,2020-02-16,2021-03-14,38.246009,-0.693394,Elche
CNT_003917,CLI_003917,2015-06-18,2016-09-07,38.6642,-0.473274,Alcoy
CNT_003918,CLI_003918,2023-10-16,2025-01-17,38.277481,-0.729101,Elche
CNT_003919,CLI_003919,2024-10-28,2026-04-28,38.55885,-0.111621,Benidorm
CNT_003920,CLI_003920,2022-03-10,2023-07-19,38.398074,-0.53134,San Vicente del Raspeig
CNT_003921,CLI_003921,2023-11-30,2024-07-15,38.469737,-0.764664,Petrer
CNT_003922,CLI_003922,2017-02-18,2018-09-16,38.251359,-0.7303,Elche
CNT_003923,CLI_003923,2015-06-19,2017-02-05,38.390793,-0.527586,San Vicente del Raspeig
CNT_003924,CLI_003924,2021-08-06,2022-04-03,38.31976,-0.473716,Alicante
CNT_003925,CLI_003925,2021-04-10,2023-01-08,38.409142,-0.435556,Sant Joan d'Alacant
CNT_003926,CLI_003926,2015-05-18,2016-10-29,38.365457,-0.477134,Alicante
CNT_003927,CLI_003927,2023-06-27,2024-03-23,38.061691,-0.93461,Orihuela
CNT_003928,CLI_003928,2016-06-02,2016-12-18,38.099302,-0.96711,Orihuela
CNT_003929,CLI_003929,2018-11-22,2019-10-11,38.552522,-0.128932,Benidorm
CNT_003930,CLI_003930,2021-07-08,2022-06-17,38.392764,-0.478156,Alicante
CNT_003931,CLI_003931,2023-04-01,2023-09-04,38.512552,-0.767683,Petrer
CNT_003932,CLI_003932,2024-04-11,2025-08-21,38.32265,-0.479191,Alicante
CNT_003933,CLI_003933,2022-02-23,2023-03-26,38.141284,-0.969964,Orihuela
CNT_003934,CLI_003934,2021-10-09,2021-11-28,38.336345,-0.513945,Alicante
CNT_003935,CLI_003935,2018-03-05,2019-02-13,38.252466,-0.747014,Elche
CNT_003936,CLI_003936,2022-05-12,2022-09-08,37.984587,-0.667484,Torrevieja
CNT_003937,CLI_003937,2016-12-09,2018-02-15,38.252695,-0.680092,Elche
CNT_003938,CLI_003938,2018-07-14,2020-01-12,38.355176,-0.459911,Alicante
CNT_003939,CLI_003939,2020-07-28,2021-11-20,38.312198,-0.47333,Alicante
CNT_003940,CLI_003940,2015-04-17,2017-01-14,38.260247,-0.745229,Elche
CNT_003941,CLI_003941,2022-02-20,2022-08-18,38.713827,-0.485721,Alcoy
CNT_003942,CLI_003942,2020-12-25,2022-04-14,38.839844,0.108256,Denia
CNT_003943,CLI_003943,2022-04-16,2022-08-03,38.34874,-0.477612,Alicante
CNT_003944,CLI_003944,2020-09-25,2020-11-10,38.275956,-0.7032,Elche
CNT_003945,CLI_003945,2020-07-05,2020-12-19,38.374467,-0.471777,Alicante
CNT_003946,CLI_003946,2019-08-16,2021-06-27,38.303819,-0.480709,Alicante
CNT_003947,CLI_003947,2021-08-12,2023-01-31,38.09649,-0.942085,Orihuela
CNT_003948,CLI_003948,2015-01-06,2016-08-09,38.079437,-0.957281,Orihuela
CNT_003949,CLI_003949,2016-06-06,2018-05-16,38.349366,-0.45645,Alicante
CNT_003950,CLI_003950,2022-01-20,2022-05-03,38.371699,-0.491769,Alicante
CNT_003951,CLI_003951,2019-08-06,2019-11-17,38.315345,-0.514266,Alicante
CNT_003952,CLI_003952,2024-02-26,2024-05-15,38.466548,-0.801052,Elda
CNT_003953,CLI_003953,2015-03-07,2015-04-15,38.613775,-0.870382,Villena
CNT_003954,CLI_003954,2021-10-03,2022-02-12,38.331471,-0.45615,Alicante
CNT_003955,CLI_003955,2024-05-03,2025-06-24,38.378461,-0.482057,Alicante
CNT_003956,CLI_003956,2023-03-01,2024-04-18,38.477253,-0.794034,Elda
CNT_003957,CLI_003957,2016-05-12,2017-04-05,38.470499,-0.782487,Petrer
CNT_003958,CLI_003958,2019-02-01,2020-02-04,38.254815,-0.681019,Elche
CNT_003959,CLI_003959,2021-07-06,2022-08-28,38.308003,-0.497299,Alicante
CNT_003960,CLI_003960,2022-09-16,2024-02-01,38.31707,-0.483501,Alicante
CNT_003961,CLI_003961,2017-09-27,2019-07-04,37.985699,-0.655557,Torrevieja
CNT_003962,CLI_003962,2019-07-21,2020-01-08,38.239675,-0.687107,Elche
CNT_003963,CLI_003963,2023-10-08,2024-04-24,38.373016,-0.521706,Alicante
CNT_003964,CLI_003964,2020-07-10,2020-08-21,37.97742,-0.714051,Torrevieja
CNT_003965,CLI_003965,2022-01-21,2023-12-20,38.34734,-0.482608,Alicante
CNT_003966,CLI_003966,2019-10-09,2021-01-29,38.39296,-0.539853,San Vicente del Raspeig
CNT_003967,CLI_003967,2019-06-13,2020-01-02,38.282503,-0.684032,Elche
CNT_003968,CLI_003968,2024-08-10,2026-05-25,38.364779,-0.479943,Alicante
CNT_003969,CLI_003969,2021-04-09,2021-09-17,37.984731,-0.679223,Torrevieja
CNT_003970,CLI_003970,2024-09-04,2026-03-27,38.277925,-0.713848,Elche
CNT_003971,CLI_003971,2021-07-25,2023-04-10,38.634455,-0.845303,Villena
CNT_003972,CLI_003972,2017-11-06,2018-08-31,37.98846,-0.631033,Torrevieja
CNT_003973,CLI_003973,2019-01-29,2019-11-05,38.336753,-0.487965,Alicante
CNT_003974,CLI_003974,2022-08-14,2023-09-17,38.534227,-0.127064,Benidorm
CNT_003975,CLI_003975,2023-01-08,2024-10-16,38.338334,-0.478565,Alicante
CNT_003976,CLI_003976,2015-12-29,2017-07-06,38.833842,0.101805,Denia
CNT_003977,CLI_003977,2023-12-26,2025-09-07,38.25034,-0.716606,Elche
CNT_003978,CLI_003978,2023-05-21,2024-11-06,37.987118,-0.701729,Torrevieja
CNT_003979,CLI_003979,2019-06-23,2021-05-24,38.377965,-0.50939,Alicante
CNT_003980,CLI_003980,2016-06-08,2017-01-01,38.291264,-0.689385,Elche
CNT_003981,CLI_003981,2017-04-10,2019-03-07,38.463621,-0.798036,Elda
CNT_003982,CLI_003982,2022-09-30,2024-04-28,38.41177,-0.55624,San Vicente del Raspeig
CNT_003983,CLI_003983,2019-09-19,2020-07-03,38.337246,-0.469879,Alicante
CNT_003984,CLI_003984,2016-02-24,2016-12-09,38.360218,-0.481957,Alicante
CNT_003985,CLI_003985,2022-10-04,2023-03-17,38.385425,-0.50914,San Vicente del Raspeig
CNT_003986,CLI_003986,2015-05-13,2016-09-14,38.48532,-0.766269,Petrer
CNT_003987,CLI_003987,2020-08-23,2022-01-23,38.353043,-0.517967,Alicante
CNT_003988,CLI_003988,2017-12-03,2019-10-06,38.232839,-0.747353,Elche
CNT_003989,CLI_003989,2018-11-01,2019-02-19,38.278882,-0.714128,Elche
CNT_003990,CLI_003990,2021-05-31,2022-07-01,38.494851,-0.799301,Elda
CNT_003991,CLI_003991,2018-11-20,2019-02-16,38.340834,-0.457421,Alicante
CNT_003992,CLI_003992,2023-09-11,2023-12-23,38.379204,-0.481222,Alicante
CNT_003993,CLI_003993,2021-10-28,2022-07-23,38.696124,-0.459796,Alcoy
CNT_003994,CLI_003994,2023-07-31,2024-01-05,38.36644,-0.514121,Alicante
CNT_003995,CLI_003995,2024-12-15,2026-03-01,38.216691,-0.677064,Elche
CNT_003996,CLI_003996,2020-01-19,2020-12-28,38.318713,-0.682438,Elche
CNT_003997,CLI_003997,2021-09-25,2022-11-02,38.2984,-0.742701,Elche
CNT_003998,CLI_003998,2016-09-21,2017-12-31,38.259238,-0.669202,Elche
CNT_003999,CLI_003999,2015-11-17,2016-05-02,37.943202,-0.680518,Torrevieja
CNT_004000,CLI_004000,2018-02-28,2019-06-27,38.352401,-0.471199,Alicante
CNT_004001,CLI_004001,2020-01-09,2021-10-14,37.952709,-0.697768,Torrevieja
CNT_004002,CLI_004002,2022-11-05,2022-12-13,38.401638,-0.509997,San Vicente del Raspeig
CNT_004003,CLI_004003,2018-05-07,2019-01-23,38.703339,-0.48763,Alcoy
CNT_004004,CLI_004004,2017-06-23,2019-03-25,38.321665,-0.460198,Alicante
CNT_004005,CLI_004005,2015-02-05,2016-04-06,38.373224,-0.460485,Alicante
CNT_004006,CLI_004006,2022-10-09,2024-09-17,38.365339,-0.505354,Alicante
CNT_004007,CLI_004007,2024-01-01,2025-08-26,38.286968,-0.654666,Elche
CNT_004008,CLI_004008,2022-03-18,2023-02-28,38.265695,-0.693206,Elche
CNT_004009,CLI_004009,2021-06-11,2022-11-29,38.517214,-0.123453,Benidorm
CNT_004010,CLI_004010,2019-05-10,2020-11-11,38.369647,-0.519178,Alicante
CNT_004011,CLI_004011,2023-05-14,2023-09-07,38.338441,-0.428057,Alicante
CNT_004012,CLI_004012,2023-01-19,2024-01-01,38.234925,-0.72524,Elche
CNT_004013,CLI_004013,2015-01-12,2016-01-09,38.550424,-0.119001,Benidorm
CNT_004014,CLI_004014,2020-10-31,2021-11-24,38.397685,-0.505869,Alicante
CNT_004015,CLI_004015,2023-07-01,2024-03-27,38.083975,-0.95688,Orihuela
CNT_004016,CLI_004016,2018-12-02,2019-02-25,38.399178,-0.461281,Alicante
CNT_004017,CLI_004017,2023-08-24,2024-01-10,38.84207,0.121113,Denia
CNT_004018,CLI_004018,2020-06-09,2020-08-26,38.834993,0.086631,Denia
CNT_004019,CLI_004019,2019-11-03,2019-12-18,38.329439,-0.453738,Alicante
CNT_004020,CLI_004020,2018-12-05,2019-03-17,38.386127,-0.454875,Alicante
CNT_004021,CLI_004021,2017-08-14,2018-04-02,38.248337,-0.718935,Elche
CNT_004022,CLI_004022,2016-12-13,2017-04-14,38.363582,-0.441034,Alicante
CNT_004023,CLI_004023,2020-08-04,2022-06-13,38.52749,-0.148782,Benidorm
CNT_004024,CLI_004024,2024-12-13,2025-02-13,38.390776,-0.532797,San Vicente del Raspeig
CNT_004025,CLI_004025,2018-07-03,2020-03-23,38.546563,-0.125552,Benidorm
CNT_004026,CLI_004026,2015-08-29,2016-11-19,38.39174,-0.535543,San Vicente del Raspeig
CNT_004027,CLI_004027,2023-01-24,2023-09-13,38.256595,-0.692496,Elche
CNT_004028,CLI_004028,2020-05-09,2021-12-10,38.37352,-0.474973,Alicante
CNT_004029,CLI_004029,2020-07-05,2022-04-21,38.717569,-0.475645,Alcoy
CNT_004030,CLI_004030,2017-06-14,2018-05-21,38.279683,-0.679987,Elche
CNT_004031,CLI_004031,2023-02-02,2024-06-14,38.526343,-0.13404,Benidorm
CNT_004032,CLI_004032,2019-01-15,2020-03-13,38.332435,-0.475211,Alicante
CNT_004033,CLI_004033,2022-09-04,2023-05-02,38.347198,-0.452338,Alicante
CNT_004034,CLI_004034,2017-10-21,2019-06-13,38.404288,-0.431384,Sant Joan d'Alacant
CNT_004035,CLI_004035,2016-08-23,2017-02-24,38.320503,-0.46135,Alicante
CNT_004036,CLI_004036,2021-05-18,2023-03-12,38.407907,-0.448843,Sant Joan d'Alacant
CNT_004037,CLI_004037,2022-05-22,2024-03-13,38.638026,-0.859902,Villena
CNT_004038,CLI_004038,2016-08-21,2017-08-07,38.375712,-0.535842,San Vicente del Raspeig
CNT_004039,CLI_004039,2024-10-25,2026-02-01,38.066221,-0.970128,Orihuela
CNT_004040,CLI_004040,2023-04-15,2024-12-08,37.969626,-0.683491,Torrevieja
CNT_004041,CLI_004041,2020-02-28,2022-01-27,38.477826,-0.802652,Elda
CNT_004042,CLI_004042,2018-02-16,2018-04-26,38.392432,-0.461235,Alicante
CNT_004043,CLI_004043,2017-10-08,2017-12-16,38.27074,-0.68038,Elche
CNT_004044,CLI_004044,2023-01-26,2024-05-22,38.067985,-0.982553,Orihuela
CNT_004045,CLI_004045,2019-03-09,2019-10-14,38.270354,-0.716523,Elche
CNT_004046,CLI_004046,2018-01-08,2018-02-21,38.257754,-0.730415,Elche
CNT_004047,CLI_004047,2019-07-05,2019-12-05,38.272645,-0.708478,Elche
CNT_004048,CLI_004048,2019-08-28,2020-07-02,37.98915,-0.674007,Torrevieja
CNT_004049,CLI_004049,2023-01-20,2023-04-07,38.493211,-0.794707,Elda
CNT_004050,CLI_004050,2017-08-14,2018-03-20,38.344593,-0.495744,Alicante
CNT_004051,CLI_004051,2015-08-07,2016-07-05,38.50029,-0.756998,Petrer
CNT_004052,CLI_004052,2024-10-28,2026-05-25,38.545096,-0.158958,Benidorm
CNT_004053,CLI_004053,2016-12-27,2017-05-10,38.387811,-0.510458,San Vicente del Raspeig
CNT_004054,CLI_004054,2023-05-15,2024-06-16,38.018477,-0.691997,Torrevieja
CNT_004055,CLI_004055,2019-09-27,2021-03-10,38.400224,-0.526237,San Vicente del Raspeig
CNT_004056,CLI_004056,2019-01-29,2020-06-01,38.324322,-0.494184,Alicante
CNT_004057,CLI_004057,2019-12-23,2020-09-24,38.416135,-0.506785,San Vicente del Raspeig
CNT_004058,CLI_004058,2016-06-01,2017-03-21,38.397144,-0.511774,Alicante
CNT_004059,CLI_004059,2017-03-22,2017-11-12,38.840205,0.105876,Denia
CNT_004060,CLI_004060,2021-12-24,2023-06-13,38.396867,-0.433753,Sant Joan d'Alacant
CNT_004061,CLI_004061,2020-10-06,2022-04-18,38.340891,-0.521275,Alicante
CNT_004062,CLI_004062,2018-09-22,2019-10-20,38.363068,-0.503997,Alicante
CNT_004063,CLI_004063,2024-10-21,2025-10-25,38.713734,-0.475178,Alcoy
CNT_004064,CLI_004064,2017-03-24,2018-06-03,38.359462,-0.503167,Alicante
CNT_004065,CLI_004065,2016-09-05,2017-12-31,38.479921,-0.801587,Elda
CNT_004066,CLI_004066,2016-03-01,2017-10-29,38.38265,-0.489747,Alicante
CNT_004067,CLI_004067,2019-05-03,2019-10-29,38.337379,-0.46476,Alicante
CNT_004068,CLI_004068,2024-06-03,2025-01-11,38.410678,-0.441584,Sant Joan d'Alacant
CNT_004069,CLI_004069,2018-12-05,2019-05-30,38.530743,-0.118359,Benidorm
CNT_004070,CLI_004070,2019-12-17,2021-02-24,38.483872,-0.803773,Elda
CNT_004071,CLI_004071,2017-06-01,2017-12-30,38.263002,-0.725842,Elche
CNT_004072,CLI_004072,2019-08-26,2020-01-08,38.53353,-0.108184,Benidorm
CNT_004073,CLI_004073,2016-03-07,2016-11-27,38.077252,-0.957659,Orihuela
CNT_004074,CLI_004074,2023-12-12,2025-10-09,38.111697,-0.970718,Orihuela
CNT_004075,CLI_004075,2018-11-01,2019-05-28,38.525405,-0.152205,Benidorm
CNT_004076,CLI_004076,2017-08-05,2018-11-09,37.965376,-0.662848,Torrevieja
CNT_004077,CLI_004077,2018-10-20,2019-12-24,38.312162,-0.705809,Elche
CNT_004078,CLI_004078,2019-07-26,2021-01-30,38.369646,-0.487343,Alicante
CNT_004079,CLI_004079,2023-03-02,2024-09-21,38.669779,-0.47531,Alcoy
CNT_004080,CLI_004080,2021-09-18,2022-09-05,38.331069,-0.455676,Alicante
CNT_004081,CLI_004081,2021-12-14,2022-09-30,38.512456,-0.133454,Benidorm
CNT_004082,CLI_004082,2020-10-14,2022-07-17,38.321433,-0.422399,Alicante
CNT_004083,CLI_004083,2017-06-30,2018-09-01,38.02203,-0.941825,Orihuela
CNT_004084,CLI_004084,2016-01-26,2017-01-26,38.696756,-0.460659,Alcoy
CNT_004085,CLI_004085,2015-03-24,2016-02-16,38.316651,-0.460869,Alicante
CNT_004086,CLI_004086,2017-09-29,2018-02-24,38.346698,-0.481911,Alicante
CNT_004087,CLI_004087,2016-04-25,2017-12-03,38.304572,-0.495674,Alicante
CNT_004088,CLI_004088,2017-02-15,2018-05-03,38.086458,-0.937861,Orihuela
CNT_004089,CLI_004089,2024-01-14,2025-09-14,38.473721,-0.785679,Elda
CNT_004090,CLI_004090,2022-10-03,2023-11-20,38.382749,-0.495315,Alicante
CNT_004091,CLI_004091,2019-10-21,2021-03-13,38.715336,-0.471404,Alcoy
CNT_004092,CLI_004092,2018-06-02,2019-05-02,38.282778,-0.671103,Elche
CNT_004093,CLI_004093,2018-02-10,2020-01-23,38.258314,-0.652761,Elche
CNT_004094,CLI_004094,2022-05-23,2023-01-03,38.503754,-0.761456,Petrer
CNT_004095,CLI_004095,2023-12-01,2024-11-27,38.231333,-0.657319,Elche
CNT_004096,CLI_004096,2019-03-16,2019-05-04,38.234622,-0.712146,Elche
CNT_004097,CLI_004097,2023-11-19,2025-09-01,38.343105,-0.463453,Alicante
CNT_004098,CLI_004098,2020-03-26,2022-02-11,38.401551,-0.447537,Alicante
CNT_004099,CLI_004099,2016-06-06,2017-09-11,38.340142,-0.503408,Alicante
CNT_004100,CLI_004100,2020-04-16,2021-07-15,38.340619,-0.49314,Alicante
CNT_004101,CLI_004101,2019-08-22,2020-05-06,38.055962,-0.909742,Orihuela
CNT_004102,CLI_004102,2021-03-02,2022-09-06,38.28631,-0.719752,Elche
CNT_004103,CLI_004103,2017-01-11,2017-09-14,37.995857,-0.70634,Torrevieja
CNT_004104,CLI_004104,2024-11-18,2026-05-25,38.364927,-0.4428,Alicante
CNT_004105,CLI_004105,2021-06-24,2022-08-02,38.329469,-0.451081,Alicante
CNT_004106,CLI_004106,2023-11-05,2024-01-09,38.52572,-0.126115,Benidorm
CNT_004107,CLI_004107,2015-10-05,2015-12-01,38.621483,-0.866749,Villena
CNT_004108,CLI_004108,2023-01-28,2024-03-04,38.347297,-0.491963,Alicante
CNT_004109,CLI_004109,2015-05-28,2015-09-20,38.824494,0.109929,Denia
CNT_004110,CLI_004110,2017-02-16,2017-09-21,37.957507,-0.653763,Torrevieja
CNT_004111,CLI_004111,2018-01-11,2018-12-11,37.971074,-0.677906,Torrevieja
CNT_004112,CLI_004112,2016-02-23,2017-05-19,38.254739,-0.650627,Elche
CNT_004113,CLI_004113,2022-01-29,2022-05-18,38.331751,-0.503449,Alicante
CNT_004114,CLI_004114,2024-11-29,2025-07-02,38.356861,-0.481492,Alicante
CNT_004115,CLI_004115,2021-09-05,2021-10-09,38.086381,-0.951961,Orihuela
CNT_004116,CLI_004116,2018-03-02,2019-10-10,38.259161,-0.722173,Elche
CNT_004117,CLI_004117,2017-07-28,2019-01-05,38.48573,-0.771531,Petrer
CNT_004118,CLI_004118,2020-07-12,2022-01-01,38.243686,-0.689119,Elche
CNT_004119,CLI_004119,2019-06-16,2021-03-20,38.347832,-0.467894,Alicante
CNT_004120,CLI_004120,2015-08-30,2015-09-30,38.536007,-0.105255,Benidorm
CNT_004121,CLI_004121,2024-08-23,2025-04-26,38.307624,-0.469388,Alicante
CNT_004122,CLI_004122,2017-09-25,2019-04-14,37.996622,-0.661498,Torrevieja
CNT_004123,CLI_004123,2018-05-08,2019-02-18,38.523623,-0.130507,Benidorm
CNT_004124,CLI_004124,2023-09-24,2025-01-18,38.842055,0.130871,Denia
CNT_004125,CLI_004125,2018-05-27,2019-08-23,38.410273,-0.496519,San Vicente del Raspeig
CNT_004126,CLI_004126,2024-03-30,2025-03-18,38.545308,-0.124927,Benidorm
CNT_004127,CLI_004127,2021-04-09,2022-09-19,38.534612,-0.143212,Benidorm
CNT_004128,CLI_004128,2024-03-17,2025-11-17,38.480275,-0.775488,Petrer
CNT_004129,CLI_004129,2023-04-12,2023-11-24,38.368888,-0.473952,Alicante
CNT_004130,CLI_004130,2019-12-23,2021-06-08,38.362067,-0.469588,Alicante
CNT_004131,CLI_004131,2024-03-26,2025-01-21,38.329741,-0.463539,Alicante
CNT_004132,CLI_004132,2020-01-27,2020-03-14,38.325328,-0.469495,Alicante
CNT_004133,CLI_004133,2016-11-14,2017-03-30,38.043353,-0.94436,Orihuela
CNT_004134,CLI_004134,2018-11-12,2020-05-23,38.087881,-0.957224,Orihuela
CNT_004135,CLI_004135,2022-03-20,2022-08-21,38.083146,-0.936477,Orihuela
CNT_004136,CLI_004136,2018-05-17,2019-10-11,38.373605,-0.434625,Alicante
CNT_004137,CLI_004137,2024-04-08,2025-12-22,38.702709,-0.461161,Alcoy
CNT_004138,CLI_004138,2016-09-08,2016-10-11,38.294853,-0.686537,Elche
CNT_004139,CLI_004139,2020-07-20,2022-05-07,38.525832,-0.118945,Benidorm
CNT_004140,CLI_004140,2020-09-04,2021-09-19,37.999187,-0.688879,Torrevieja
CNT_004141,CLI_004141,2022-12-20,2024-01-04,38.253864,-0.709482,Elche
CNT_004142,CLI_004142,2020-10-27,2022-09-05,38.36464,-0.499695,Alicante
CNT_004143,CLI_004143,2017-10-08,2018-06-22,38.308731,-0.484132,Alicante
CNT_004144,CLI_004144,2020-07-10,2020-08-24,38.481522,-0.796864,Elda
CNT_004145,CLI_004145,2015-05-08,2016-08-04,38.464053,-0.757917,Petrer
CNT_004146,CLI_004146,2016-02-17,2017-06-24,38.079457,-0.954006,Orihuela
CNT_004147,CLI_004147,2020-12-24,2021-09-25,38.356209,-0.501068,Alicante
CNT_004148,CLI_004148,2018-09-19,2019-04-13,38.254039,-0.655563,Elche
CNT_004149,CLI_004149,2022-02-08,2023-09-03,38.685795,-0.478817,Alcoy
CNT_004150,CLI_004150,2021-09-01,2023-02-21,38.406453,-0.523458,San Vicente del Raspeig
CNT_004151,CLI_004151,2016-07-24,2018-03-07,38.342613,-0.469717,Alicante
CNT_004152,CLI_004152,2024-01-15,2025-11-29,38.332961,-0.509417,Alicante
CNT_004153,CLI_004153,2023-05-22,2025-01-04,38.534703,-0.116474,Benidorm
CNT_004154,CLI_004154,2021-10-04,2022-06-23,38.323507,-0.684283,Elche
CNT_004155,CLI_004155,2023-10-01,2025-09-07,38.374038,-0.44204,Alicante
CNT_004156,CLI_004156,2023-08-26,2023-11-01,38.374264,-0.497981,Alicante
CNT_004157,CLI_004157,2015-05-21,2016-10-22,37.98654,-0.680416,Torrevieja
CNT_004158,CLI_004158,2020-04-23,2021-08-09,38.480698,-0.791328,Elda
CNT_004159,CLI_004159,2015-02-20,2015-04-10,38.608247,-0.863033,Villena
CNT_004160,CLI_004160,2023-04-23,2025-01-22,37.966478,-0.708383,Torrevieja
CNT_004161,CLI_004161,2024-12-17,2026-05-25,38.254927,-0.695862,Elche
CNT_004162,CLI_004162,2023-02-24,2023-07-14,38.298328,-0.516662,Alicante
CNT_004163,CLI_004163,2018-11-29,2020-04-28,37.957867,-0.67575,Torrevieja
CNT_004164,CLI_004164,2018-09-22,2019-01-18,38.221922,-0.74513,Elche
CNT_004165,CLI_004165,2022-06-02,2023-05-16,38.084034,-0.981532,Orihuela
CNT_004166,CLI_004166,2016-01-01,2016-05-27,38.283513,-0.680292,Elche
CNT_004167,CLI_004167,2023-02-03,2024-05-11,38.372869,-0.494671,Alicante
CNT_004168,CLI_004168,2020-04-18,2021-01-11,38.35557,-0.505696,Alicante
CNT_004169,CLI_004169,2023-05-04,2023-08-13,38.244305,-0.670341,Elche
CNT_004170,CLI_004170,2020-06-26,2021-08-28,38.296898,-0.472809,Alicante
CNT_004171,CLI_004171,2022-12-11,2024-02-17,38.301278,-0.459198,Alicante
CNT_004172,CLI_004172,2015-09-15,2017-08-19,38.389979,-0.439996,Sant Joan d'Alacant
CNT_004173,CLI_004173,2024-06-21,2025-03-28,38.245945,-0.639348,Elche
CNT_004174,CLI_004174,2015-02-14,2015-09-26,37.975825,-0.693081,Torrevieja
CNT_004175,CLI_004175,2015-09-26,2017-05-19,38.46653,-0.770866,Elda
CNT_004176,CLI_004176,2018-08-27,2020-05-27,38.404451,-0.439052,Sant Joan d'Alacant
CNT_004177,CLI_004177,2016-11-02,2018-07-09,37.974519,-0.711981,Torrevieja
CNT_004178,CLI_004178,2023-05-25,2024-01-31,38.396427,-0.519506,San Vicente del Raspeig
CNT_004179,CLI_004179,2018-07-25,2020-05-15,38.290586,-0.691375,Elche
CNT_004180,CLI_004180,2022-12-14,2023-07-13,38.239535,-0.721429,Elche
CNT_004181,CLI_004181,2024-09-16,2025-06-28,38.274712,-0.718589,Elche
CNT_004182,CLI_004182,2024-12-17,2025-04-13,38.534032,-0.131596,Benidorm
CNT_004183,CLI_004183,2021-01-01,2022-06-06,38.530198,-0.127103,Benidorm
CNT_004184,CLI_004184,2020-06-12,2021-06-12,38.284976,-0.752655,Elche
CNT_004185,CLI_004185,2015-08-23,2017-03-12,38.367175,-0.454672,Alicante
CNT_004186,CLI_004186,2022-07-01,2023-09-10,38.06587,-0.95439,Orihuela
CNT_004187,CLI_004187,2022-07-30,2024-05-22,38.340646,-0.514294,Alicante
CNT_004188,CLI_004188,2023-10-13,2024-08-26,37.983762,-0.665261,Torrevieja
CNT_004189,CLI_004189,2019-01-08,2020-02-03,38.530924,-0.131583,Benidorm
CNT_004190,CLI_004190,2021-07-28,2022-11-10,38.54122,-0.116706,Benidorm
CNT_004191,CLI_004191,2018-11-18,2019-01-16,38.701774,-0.468145,Alcoy
CNT_004192,CLI_004192,2017-09-20,2019-04-20,38.500691,-0.791818,Elda
CNT_004193,CLI_004193,2015-10-02,2017-07-29,38.231834,-0.70166,Elche
CNT_004194,CLI_004194,2024-06-17,2025-02-24,38.696931,-0.467607,Alcoy
CNT_004195,CLI_004195,2017-06-28,2017-11-28,38.06663,-0.952771,Orihuela
CNT_004196,CLI_004196,2024-04-17,2026-03-30,38.360303,-0.502314,Alicante
CNT_004197,CLI_004197,2023-11-29,2024-07-30,38.304771,-0.465752,Alicante
CNT_004198,CLI_004198,2024-12-23,2025-05-19,38.353858,-0.484612,Alicante
CNT_004199,CLI_004199,2016-03-15,2016-11-26,38.251639,-0.697562,Elche
CNT_004200,CLI_004200,2017-12-22,2019-04-09,38.070117,-0.922712,Orihuela
CNT_004201,CLI_004201,2020-03-11,2021-10-10,38.461342,-0.793167,Elda
CNT_004202,CLI_004202,2019-10-17,2021-07-15,38.333573,-0.480624,Alicante
CNT_004203,CLI_004203,2017-05-21,2019-03-13,38.372313,-0.495991,Alicante
CNT_004204,CLI_004204,2016-10-12,2018-01-21,38.636698,-0.861031,Villena
CNT_004205,CLI_004205,2023-03-10,2023-04-20,38.360892,-0.472254,Alicante
CNT_004206,CLI_004206,2015-02-03,2015-07-04,38.302122,-0.678483,Elche
CNT_004207,CLI_004207,2022-07-15,2024-02-11,37.983448,-0.692624,Torrevieja
CNT_004208,CLI_004208,2017-05-16,2018-10-16,37.968642,-0.690441,Torrevieja
CNT_004209,CLI_004209,2023-04-21,2024-01-26,38.356881,-0.461197,Alicante
CNT_004210,CLI_004210,2017-04-11,2018-12-10,38.331593,-0.474695,Alicante
CNT_004211,CLI_004211,2024-09-18,2026-02-11,38.332589,-0.503655,Alicante
CNT_004212,CLI_004212,2018-01-15,2019-08-17,37.951342,-0.658682,Torrevieja
CNT_004213,CLI_004213,2023-12-26,2024-10-30,37.995373,-0.712772,Torrevieja
CNT_004214,CLI_004214,2016-04-06,2017-04-07,38.33555,-0.461393,Alicante
CNT_004215,CLI_004215,2020-10-29,2021-05-14,38.088442,-0.969804,Orihuela
CNT_004216,CLI_004216,2015-11-18,2016-11-09,38.383868,-0.502671,San Vicente del Raspeig
CNT_004217,CLI_004217,2016-02-19,2016-11-20,38.356099,-0.519615,Alicante
CNT_004218,CLI_004218,2020-02-18,2021-10-30,38.248737,-0.67295,Elche
CNT_004219,CLI_004219,2023-04-28,2025-02-11,38.532499,-0.13228,Benidorm
CNT_004220,CLI_004220,2021-02-15,2022-01-11,38.367146,-0.490165,Alicante
CNT_004221,CLI_004221,2018-06-10,2019-01-25,38.282897,-0.694221,Elche
CNT_004222,CLI_004222,2021-09-05,2023-02-16,38.084359,-0.931862,Orihuela
CNT_004223,CLI_004223,2023-11-15,2023-12-27,38.814178,0.092134,Denia
CNT_004224,CLI_004224,2024-08-15,2025-09-14,38.432214,-0.535089,San Vicente del Raspeig
CNT_004225,CLI_004225,2015-06-17,2015-10-21,38.010125,-0.670507,Torrevieja
CNT_004226,CLI_004226,2024-01-16,2024-04-25,38.707072,-0.493888,Alcoy
CNT_004227,CLI_004227,2018-03-19,2019-04-09,38.24893,-0.711153,Elche
CNT_004228,CLI_004228,2022-06-04,2023-12-29,38.082528,-0.883686,Orihuela
CNT_004229,CLI_004229,2024-11-30,2025-09-05,38.253545,-0.719596,Elche
CNT_004230,CLI_004230,2018-11-10,2019-08-20,38.376796,-0.452305,Alicante
CNT_004231,CLI_004231,2021-08-25,2022-03-24,38.53735,-0.138331,Benidorm
CNT_004232,CLI_004232,2020-01-07,2020-07-20,37.964585,-0.673037,Torrevieja
CNT_004233,CLI_004233,2020-07-17,2020-08-19,38.255143,-0.683904,Elche
CNT_004234,CLI_004234,2024-02-29,2025-07-05,38.857518,0.122634,Denia
CNT_004235,CLI_004235,2019-06-29,2019-12-20,38.385202,-0.486006,Alicante
CNT_004236,CLI_004236,2017-06-16,2017-12-27,38.299123,-0.654545,Elche
CNT_004237,CLI_004237,2022-12-21,2023-12-29,38.364126,-0.495733,Alicante
CNT_004238,CLI_004238,2020-10-10,2021-02-21,38.695369,-0.470589,Alcoy
CNT_004239,CLI_004239,2024-09-08,2026-04-08,38.495302,-0.128357,Benidorm
CNT_004240,CLI_004240,2022-01-19,2022-12-28,38.272038,-0.722983,Elche
CNT_004241,CLI_004241,2017-05-11,2017-11-25,38.534178,-0.13473,Benidorm
CNT_004242,CLI_004242,2015-05-30,2016-11-29,38.26858,-0.694747,Elche
CNT_004243,CLI_004243,2023-10-19,2025-07-07,38.699047,-0.478585,Alcoy
CNT_004244,CLI_004244,2020-12-03,2022-03-13,38.236322,-0.6446,Elche
CNT_004245,CLI_004245,2017-04-03,2019-01-01,38.277763,-0.71675,Elche
CNT_004246,CLI_004246,2020-10-13,2022-04-07,38.490222,-0.758206,Petrer
CNT_004247,CLI_004247,2018-12-23,2020-03-05,38.362258,-0.459589,Alicante
CNT_004248,CLI_004248,2021-06-15,2022-09-23,38.368864,-0.481347,Alicante
CNT_004249,CLI_004249,2022-07-16,2023-06-25,37.989573,-0.697774,Torrevieja
CNT_004250,CLI_004250,2022-12-11,2024-07-04,38.63208,-0.875419,Villena
CNT_004251,CLI_004251,2018-12-24,2020-09-26,38.263942,-0.709695,Elche
CNT_004252,CLI_004252,2023-05-30,2025-01-27,38.347478,-0.525644,Alicante
CNT_004253,CLI_004253,2023-11-07,2024-02-07,38.267869,-0.720376,Elche
CNT_004254,CLI_004254,2015-11-02,2016-01-02,38.287461,-0.730914,Elche
CNT_004255,CLI_004255,2018-10-16,2020-07-05,38.361292,-0.447353,Alicante
CNT_004256,CLI_004256,2024-03-03,2024-10-29,38.126347,-0.932131,Orihuela
CNT_004257,CLI_004257,2024-03-21,2025-07-26,38.421258,-0.431426,Sant Joan d'Alacant
CNT_004258,CLI_004258,2019-04-24,2020-12-06,38.267252,-0.685346,Elche
CNT_004259,CLI_004259,2017-05-22,2019-01-16,38.181094,-0.694627,Elche
CNT_004260,CLI_004260,2015-06-18,2015-10-05,38.29271,-0.666165,Elche
CNT_004261,CLI_004261,2019-01-22,2020-01-29,38.331691,-0.496269,Alicante
CNT_004262,CLI_004262,2019-05-23,2020-02-08,38.828678,0.1073,Denia
CNT_004263,CLI_004263,2017-10-27,2019-07-31,38.256734,-0.681865,Elche
CNT_004264,CLI_004264,2019-10-01,2020-03-07,38.255674,-0.727367,Elche
CNT_004265,CLI_004265,2023-10-09,2023-11-26,38.097045,-0.882568,Orihuela
CNT_004266,CLI_004266,2022-03-20,2023-04-10,38.231192,-0.697672,Elche
CNT_004267,CLI_004267,2022-09-10,2023-12-02,38.063246,-0.94166,Orihuela
CNT_004268,CLI_004268,2015-12-13,2017-09-08,38.353779,-0.449578,Alicante
CNT_004269,CLI_004269,2023-03-22,2023-07-10,38.403775,-0.514321,San Vicente del Raspeig
CNT_004270,CLI_004270,2017-01-04,2018-10-10,38.490315,-0.769619,Petrer
CNT_004271,CLI_004271,2018-06-30,2020-05-25,38.069059,-0.941897,Orihuela
CNT_004272,CLI_004272,2021-09-23,2022-02-17,38.625261,-0.88425,Villena
CNT_004273,CLI_004273,2016-06-26,2017-12-01,38.332534,-0.494912,Alicante
CNT_004274,CLI_004274,2015-12-21,2017-05-25,38.270777,-0.686921,Elche
CNT_004275,CLI_004275,2016-12-13,2017-08-24,38.11451,-0.935622,Orihuela
CNT_004276,CLI_004276,2024-12-14,2026-03-07,37.941846,-0.660219,Torrevieja
CNT_004277,CLI_004277,2024-06-01,2024-11-14,38.260644,-0.700951,Elche
CNT_004278,CLI_004278,2016-08-06,2017-04-18,38.236181,-0.72882,Elche
CNT_004279,CLI_004279,2016-05-25,2017-05-23,38.303894,-0.454582,Alicante
CNT_004280,CLI_004280,2022-01-24,2022-10-09,38.286773,-0.666706,Elche
CNT_004281,CLI_004281,2022-01-19,2023-01-06,38.358816,-0.458544,Alicante
CNT_004282,CLI_004282,2017-08-04,2017-12-19,38.703793,-0.475364,Alcoy
CNT_004283,CLI_004283,2024-11-08,2026-02-25,38.368226,-0.45489,Alicante
CNT_004284,CLI_004284,2024-07-05,2024-08-10,38.333207,-0.395277,Alicante
CNT_004285,CLI_004285,2018-04-13,2018-09-17,37.970913,-0.680127,Torrevieja
CNT_004286,CLI_004286,2022-11-11,2023-11-28,38.128515,-0.970735,Orihuela
CNT_004287,CLI_004287,2015-03-19,2016-01-09,38.475741,-0.798835,Elda
CNT_004288,CLI_004288,2016-03-15,2018-02-27,37.991932,-0.670941,Torrevieja
CNT_004289,CLI_004289,2019-11-11,2020-07-11,38.26564,-0.733606,Elche
CNT_004290,CLI_004290,2022-02-09,2022-11-12,38.374121,-0.523267,San Vicente del Raspeig
CNT_004291,CLI_004291,2024-01-17,2025-10-25,37.941897,-0.675354,Torrevieja
CNT_004292,CLI_004292,2021-09-13,2023-05-30,38.330725,-0.442622,Alicante
CNT_004293,CLI_004293,2023-12-29,2025-02-04,37.99771,-0.658616,Torrevieja
CNT_004294,CLI_004294,2018-05-01,2019-07-25,38.852524,0.118669,Denia
CNT_004295,CLI_004295,2024-12-22,2025-03-02,38.28561,-0.745879,Elche
CNT_004296,CLI_004296,2022-07-11,2023-07-23,38.320524,-0.457974,Alicante
CNT_004297,CLI_004297,2018-07-14,2020-02-24,38.385597,-0.463362,Alicante
CNT_004298,CLI_004298,2015-05-06,2015-10-25,38.321078,-0.474601,Alicante
CNT_004299,CLI_004299,2019-10-05,2020-03-23,38.270182,-0.736365,Elche
CNT_004300,CLI_004300,2022-11-21,2024-07-07,38.084593,-0.960035,Orihuela
CNT_004301,CLI_004301,2024-06-15,2024-10-29,38.340853,-0.510171,Alicante
CNT_004302,CLI_004302,2022-02-04,2022-04-07,38.497286,-0.79015,Petrer
CNT_004303,CLI_004303,2016-05-16,2016-12-31,38.689939,-0.473435,Alcoy
CNT_004304,CLI_004304,2024-07-06,2024-12-01,37.954407,-0.696561,Torrevieja
CNT_004305,CLI_004305,2022-11-11,2023-07-27,38.39654,-0.493796,San Vicente del Raspeig
CNT_004306,CLI_004306,2024-02-15,2025-12-05,38.335204,-0.485219,Alicante
CNT_004307,CLI_004307,2016-01-22,2018-01-08,38.339802,-0.669837,Elche
CNT_004308,CLI_004308,2016-02-16,2016-09-17,38.09833,-0.975882,Orihuela
CNT_004309,CLI_004309,2018-10-01,2019-06-02,38.391388,-0.531661,San Vicente del Raspeig
CNT_004310,CLI_004310,2020-06-29,2020-12-05,38.383627,-0.524137,San Vicente del Raspeig
CNT_004311,CLI_004311,2018-01-22,2018-11-19,38.298193,-0.503704,Alicante
CNT_004312,CLI_004312,2021-07-03,2023-04-28,38.473648,-0.774222,Petrer
CNT_004313,CLI_004313,2020-11-17,2020-12-24,38.348074,-0.486449,Alicante
CNT_004314,CLI_004314,2021-11-13,2023-01-19,38.495828,-0.794607,Elda
CNT_004315,CLI_004315,2018-08-31,2020-04-30,38.65046,-0.843939,Villena
CNT_004316,CLI_004316,2020-09-03,2022-06-21,38.350927,-0.471544,Alicante
CNT_004317,CLI_004317,2020-04-25,2021-05-28,38.530322,-0.125546,Benidorm
CNT_004318,CLI_004318,2021-12-16,2023-09-23,38.35192,-0.467509,Alicante
CNT_004319,CLI_004319,2015-12-19,2017-07-07,38.25409,-0.684822,Elche
CNT_004320,CLI_004320,2017-05-18,2017-08-08,38.303304,-0.700124,Elche
CNT_004321,CLI_004321,2023-09-24,2024-06-26,37.975295,-0.687973,Torrevieja
CNT_004322,CLI_004322,2021-02-24,2022-02-25,38.483037,-0.768332,Petrer
CNT_004323,CLI_004323,2018-07-26,2019-06-01,38.50761,-0.117418,Benidorm
CNT_004324,CLI_004324,2017-04-26,2017-06-27,38.2612,-0.673523,Elche
CNT_004325,CLI_004325,2018-01-07,2019-08-07,38.406338,-0.528185,San Vicente del Raspeig
CNT_004326,CLI_004326,2018-12-18,2019-12-25,38.624187,-0.856986,Villena
CNT_004327,CLI_004327,2024-05-18,2025-02-10,38.326432,-0.485865,Alicante
CNT_004328,CLI_004328,2016-06-09,2017-11-12,38.408534,-0.438195,Sant Joan d'Alacant
CNT_004329,CLI_004329,2022-02-01,2022-08-26,38.308284,-0.492838,Alicante
CNT_004330,CLI_004330,2019-08-07,2019-10-19,38.408994,-0.52748,San Vicente del Raspeig
CNT_004331,CLI_004331,2021-11-29,2022-10-28,38.331896,-0.447467,Alicante
CNT_004332,CLI_004332,2020-02-22,2022-01-21,38.335486,-0.478689,Alicante
CNT_004333,CLI_004333,2015-01-10,2015-11-04,38.240775,-0.695324,Elche
CNT_004334,CLI_004334,2024-12-09,2026-05-25,38.092361,-0.973444,Orihuela
CNT_004335,CLI_004335,2024-10-14,2025-12-17,38.319617,-0.705103,Elche
CNT_004336,CLI_004336,2018-07-07,2020-03-30,38.364737,-0.487033,Alicante
CNT_004337,CLI_004337,2022-01-15,2023-04-20,38.067514,-0.961083,Orihuela
CNT_004338,CLI_004338,2022-10-28,2024-01-21,38.857734,0.106025,Denia
CNT_004339,CLI_004339,2022-09-20,2023-02-27,38.258533,-0.707742,Elche
CNT_004340,CLI_004340,2019-06-08,2020-08-20,38.379562,-0.479,Alicante
CNT_004341,CLI_004341,2020-02-27,2020-11-07,38.283247,-0.695627,Elche
CNT_004342,CLI_004342,2022-12-17,2023-06-07,38.271621,-0.504894,Alicante
CNT_004343,CLI_004343,2023-06-05,2025-02-01,38.384251,-0.530084,San Vicente del Raspeig
CNT_004344,CLI_004344,2017-11-24,2019-06-16,38.407633,-0.524372,San Vicente del Raspeig
CNT_004345,CLI_004345,2021-01-31,2021-07-04,37.98143,-0.660883,Torrevieja
CNT_004346,CLI_004346,2021-10-25,2022-06-23,38.242977,-0.692652,Elche
CNT_004347,CLI_004347,2024-12-27,2026-03-29,38.388697,-0.533243,San Vicente del Raspeig
CNT_004348,CLI_004348,2018-03-16,2019-06-25,37.944388,-0.675018,Torrevieja
CNT_004349,CLI_004349,2019-05-12,2021-01-22,38.39524,-0.504809,San Vicente del Raspeig
CNT_004350,CLI_004350,2023-12-09,2024-09-01,38.129014,-0.926166,Orihuela
CNT_004351,CLI_004351,2023-06-12,2025-04-15,38.405959,-0.51873,San Vicente del Raspeig
CNT_004352,CLI_004352,2020-04-11,2021-04-03,38.128608,-0.929988,Orihuela
CNT_004353,CLI_004353,2024-11-10,2025-04-07,38.284913,-0.666621,Elche
CNT_004354,CLI_004354,2021-04-12,2021-06-26,38.64933,-0.853292,Villena
CNT_004355,CLI_004355,2016-11-05,2017-02-26,38.014233,-0.671998,Torrevieja
CNT_004356,CLI_004356,2020-02-22,2021-03-09,38.092345,-0.923127,Orihuela
CNT_004357,CLI_004357,2020-12-01,2021-01-12,38.340519,-0.508041,Alicante
CNT_004358,CLI_004358,2017-10-08,2019-08-05,38.105453,-0.974545,Orihuela
CNT_004359,CLI_004359,2017-03-04,2017-09-21,38.004869,-0.679372,Torrevieja
CNT_004360,CLI_004360,2015-08-21,2016-05-10,38.333201,-0.479283,Alicante
CNT_004361,CLI_004361,2019-08-29,2020-03-26,38.327161,-0.494598,Alicante
CNT_004362,CLI_004362,2023-04-16,2023-07-05,38.087577,-0.927983,Orihuela
CNT_004363,CLI_004363,2018-09-07,2020-08-17,38.708378,-0.495754,Alcoy
CNT_004364,CLI_004364,2024-11-18,2026-01-16,37.993066,-0.691826,Torrevieja
CNT_004365,CLI_004365,2020-12-13,2022-03-16,38.309596,-0.493124,Alicante
CNT_004366,CLI_004366,2024-04-07,2025-02-04,38.557139,-0.150936,Benidorm
CNT_004367,CLI_004367,2016-05-25,2017-01-16,38.329171,-0.443632,Alicante
CNT_004368,CLI_004368,2019-02-16,2019-08-12,38.259669,-0.728202,Elche
CNT_004369,CLI_004369,2021-05-17,2022-04-11,38.322634,-0.495709,Alicante
CNT_004370,CLI_004370,2017-03-08,2018-07-03,38.412658,-0.458301,Alicante
CNT_004371,CLI_004371,2023-04-14,2024-11-12,38.351252,-0.464849,Alicante
CNT_004372,CLI_004372,2023-01-29,2024-12-31,38.246779,-0.72268,Elche
CNT_004373,CLI_004373,2018-07-30,2019-09-15,38.366798,-0.463938,Alicante
CNT_004374,CLI_004374,2022-05-22,2024-02-28,38.282421,-0.691925,Elche
CNT_004375,CLI_004375,2016-01-27,2017-08-12,38.26137,-0.646973,Elche
CNT_004376,CLI_004376,2024-11-03,2025-07-23,38.283993,-0.689413,Elche
CNT_004377,CLI_004377,2016-01-17,2017-11-10,38.247344,-0.701407,Elche
CNT_004378,CLI_004378,2021-03-13,2021-08-18,38.472785,-0.802078,Elda
CNT_004379,CLI_004379,2022-02-02,2023-12-23,38.294945,-0.499606,Alicante
CNT_004380,CLI_004380,2016-08-28,2018-04-19,38.236373,-0.716467,Elche
CNT_004381,CLI_004381,2015-04-26,2016-01-17,38.390391,-0.446723,Alicante
CNT_004382,CLI_004382,2016-05-23,2018-01-24,38.386236,-0.480551,Alicante
CNT_004383,CLI_004383,2024-10-11,2026-05-25,37.979884,-0.672026,Torrevieja
CNT_004384,CLI_004384,2021-05-07,2022-10-03,38.008633,-0.654944,Torrevieja
CNT_004385,CLI_004385,2019-01-03,2019-09-30,38.476779,-0.820102,Elda
CNT_004386,CLI_004386,2024-03-16,2024-11-23,37.974319,-0.65918,Torrevieja
CNT_004387,CLI_004387,2023-07-08,2023-11-13,38.637678,-0.865535,Villena
CNT_004388,CLI_004388,2017-11-13,2019-06-22,38.342077,-0.470124,Alicante
CNT_004389,CLI_004389,2017-02-14,2017-12-13,38.33982,-0.50171,Alicante
CNT_004390,CLI_004390,2017-12-02,2019-02-03,38.373785,-0.499878,Alicante
CNT_004391,CLI_004391,2018-04-08,2019-10-06,38.348953,-0.468779,Alicante
CNT_004392,CLI_004392,2015-12-06,2017-03-09,37.991525,-0.639277,Torrevieja
CNT_004393,CLI_004393,2015-06-18,2016-12-21,38.105428,-0.924434,Orihuela
CNT_004394,CLI_004394,2020-01-13,2021-01-24,38.354905,-0.449362,Alicante
CNT_004395,CLI_004395,2019-04-11,2020-11-11,38.474197,-0.77192,Petrer
CNT_004396,CLI_004396,2024-09-13,2026-01-06,38.462466,-0.799002,Elda
CNT_004397,CLI_004397,2022-06-02,2022-08-12,38.34892,-0.50052,Alicante
CNT_004398,CLI_004398,2020-12-30,2021-05-02,38.340919,-0.493207,Alicante
CNT_004399,CLI_004399,2023-09-08,2025-02-04,38.347385,-0.53232,Alicante
CNT_004400,CLI_004400,2016-07-28,2018-01-25,38.344799,-0.499123,Alicante
CNT_004401,CLI_004401,2019-06-17,2021-01-30,38.409789,-0.495009,Alicante
CNT_004402,CLI_004402,2019-10-09,2020-04-05,37.954756,-0.685356,Torrevieja
CNT_004403,CLI_004403,2016-04-19,2017-09-29,38.295451,-0.477706,Alicante
CNT_004404,CLI_004404,2021-06-16,2022-07-21,38.272812,-0.690326,Elche
CNT_004405,CLI_004405,2023-07-29,2024-12-24,38.398012,-0.438634,Sant Joan d'Alacant
CNT_004406,CLI_004406,2023-06-28,2025-05-22,38.537993,-0.138277,Benidorm
CNT_004407,CLI_004407,2016-06-14,2017-07-31,38.644007,-0.88976,Villena
CNT_004408,CLI_004408,2017-09-17,2019-07-06,38.377303,-0.495383,Alicante
CNT_004409,CLI_004409,2020-10-21,2022-09-11,38.232341,-0.719694,Elche
CNT_004410,CLI_004410,2018-11-18,2019-06-27,37.968679,-0.673811,Torrevieja
CNT_004411,CLI_004411,2017-05-18,2018-01-23,38.355919,-0.458268,Alicante
CNT_004412,CLI_004412,2021-09-07,2021-11-22,38.364462,-0.457536,Alicante
CNT_004413,CLI_004413,2019-11-17,2020-04-21,38.560521,-0.122217,Benidorm
CNT_004414,CLI_004414,2021-12-03,2022-01-08,38.103914,-0.947171,Orihuela
CNT_004415,CLI_004415,2021-11-25,2022-04-19,38.264251,-0.709783,Elche
CNT_004416,CLI_004416,2015-11-09,2017-06-24,38.24591,-0.714736,Elche
CNT_004417,CLI_004417,2019-01-01,2020-01-31,38.253086,-0.731465,Elche
CNT_004418,CLI_004418,2017-08-09,2017-10-23,38.330382,-0.456204,Alicante
CNT_004419,CLI_004419,2021-06-29,2022-08-25,38.279915,-0.702144,Elche
CNT_004420,CLI_004420,2017-10-09,2017-11-30,38.351625,-0.512159,Alicante
CNT_004421,CLI_004421,2017-08-22,2018-01-29,38.312109,-0.501662,Alicante
CNT_004422,CLI_004422,2020-11-04,2021-04-09,38.631769,-0.876604,Villena
CNT_004423,CLI_004423,2015-12-25,2017-04-12,38.102351,-0.94364,Orihuela
CNT_004424,CLI_004424,2016-11-25,2017-10-29,38.70262,-0.46059,Alcoy
CNT_004425,CLI_004425,2021-02-22,2022-05-30,38.27801,-0.705956,Elche
CNT_004426,CLI_004426,2022-09-04,2024-01-19,38.273924,-0.747856,Elche
CNT_004427,CLI_004427,2023-04-13,2023-06-29,38.385861,-0.48573,Alicante
CNT_004428,CLI_004428,2018-11-09,2019-02-28,38.351101,-0.484905,Alicante
CNT_004429,CLI_004429,2018-02-15,2018-07-03,38.335549,-0.486623,Alicante
CNT_004430,CLI_004430,2016-05-12,2017-02-28,38.385311,-0.53283,San Vicente del Raspeig
CNT_004431,CLI_004431,2017-06-26,2017-08-25,38.537195,-0.128691,Benidorm
CNT_004432,CLI_004432,2023-02-26,2024-03-19,37.934767,-0.681009,Torrevieja
CNT_004433,CLI_004433,2016-04-06,2017-11-24,38.261446,-0.698846,Elche
CNT_004434,CLI_004434,2024-10-07,2026-02-28,38.481842,-0.765874,Petrer
CNT_004435,CLI_004435,2019-06-06,2020-01-10,38.311088,-0.491746,Alicante
CNT_004436,CLI_004436,2023-04-06,2023-05-10,38.321993,-0.493165,Alicante
CNT_004437,CLI_004437,2024-02-01,2024-12-12,38.283312,-0.667937,Elche
CNT_004438,CLI_004438,2021-03-31,2023-02-15,38.399069,-0.518588,San Vicente del Raspeig
CNT_004439,CLI_004439,2016-02-21,2017-04-19,38.402316,-0.431057,Sant Joan d'Alacant
CNT_004440,CLI_004440,2019-01-30,2020-05-28,38.352859,-0.450347,Alicante
CNT_004441,CLI_004441,2019-02-14,2020-05-14,38.479812,-0.785489,Elda
CNT_004442,CLI_004442,2018-10-20,2018-12-15,38.411214,-0.514159,San Vicente del Raspeig
CNT_004443,CLI_004443,2021-01-09,2021-06-14,38.348286,-0.520484,Alicante
CNT_004444,CLI_004444,2015-09-29,2016-03-11,38.233419,-0.693809,Elche
CNT_004445,CLI_004445,2016-01-27,2017-08-13,38.301363,-0.70232,Elche
CNT_004446,CLI_004446,2022-02-07,2023-02-02,38.641444,-0.846068,Villena
CNT_004447,CLI_004447,2016-12-25,2018-10-14,38.330469,-0.457809,Alicante
CNT_004448,CLI_004448,2019-10-13,2020-12-07,38.381259,-0.532865,San Vicente del Raspeig
CNT_004449,CLI_004449,2024-08-02,2024-09-08,38.27421,-0.690099,Elche
CNT_004450,CLI_004450,2019-08-02,2021-05-05,38.696994,-0.471388,Alcoy
CNT_004451,CLI_004451,2021-02-14,2021-12-01,38.300131,-0.688305,Elche
CNT_004452,CLI_004452,2022-10-30,2023-06-15,37.972474,-0.700539,Torrevieja
CNT_004453,CLI_004453,2024-02-06,2025-10-25,38.468651,-0.78748,Elda
CNT_004454,CLI_004454,2016-01-30,2017-03-20,38.40705,-0.528038,San Vicente del Raspeig
CNT_004455,CLI_004455,2016-10-23,2018-03-08,38.489803,-0.788411,Elda
CNT_004456,CLI_004456,2017-05-02,2017-11-26,38.349416,-0.49911,Alicante
CNT_004457,CLI_004457,2024-01-04,2025-04-27,38.542316,-0.138321,Benidorm
CNT_004458,CLI_004458,2022-03-26,2022-12-20,38.344258,-0.451654,Alicante
CNT_004459,CLI_004459,2021-02-15,2022-08-22,38.270645,-0.721434,Elche
CNT_004460,CLI_004460,2021-03-31,2021-10-29,37.99967,-0.6998,Torrevieja
CNT_004461,CLI_004461,2019-09-08,2020-09-29,38.279257,-0.699435,Elche
CNT_004462,CLI_004462,2021-03-29,2022-05-08,37.975653,-0.696094,Torrevieja
CNT_004463,CLI_004463,2021-08-02,2023-02-20,38.413571,-0.446465,Sant Joan d'Alacant
CNT_004464,CLI_004464,2021-11-30,2022-03-21,38.286079,-0.478373,Alicante
CNT_004465,CLI_004465,2024-12-25,2026-01-16,38.558825,-0.149361,Benidorm
CNT_004466,CLI_004466,2024-08-01,2025-03-03,38.227969,-0.720475,Elche
CNT_004467,CLI_004467,2020-07-23,2021-06-05,38.329523,-0.429648,Alicante
CNT_004468,CLI_004468,2015-08-25,2015-11-24,38.344177,-0.469513,Alicante
CNT_004469,CLI_004469,2017-11-22,2019-05-12,38.635242,-0.875159,Villena
CNT_004470,CLI_004470,2021-03-10,2022-07-14,38.855796,0.111973,Denia
CNT_004471,CLI_004471,2019-05-15,2019-07-13,38.824832,0.11421,Denia
CNT_004472,CLI_004472,2021-08-23,2021-10-22,38.403747,-0.42955,Sant Joan d'Alacant
CNT_004473,CLI_004473,2017-10-22,2018-09-09,38.330745,-0.484179,Alicante
CNT_004474,CLI_004474,2017-06-27,2018-01-15,38.271993,-0.676817,Elche
CNT_004475,CLI_004475,2016-03-25,2017-12-28,38.533423,-0.155761,Benidorm
CNT_004476,CLI_004476,2016-07-22,2016-12-26,38.267545,-0.721539,Elche
CNT_004477,CLI_004477,2024-07-30,2024-11-22,38.253402,-0.694695,Elche
CNT_004478,CLI_004478,2022-10-31,2023-10-10,38.254279,-0.691048,Elche
CNT_004479,CLI_004479,2019-08-01,2019-09-27,38.090545,-0.962736,Orihuela
CNT_004480,CLI_004480,2021-05-15,2021-10-13,37.995687,-0.67753,Torrevieja
CNT_004481,CLI_004481,2015-08-02,2016-05-08,38.330243,-0.496596,Alicante
CNT_004482,CLI_004482,2019-11-10,2021-07-04,38.246387,-0.704393,Elche
CNT_004483,CLI_004483,2018-08-01,2019-10-07,37.989742,-0.663754,Torrevieja
CNT_004484,CLI_004484,2024-11-23,2026-05-25,37.978115,-0.665839,Torrevieja
CNT_004485,CLI_004485,2016-12-18,2018-04-04,38.365962,-0.505927,Alicante
CNT_004486,CLI_004486,2017-08-27,2018-06-24,38.68753,-0.486087,Alcoy
CNT_004487,CLI_004487,2024-02-28,2024-07-19,38.300714,-0.491279,Alicante
CNT_004488,CLI_004488,2023-06-10,2024-08-06,38.253774,-0.698888,Elche
CNT_004489,CLI_004489,2022-12-28,2023-02-14,38.387104,-0.533195,San Vicente del Raspeig
CNT_004490,CLI_004490,2023-07-16,2025-04-10,37.977282,-0.663468,Torrevieja
CNT_004491,CLI_004491,2024-10-26,2026-03-04,38.329279,-0.472315,Alicante
CNT_004492,CLI_004492,2019-07-24,2021-07-13,38.543092,-0.126427,Benidorm
CNT_004493,CLI_004493,2021-10-21,2022-05-29,37.973513,-0.704998,Torrevieja
CNT_004494,CLI_004494,2022-06-11,2023-11-15,38.398106,-0.511293,San Vicente del Raspeig
CNT_004495,CLI_004495,2017-06-22,2017-12-31,38.700292,-0.507242,Alcoy
CNT_004496,CLI_004496,2018-12-21,2020-09-22,38.088699,-0.927819,Orihuela
CNT_004497,CLI_004497,2018-12-26,2019-11-15,38.264969,-0.677745,Elche
CNT_004498,CLI_004498,2023-10-07,2025-06-06,38.357965,-0.49181,Alicante
CNT_004499,CLI_004499,2023-06-21,2023-10-01,38.325309,-0.449177,Alicante
CNT_004500,CLI_004500,2023-01-18,2024-08-31,38.296287,-0.699688,Elche
CNT_004501,CLI_004501,2021-09-02,2022-08-06,38.080069,-0.943251,Orihuela
CNT_004502,CLI_004502,2015-05-15,2016-04-10,38.236646,-0.69083,Elche
CNT_004503,CLI_004503,2016-06-15,2017-05-18,38.349902,-0.401336,Alicante
CNT_004504,CLI_004504,2021-03-17,2021-08-17,38.32392,-0.447389,Alicante
CNT_004505,CLI_004505,2015-11-29,2017-10-27,38.280137,-0.682875,Elche
CNT_004506,CLI_004506,2018-02-27,2018-12-14,38.40044,-0.50382,Alicante
CNT_004507,CLI_004507,2023-07-01,2024-02-10,38.688961,-0.471677,Alcoy
CNT_004508,CLI_004508,2019-06-14,2020-06-28,38.353509,-0.501328,Alicante
CNT_004509,CLI_004509,2018-12-19,2020-05-20,37.947101,-0.667402,Torrevieja
CNT_004510,CLI_004510,2018-08-14,2019-03-31,38.488439,-0.768595,Petrer
CNT_004511,CLI_004511,2019-03-08,2020-08-26,38.323057,-0.509113,Alicante
CNT_004512,CLI_004512,2019-09-05,2021-05-06,38.251754,-0.696515,Elche
CNT_004513,CLI_004513,2021-08-01,2022-11-19,38.317668,-0.502235,Alicante
CNT_004514,CLI_004514,2024-08-27,2024-12-14,38.099443,-0.941476,Orihuela
CNT_004515,CLI_004515,2016-02-05,2017-11-12,37.996831,-0.697663,Torrevieja
CNT_004516,CLI_004516,2020-07-04,2021-11-14,38.266014,-0.697695,Elche
CNT_004517,CLI_004517,2023-01-22,2024-05-07,37.96314,-0.668692,Torrevieja
CNT_004518,CLI_004518,2024-12-09,2026-05-25,38.864543,0.104904,Denia
CNT_004519,CLI_004519,2023-04-26,2024-02-21,38.32644,-0.490772,Alicante
CNT_004520,CLI_004520,2022-07-19,2023-07-26,38.291149,-0.475918,Alicante
CNT_004521,CLI_004521,2019-01-18,2019-06-20,38.484201,-0.783434,Elda
CNT_004522,CLI_004522,2020-03-29,2020-12-06,37.958814,-0.702129,Torrevieja
CNT_004523,CLI_004523,2017-11-23,2019-04-26,38.855529,0.10961,Denia
CNT_004524,CLI_004524,2021-04-14,2023-03-30,38.077177,-0.918149,Orihuela
CNT_004525,CLI_004525,2023-03-13,2025-01-22,38.403545,-0.518416,San Vicente del Raspeig
CNT_004526,CLI_004526,2015-02-11,2016-01-03,38.296333,-0.697029,Elche
CNT_004527,CLI_004527,2017-03-11,2017-08-06,38.683894,-0.465723,Alcoy
CNT_004528,CLI_004528,2020-12-10,2021-03-25,38.832211,0.112487,Denia
CNT_004529,CLI_004529,2015-01-27,2016-11-07,37.977338,-0.668635,Torrevieja
CNT_004530,CLI_004530,2024-09-03,2026-05-25,38.383639,-0.531598,Alicante
CNT_004531,CLI_004531,2022-03-03,2022-12-15,38.32874,-0.519836,Alicante
CNT_004532,CLI_004532,2018-03-16,2019-09-28,38.330337,-0.455879,Alicante
CNT_004533,CLI_004533,2021-12-18,2023-10-09,38.357154,-0.518632,Alicante
CNT_004534,CLI_004534,2021-12-08,2022-12-23,38.252801,-0.689466,Elche
CNT_004535,CLI_004535,2024-09-01,2026-05-25,37.981445,-0.688537,Torrevieja
CNT_004536,CLI_004536,2023-01-25,2023-11-27,37.950772,-0.700131,Torrevieja
CNT_004537,CLI_004537,2016-12-11,2017-09-21,38.314215,-0.690608,Elche
CNT_004538,CLI_004538,2023-10-05,2024-07-24,38.057846,-0.940479,Orihuela
CNT_004539,CLI_004539,2021-08-20,2023-07-29,38.337156,-0.428241,Alicante
CNT_004540,CLI_004540,2020-07-11,2022-06-17,38.344388,-0.49662,Alicante
CNT_004541,CLI_004541,2016-10-26,2016-12-23,38.393017,-0.444997,Alicante
CNT_004542,CLI_004542,2017-02-21,2018-07-02,37.954853,-0.675856,Torrevieja
CNT_004543,CLI_004543,2022-12-08,2023-02-10,38.394793,-0.497526,Alicante
CNT_004544,CLI_004544,2020-06-02,2021-04-21,38.364129,-0.461019,Alicante
CNT_004545,CLI_004545,2020-08-09,2022-05-02,38.274676,-0.685854,Elche
CNT_004546,CLI_004546,2018-01-11,2018-08-31,38.384484,-0.52487,San Vicente del Raspeig
CNT_004547,CLI_004547,2019-04-08,2019-07-14,38.359479,-0.474343,Alicante
CNT_004548,CLI_004548,2024-11-03,2025-04-12,38.07033,-0.95644,Orihuela
CNT_004549,CLI_004549,2019-09-19,2020-02-06,38.5494,-0.141209,Benidorm
CNT_004550,CLI_004550,2019-07-10,2021-01-13,38.384647,-0.516187,San Vicente del Raspeig
CNT_004551,CLI_004551,2022-06-14,2023-04-27,38.482768,-0.772239,Petrer
CNT_004552,CLI_004552,2018-01-31,2020-01-17,38.331318,-0.483002,Alicante
CNT_004553,CLI_004553,2019-11-14,2021-10-09,38.320512,-0.474004,Alicante
CNT_004554,CLI_004554,2024-10-30,2025-01-10,38.85182,0.109679,Denia
CNT_004555,CLI_004555,2021-08-06,2023-07-20,38.27728,-0.729745,Elche
CNT_004556,CLI_004556,2016-11-14,2017-10-03,38.000462,-0.659047,Torrevieja
CNT_004557,CLI_004557,2018-07-03,2019-05-13,38.512841,-0.129846,Benidorm
CNT_004558,CLI_004558,2021-04-13,2022-11-27,38.54697,-0.133732,Benidorm
CNT_004559,CLI_004559,2020-07-03,2022-04-20,38.508954,-0.765692,Petrer
CNT_004560,CLI_004560,2018-04-30,2018-06-17,38.397335,-0.436371,Sant Joan d'Alacant
CNT_004561,CLI_004561,2019-07-08,2020-12-25,38.556942,-0.122095,Benidorm
CNT_004562,CLI_004562,2022-01-26,2023-08-25,38.338621,-0.46755,Alicante
CNT_004563,CLI_004563,2020-03-08,2020-05-24,38.820114,0.116468,Denia
CNT_004564,CLI_004564,2015-11-10,2016-07-15,38.337559,-0.447225,Alicante
CNT_004565,CLI_004565,2024-03-01,2025-12-12,38.371405,-0.458909,Alicante
CNT_004566,CLI_004566,2018-10-28,2019-06-02,38.828127,0.103293,Denia
CNT_004567,CLI_004567,2016-03-19,2016-05-18,38.330192,-0.509073,Alicante
CNT_004568,CLI_004568,2019-07-30,2020-05-13,38.360038,-0.439305,Alicante
CNT_004569,CLI_004569,2022-12-26,2024-11-29,38.345277,-0.486943,Alicante
CNT_004570,CLI_004570,2023-12-11,2024-12-18,38.485715,-0.797477,Elda
CNT_004571,CLI_004571,2024-02-12,2025-01-14,38.270732,-0.736508,Elche
CNT_004572,CLI_004572,2019-12-19,2020-03-28,38.539956,-0.127238,Benidorm
CNT_004573,CLI_004573,2016-08-04,2017-07-06,38.334392,-0.477278,Alicante
CNT_004574,CLI_004574,2022-12-28,2024-08-16,38.701181,-0.491581,Alcoy
CNT_004575,CLI_004575,2018-10-15,2019-02-20,38.687272,-0.467961,Alcoy
CNT_004576,CLI_004576,2016-07-01,2016-08-20,38.293846,-0.70926,Elche
CNT_004577,CLI_004577,2018-02-05,2019-11-16,38.251546,-0.639113,Elche
CNT_004578,CLI_004578,2023-06-23,2025-02-06,38.373421,-0.495234,Alicante
CNT_004579,CLI_004579,2016-04-09,2016-05-14,38.634197,-0.871422,Villena
CNT_004580,CLI_004580,2017-11-11,2018-07-29,38.08884,-0.961996,Orihuela
CNT_004581,CLI_004581,2021-12-24,2022-04-14,38.47895,-0.757221,Petrer
CNT_004582,CLI_004582,2022-12-08,2023-08-11,38.3198,-0.490319,Alicante
CNT_004583,CLI_004583,2020-02-08,2021-02-06,38.375363,-0.533999,San Vicente del Raspeig
CNT_004584,CLI_004584,2016-12-16,2018-07-27,38.685736,-0.464917,Alcoy
CNT_004585,CLI_004585,2017-06-10,2019-05-30,38.530313,-0.147864,Benidorm
CNT_004586,CLI_004586,2016-05-15,2018-01-28,38.639543,-0.858699,Villena
CNT_004587,CLI_004587,2022-08-14,2024-06-28,38.287728,-0.659109,Elche
CNT_004588,CLI_004588,2022-03-25,2023-10-28,38.334056,-0.466835,Alicante
CNT_004589,CLI_004589,2016-02-11,2017-06-13,38.523616,-0.123645,Benidorm
CNT_004590,CLI_004590,2018-09-15,2019-01-09,38.681087,-0.462959,Alcoy
CNT_004591,CLI_004591,2016-12-03,2018-05-31,37.987341,-0.651425,Torrevieja
CNT_004592,CLI_004592,2021-05-22,2022-11-15,38.37978,-0.450753,Alicante
CNT_004593,CLI_004593,2021-01-03,2022-09-11,38.293359,-0.688627,Elche
CNT_004594,CLI_004594,2022-10-12,2024-03-02,38.281119,-0.678414,Elche
CNT_004595,CLI_004595,2020-07-02,2021-12-11,38.279548,-0.717791,Elche
CNT_004596,CLI_004596,2016-01-19,2017-05-11,38.118752,-0.928974,Orihuela
CNT_004597,CLI_004597,2020-08-20,2022-04-29,38.702385,-0.485467,Alcoy
CNT_004598,CLI_004598,2021-05-12,2022-02-25,38.361353,-0.490176,Alicante
CNT_004599,CLI_004599,2017-06-04,2018-12-22,38.258443,-0.766116,Elche
CNT_004600,CLI_004600,2019-05-11,2019-12-26,38.311149,-0.470964,Alicante
CNT_004601,CLI_004601,2017-08-21,2018-12-26,38.328104,-0.497097,Alicante
CNT_004602,CLI_004602,2015-10-30,2016-03-01,38.39619,-0.511966,San Vicente del Raspeig
CNT_004603,CLI_004603,2021-03-01,2022-03-17,38.841612,0.111553,Denia
CNT_004604,CLI_004604,2015-12-11,2016-04-26,38.307878,-0.67357,Elche
CNT_004605,CLI_004605,2019-11-19,2020-12-07,38.699375,-0.486403,Alcoy
CNT_004606,CLI_004606,2017-04-05,2018-08-16,38.858383,0.121276,Denia
CNT_004607,CLI_004607,2018-07-13,2018-11-14,38.473479,-0.76653,Elda
CNT_004608,CLI_004608,2015-01-22,2015-05-22,38.337408,-0.461896,Alicante
CNT_004609,CLI_004609,2022-11-26,2023-02-07,38.621052,-0.856716,Villena
CNT_004610,CLI_004610,2022-01-27,2023-05-27,38.249169,-0.694569,Elche
CNT_004611,CLI_004611,2019-09-26,2020-11-12,38.277094,-0.709843,Elche
CNT_004612,CLI_004612,2018-01-24,2018-03-17,38.345389,-0.46197,Alicante
CNT_004613,CLI_004613,2023-04-17,2023-06-08,38.286245,-0.731434,Elche
CNT_004614,CLI_004614,2019-01-08,2019-09-28,38.349731,-0.491444,Alicante
CNT_004615,CLI_004615,2015-09-20,2016-08-25,38.336389,-0.525276,Alicante
CNT_004616,CLI_004616,2022-03-16,2023-06-05,38.312763,-0.71378,Elche
CNT_004617,CLI_004617,2023-05-19,2024-05-15,38.395173,-0.517595,San Vicente del Raspeig
CNT_004618,CLI_004618,2021-08-27,2023-04-23,38.492656,-0.785735,Elda
CNT_004619,CLI_004619,2019-04-23,2019-09-02,38.33517,-0.479727,Alicante
CNT_004620,CLI_004620,2023-02-12,2024-07-25,38.487215,-0.789755,Elda
CNT_004621,CLI_004621,2016-01-27,2017-06-22,38.489836,-0.81443,Elda
CNT_004622,CLI_004622,2023-01-15,2023-08-21,38.700902,-0.477871,Alcoy
CNT_004623,CLI_004623,2016-06-23,2017-10-25,38.286338,-0.498034,Alicante
CNT_004624,CLI_004624,2018-01-20,2018-08-26,38.534419,-0.139209,Benidorm
CNT_004625,CLI_004625,2022-02-26,2023-03-13,38.496205,-0.764004,Petrer
CNT_004626,CLI_004626,2018-03-28,2019-11-28,38.54053,-0.141626,Benidorm
CNT_004627,CLI_004627,2017-06-02,2017-10-23,38.275308,-0.711603,Elche
CNT_004628,CLI_004628,2015-08-16,2015-12-27,38.22761,-0.744216,Elche
CNT_004629,CLI_004629,2021-11-25,2023-09-05,38.070391,-0.950382,Orihuela
CNT_004630,CLI_004630,2021-08-16,2023-02-04,38.27455,-0.722232,Elche
CNT_004631,CLI_004631,2018-10-31,2019-11-09,38.35546,-0.47902,Alicante
CNT_004632,CLI_004632,2019-04-26,2019-06-15,38.292223,-0.719224,Elche
CNT_004633,CLI_004633,2020-09-15,2021-11-05,38.394562,-0.524045,San Vicente del Raspeig
CNT_004634,CLI_004634,2020-05-11,2021-01-04,38.48357,-0.793536,Elda
CNT_004635,CLI_004635,2016-11-21,2018-11-02,38.345609,-0.439199,Alicante
CNT_004636,CLI_004636,2022-12-01,2024-04-26,38.625157,-0.860233,Villena
CNT_004637,CLI_004637,2017-11-26,2019-04-12,38.215873,-0.738772,Elche
CNT_004638,CLI_004638,2020-11-18,2022-01-14,38.539372,-0.146479,Benidorm
CNT_004639,CLI_004639,2024-11-23,2026-05-25,38.700487,-0.472738,Alcoy
CNT_004640,CLI_004640,2018-04-28,2020-04-15,38.388882,-0.536458,San Vicente del Raspeig
CNT_004641,CLI_004641,2019-03-16,2020-09-11,38.467708,-0.799684,Petrer
CNT_004642,CLI_004642,2016-10-19,2017-05-24,38.279354,-0.66861,Elche
CNT_004643,CLI_004643,2015-03-31,2016-04-09,38.475509,-0.783157,Elda
CNT_004644,CLI_004644,2023-06-05,2024-06-20,38.359122,-0.467976,Alicante
CNT_004645,CLI_004645,2023-01-31,2024-08-23,38.556569,-0.138588,Benidorm
CNT_004646,CLI_004646,2018-03-08,2019-11-25,38.672703,-0.468268,Alcoy
CNT_004647,CLI_004647,2015-04-05,2015-06-20,38.525805,-0.139752,Benidorm
CNT_004648,CLI_004648,2019-07-13,2019-10-27,38.339966,-0.475879,Alicante
CNT_004649,CLI_004649,2020-03-16,2021-03-23,38.496158,-0.802847,Elda
CNT_004650,CLI_004650,2022-05-03,2022-12-09,38.30429,-0.443093,Alicante
CNT_004651,CLI_004651,2024-06-19,2026-01-12,38.393597,-0.520256,Alicante
CNT_004652,CLI_004652,2020-12-10,2022-11-20,38.53583,-0.116513,Benidorm
CNT_004653,CLI_004653,2024-03-10,2024-05-14,38.263388,-0.697444,Elche
CNT_004654,CLI_004654,2016-01-01,2017-03-29,38.476323,-0.797674,Elda
CNT_004655,CLI_004655,2022-07-01,2023-07-16,38.255902,-0.694626,Elche
CNT_004656,CLI_004656,2019-02-22,2019-09-27,38.371403,-0.462666,Alicante
CNT_004657,CLI_004657,2021-06-30,2023-01-07,38.465878,-0.775399,Elda
CNT_004658,CLI_004658,2021-09-20,2022-09-18,37.984917,-0.676563,Torrevieja
CNT_004659,CLI_004659,2017-09-22,2019-02-16,38.335595,-0.503267,Alicante
CNT_004660,CLI_004660,2016-06-02,2017-02-02,38.525054,-0.130632,Benidorm
CNT_004661,CLI_004661,2017-06-14,2017-12-18,38.322391,-0.658331,Elche
CNT_004662,CLI_004662,2020-01-22,2021-12-18,38.093181,-0.917546,Orihuela
CNT_004663,CLI_004663,2020-10-25,2021-07-22,38.278992,-0.678307,Elche
CNT_004664,CLI_004664,2021-03-31,2022-02-19,38.409953,-0.515752,San Vicente del Raspeig
CNT_004665,CLI_004665,2017-04-09,2018-08-13,38.379244,-0.516907,San Vicente del Raspeig
CNT_004666,CLI_004666,2022-03-18,2022-05-31,38.555228,-0.117395,Benidorm
CNT_004667,CLI_004667,2021-12-06,2023-05-14,38.282476,-0.492416,Alicante
CNT_004668,CLI_004668,2024-09-05,2025-03-28,38.469475,-0.808061,Elda
CNT_004669,CLI_004669,2015-09-28,2016-10-07,38.528692,-0.130472,Benidorm
CNT_004670,CLI_004670,2023-03-06,2023-05-30,38.541181,-0.141111,Benidorm
CNT_004671,CLI_004671,2024-09-08,2026-04-26,38.270312,-0.72151,Elche
CNT_004672,CLI_004672,2016-04-13,2017-04-18,38.838198,0.094896,Denia
CNT_004673,CLI_004673,2022-05-03,2022-09-17,38.534056,-0.101476,Benidorm
CNT_004674,CLI_004674,2022-02-07,2022-10-08,38.320749,-0.477597,Alicante
CNT_004675,CLI_004675,2016-12-19,2018-05-31,38.232561,-0.690338,Elche
CNT_004676,CLI_004676,2017-10-04,2018-12-04,38.851598,0.087365,Denia
CNT_004677,CLI_004677,2021-05-06,2022-12-06,38.362543,-0.527094,Alicante
CNT_004678,CLI_004678,2016-08-27,2018-02-04,38.656014,-0.876029,Villena
CNT_004679,CLI_004679,2023-04-01,2023-10-20,38.52472,-0.114042,Benidorm
CNT_004680,CLI_004680,2016-01-13,2016-05-26,38.098656,-0.937814,Orihuela
CNT_004681,CLI_004681,2015-06-26,2017-01-27,38.338107,-0.466035,Alicante
CNT_004682,CLI_004682,2021-05-10,2022-09-30,38.374962,-0.462536,Alicante
CNT_004683,CLI_004683,2019-09-11,2020-11-12,38.49412,-0.775913,Petrer
CNT_004684,CLI_004684,2016-09-28,2018-01-04,38.35048,-0.446301,Alicante
CNT_004685,CLI_004685,2020-09-05,2022-07-08,38.694326,-0.480994,Alcoy
CNT_004686,CLI_004686,2022-03-08,2022-10-17,38.286641,-0.667363,Elche
CNT_004687,CLI_004687,2015-03-01,2016-07-08,38.361373,-0.469942,Alicante
CNT_004688,CLI_004688,2022-08-10,2023-08-15,38.328089,-0.525726,Alicante
CNT_004689,CLI_004689,2024-01-02,2024-03-30,37.9548,-0.695664,Torrevieja
CNT_004690,CLI_004690,2016-10-22,2018-05-12,38.633538,-0.887619,Villena
CNT_004691,CLI_004691,2015-09-27,2017-02-15,38.298839,-0.672708,Elche
CNT_004692,CLI_004692,2023-09-23,2024-02-02,38.290723,-0.698844,Elche
CNT_004693,CLI_004693,2015-09-02,2017-03-17,38.241029,-0.747324,Elche
CNT_004694,CLI_004694,2016-10-21,2018-07-04,37.95768,-0.675437,Torrevieja
CNT_004695,CLI_004695,2015-03-26,2016-03-11,38.293543,-0.710118,Elche
CNT_004696,CLI_004696,2017-06-25,2019-01-24,38.823665,0.083443,Denia
CNT_004697,CLI_004697,2024-08-22,2024-10-04,38.276704,-0.661385,Elche
CNT_004698,CLI_004698,2020-02-19,2021-06-18,38.251946,-0.69594,Elche
CNT_004699,CLI_004699,2022-01-27,2022-10-04,38.385626,-0.488336,Alicante
CNT_004700,CLI_004700,2020-11-06,2021-12-31,38.394466,-0.442095,Sant Joan d'Alacant
CNT_004701,CLI_004701,2022-02-09,2024-01-17,38.373784,-0.518832,Alicante
CNT_004702,CLI_004702,2017-05-03,2017-11-21,38.349821,-0.513614,Alicante
CNT_004703,CLI_004703,2023-01-21,2024-12-12,38.537226,-0.115881,Benidorm
CNT_004704,CLI_004704,2016-05-21,2018-05-04,38.045394,-0.953978,Orihuela
CNT_004705,CLI_004705,2016-02-12,2016-06-01,38.217036,-0.697815,Elche
CNT_004706,CLI_004706,2018-07-18,2019-07-18,38.260648,-0.743275,Elche
CNT_004707,CLI_004707,2016-06-07,2017-02-16,38.399263,-0.541117,San Vicente del Raspeig
CNT_004708,CLI_004708,2019-02-26,2019-05-01,38.31707,-0.465755,Alicante
CNT_004709,CLI_004709,2022-04-08,2022-11-11,38.383236,-0.520767,San Vicente del Raspeig
CNT_004710,CLI_004710,2023-05-09,2024-01-17,38.096029,-0.909432,Orihuela
CNT_004711,CLI_004711,2021-10-31,2023-09-03,38.277883,-0.668755,Elche
CNT_004712,CLI_004712,2022-02-03,2023-07-11,38.26247,-0.703376,Elche
CNT_004713,CLI_004713,2023-03-16,2024-02-19,38.364705,-0.469176,Alicante
CNT_004714,CLI_004714,2021-07-25,2023-01-26,38.68431,-0.477199,Alcoy
CNT_004715,CLI_004715,2022-12-09,2024-08-10,38.257669,-0.653094,Elche
CNT_004716,CLI_004716,2015-11-24,2017-06-15,38.301753,-0.673022,Elche
CNT_004717,CLI_004717,2020-01-10,2021-02-11,38.086166,-0.941106,Orihuela
CNT_004718,CLI_004718,2018-08-02,2019-12-19,38.402537,-0.436696,Sant Joan d'Alacant
CNT_004719,CLI_004719,2023-07-04,2023-09-02,38.316231,-0.666513,Elche
CNT_004720,CLI_004720,2024-11-13,2025-08-01,38.469907,-0.764204,Petrer
CNT_004721,CLI_004721,2016-09-14,2018-02-22,38.283021,-0.66401,Elche
CNT_004722,CLI_004722,2021-12-10,2023-07-28,38.3868,-0.535841,Alicante
CNT_004723,CLI_004723,2020-01-29,2020-08-20,38.337079,-0.469469,Alicante
CNT_004724,CLI_004724,2020-08-03,2021-06-26,38.284412,-0.70964,Elche
CNT_004725,CLI_004725,2020-02-27,2021-03-27,38.32065,-0.437091,Alicante
CNT_004726,CLI_004726,2021-12-09,2022-04-03,38.328032,-0.44234,Alicante
CNT_004727,CLI_004727,2021-01-01,2022-08-30,38.846474,0.106193,Denia
CNT_004728,CLI_004728,2024-11-04,2025-03-02,38.488283,-0.773372,Elda
CNT_004729,CLI_004729,2017-01-25,2017-04-18,38.711851,-0.452003,Alcoy
CNT_004730,CLI_004730,2015-05-26,2017-03-15,38.384441,-0.47914,Alicante
CNT_004731,CLI_004731,2017-10-17,2018-11-11,38.343514,-0.419202,Alicante
CNT_004732,CLI_004732,2024-10-14,2026-03-03,38.37504,-0.481784,Alicante
CNT_004733,CLI_004733,2019-06-16,2020-02-29,38.530092,-0.133874,Benidorm
CNT_004734,CLI_004734,2017-04-07,2018-10-22,38.492921,-0.761341,Petrer
CNT_004735,CLI_004735,2020-02-02,2021-03-10,38.270065,-0.706083,Elche
CNT_004736,CLI_004736,2016-09-18,2018-01-29,38.356342,-0.478867,Alicante
CNT_004737,CLI_004737,2024-11-07,2026-01-30,38.274817,-0.667292,Elche
CNT_004738,CLI_004738,2018-07-19,2020-01-31,38.230196,-0.697877,Elche
CNT_004739,CLI_004739,2022-01-25,2023-03-30,38.240769,-0.73559,Elche
CNT_004740,CLI_004740,2016-09-21,2017-04-22,38.086851,-0.937154,Orihuela
CNT_004741,CLI_004741,2023-01-07,2024-08-20,38.513953,-0.139656,Benidorm
CNT_004742,CLI_004742,2023-09-02,2023-12-30,38.36598,-0.459368,Alicante
CNT_004743,CLI_004743,2024-08-19,2026-05-25,38.366989,-0.463595,Alicante
CNT_004744,CLI_004744,2021-09-28,2022-11-14,38.404345,-0.425257,Sant Joan d'Alacant
CNT_004745,CLI_004745,2015-09-14,2016-10-16,38.317172,-0.458312,Alicante
CNT_004746,CLI_004746,2024-02-16,2024-05-29,38.379703,-0.453744,Alicante
CNT_004747,CLI_004747,2020-11-04,2021-08-29,38.39613,-0.497727,Alicante
CNT_004748,CLI_004748,2017-06-23,2017-08-06,38.348877,-0.4609,Alicante
CNT_004749,CLI_004749,2018-12-30,2019-12-23,38.276732,-0.654994,Elche
CNT_004750,CLI_004750,2022-03-02,2023-04-27,38.398721,-0.533564,San Vicente del Raspeig
CNT_004751,CLI_004751,2022-08-21,2023-11-27,38.277168,-0.658706,Elche
CNT_004752,CLI_004752,2015-04-18,2016-04-25,38.26287,-0.710386,Elche
CNT_004753,CLI_004753,2017-11-08,2018-06-20,38.533785,-0.141524,Benidorm
CNT_004754,CLI_004754,2018-10-20,2018-12-24,38.285426,-0.691784,Elche
CNT_004755,CLI_004755,2019-08-04,2020-03-25,38.506847,-0.783209,Elda
CNT_004756,CLI_004756,2018-11-03,2020-09-13,38.461899,-0.780859,Elda
CNT_004757,CLI_004757,2015-06-09,2015-09-03,38.342605,-0.505044,Alicante
CNT_004758,CLI_004758,2015-04-10,2015-08-27,38.684234,-0.468186,Alcoy
CNT_004759,CLI_004759,2015-09-22,2017-09-06,38.300525,-0.713382,Elche
CNT_004760,CLI_004760,2022-08-29,2024-02-05,38.39611,-0.4519,Sant Joan d'Alacant
CNT_004761,CLI_004761,2023-07-18,2024-03-28,38.23375,-0.718732,Elche
CNT_004762,CLI_004762,2016-11-07,2017-12-27,38.407144,-0.445258,Sant Joan d'Alacant
CNT_004763,CLI_004763,2017-03-09,2017-06-10,38.719332,-0.467141,Alcoy
CNT_004764,CLI_004764,2024-07-18,2025-08-03,38.36179,-0.452195,Alicante
CNT_004765,CLI_004765,2017-12-18,2019-04-24,37.982386,-0.708718,Torrevieja
CNT_004766,CLI_004766,2021-02-08,2022-01-23,38.405082,-0.435332,Sant Joan d'Alacant
CNT_004767,CLI_004767,2022-05-30,2023-06-20,38.495678,-0.80592,Elda
CNT_004768,CLI_004768,2019-01-10,2019-05-12,38.323345,-0.465273,Alicante
CNT_004769,CLI_004769,2018-08-17,2019-07-12,38.532858,-0.138773,Benidorm
CNT_004770,CLI_004770,2016-08-30,2018-02-04,38.255541,-0.721429,Elche
CNT_004771,CLI_004771,2019-04-28,2021-03-11,38.316003,-0.461008,Alicante
CNT_004772,CLI_004772,2024-05-18,2026-02-01,38.258276,-0.711212,Elche
CNT_004773,CLI_004773,2019-11-28,2021-01-19,38.372893,-0.488899,Alicante
CNT_004774,CLI_004774,2018-05-21,2020-02-20,38.403099,-0.55194,San Vicente del Raspeig
CNT_004775,CLI_004775,2023-12-05,2025-03-12,38.279675,-0.677476,Elche
CNT_004776,CLI_004776,2022-05-14,2022-09-22,38.398058,-0.515449,San Vicente del Raspeig
CNT_004777,CLI_004777,2021-07-22,2022-09-02,38.358283,-0.480864,Alicante
CNT_004778,CLI_004778,2022-10-30,2024-07-03,38.247887,-0.731907,Elche
CNT_004779,CLI_004779,2017-03-11,2018-03-13,38.337462,-0.450766,Alicante
CNT_004780,CLI_004780,2018-03-06,2019-08-09,38.35,-0.497657,Alicante
CNT_004781,CLI_004781,2017-11-19,2019-09-21,38.352138,-0.492334,Alicante
CNT_004782,CLI_004782,2021-01-02,2021-04-01,38.353205,-0.423199,Alicante
CNT_004783,CLI_004783,2020-01-22,2021-07-13,37.97621,-0.694865,Torrevieja
CNT_004784,CLI_004784,2019-01-31,2020-03-27,38.335764,-0.462445,Alicante
CNT_004785,CLI_004785,2020-07-14,2020-12-09,38.334971,-0.685934,Elche
CNT_004786,CLI_004786,2016-05-17,2017-09-29,38.285449,-0.689716,Elche
CNT_004787,CLI_004787,2022-10-17,2023-10-09,38.483658,-0.788416,Elda
CNT_004788,CLI_004788,2023-04-04,2023-05-24,38.837202,0.111346,Denia
CNT_004789,CLI_004789,2018-04-29,2018-09-02,38.255573,-0.692317,Elche
CNT_004790,CLI_004790,2016-04-15,2017-10-09,38.262622,-0.699442,Elche
CNT_004791,CLI_004791,2022-06-30,2024-04-29,38.352521,-0.443218,Alicante
CNT_004792,CLI_004792,2018-09-30,2019-10-14,38.614435,-0.881952,Villena
CNT_004793,CLI_004793,2020-08-10,2021-01-18,38.305965,-0.455464,Alicante
CNT_004794,CLI_004794,2015-04-20,2016-11-15,38.329278,-0.460441,Alicante
CNT_004795,CLI_004795,2020-02-17,2021-11-06,38.350378,-0.46354,Alicante
CNT_004796,CLI_004796,2017-06-12,2017-08-12,38.260236,-0.673726,Elche
CNT_004797,CLI_004797,2019-11-05,2020-08-19,38.382153,-0.483315,Alicante
CNT_004798,CLI_004798,2017-12-23,2019-05-12,38.378511,-0.547728,San Vicente del Raspeig
CNT_004799,CLI_004799,2017-01-25,2017-03-28,38.326416,-0.482807,Alicante
CNT_004800,CLI_004800,2015-02-22,2016-04-14,38.115202,-0.964324,Orihuela
CNT_004801,CLI_004801,2021-04-28,2022-12-09,38.348478,-0.499296,Alicante
CNT_004802,CLI_004802,2024-11-09,2026-03-09,38.367321,-0.51206,Alicante
CNT_004803,CLI_004803,2018-08-18,2020-05-02,38.871469,0.09854,Denia
CNT_004804,CLI_004804,2020-07-21,2021-01-10,38.327855,-0.495916,Alicante
CNT_004805,CLI_004805,2020-06-14,2022-03-09,38.395108,-0.553831,San Vicente del Raspeig
CNT_004806,CLI_004806,2023-01-12,2023-09-22,37.973796,-0.669596,Torrevieja
CNT_004807,CLI_004807,2021-03-31,2021-12-02,38.296335,-0.425492,Alicante
CNT_004808,CLI_004808,2015-03-14,2015-09-15,38.633275,-0.858925,Villena
CNT_004809,CLI_004809,2018-10-12,2020-04-13,38.367227,-0.486073,Alicante
CNT_004810,CLI_004810,2017-08-08,2017-10-12,38.485187,-0.792457,Elda
CNT_004811,CLI_004811,2019-06-15,2021-04-10,38.360677,-0.491525,Alicante
CNT_004812,CLI_004812,2016-04-28,2016-06-05,38.474194,-0.79072,Elda
CNT_004813,CLI_004813,2017-10-26,2018-01-03,38.328798,-0.481925,Alicante
CNT_004814,CLI_004814,2017-05-26,2018-10-06,38.293424,-0.716803,Elche
CNT_004815,CLI_004815,2020-06-28,2021-01-22,38.692432,-0.453205,Alcoy
CNT_004816,CLI_004816,2020-01-06,2021-11-06,38.486841,-0.784872,Petrer
CNT_004817,CLI_004817,2017-05-08,2018-10-20,38.84315,0.116475,Denia
CNT_004818,CLI_004818,2020-07-13,2021-08-19,38.413841,-0.526514,San Vicente del Raspeig
CNT_004819,CLI_004819,2020-02-01,2020-05-08,38.855271,0.134212,Denia
CNT_004820,CLI_004820,2020-12-24,2022-11-19,38.312819,-0.472478,Alicante
CNT_004821,CLI_004821,2017-02-17,2018-05-16,38.315511,-0.489998,Alicante
CNT_004822,CLI_004822,2024-07-07,2026-01-02,38.359673,-0.487193,Alicante
CNT_004823,CLI_004823,2016-09-19,2017-10-17,38.264085,-0.697422,Elche
CNT_004824,CLI_004824,2022-02-15,2023-06-10,38.255486,-0.723441,Elche
CNT_004825,CLI_004825,2022-08-22,2024-02-18,37.996981,-0.696004,Torrevieja
CNT_004826,CLI_004826,2022-03-02,2023-02-23,38.349886,-0.525624,Alicante
CNT_004827,CLI_004827,2023-12-22,2025-01-24,38.534829,-0.142376,Benidorm
CNT_004828,CLI_004828,2016-02-14,2017-11-01,38.364696,-0.478652,Alicante
CNT_004829,CLI_004829,2017-11-25,2019-01-15,38.257248,-0.691696,Elche
CNT_004830,CLI_004830,2021-03-27,2022-10-24,38.300007,-0.741845,Elche
CNT_004831,CLI_004831,2024-01-12,2024-06-03,38.386843,-0.526947,San Vicente del Raspeig
CNT_004832,CLI_004832,2021-04-28,2022-12-19,38.706283,-0.466639,Alcoy
CNT_004833,CLI_004833,2018-02-28,2018-05-06,38.113477,-0.947758,Orihuela
CNT_004834,CLI_004834,2019-05-20,2020-12-14,38.310768,-0.496845,Alicante
CNT_004835,CLI_004835,2017-06-10,2018-07-21,37.97252,-0.689619,Torrevieja
CNT_004836,CLI_004836,2016-03-23,2017-05-25,38.373755,-0.494519,Alicante
CNT_004837,CLI_004837,2021-02-11,2021-10-01,38.290959,-0.712308,Elche
CNT_004838,CLI_004838,2019-07-11,2020-02-27,38.261727,-0.694476,Elche
CNT_004839,CLI_004839,2023-12-02,2024-04-09,38.326833,-0.423308,Alicante
CNT_004840,CLI_004840,2018-07-21,2019-09-21,38.369098,-0.499592,Alicante
CNT_004841,CLI_004841,2019-08-14,2020-12-05,38.651203,-0.870018,Villena
CNT_004842,CLI_004842,2015-12-18,2016-05-13,38.623024,-0.86682,Villena
CNT_004843,CLI_004843,2018-12-07,2020-03-01,38.239014,-0.713422,Elche
CNT_004844,CLI_004844,2023-10-28,2024-07-26,38.350831,-0.453544,Alicante
CNT_004845,CLI_004845,2021-08-28,2023-03-21,38.360934,-0.540272,Alicante
CNT_004846,CLI_004846,2023-07-05,2024-03-17,38.25892,-0.709983,Elche
CNT_004847,CLI_004847,2021-07-01,2022-12-13,38.645152,-0.85638,Villena
CNT_004848,CLI_004848,2016-04-09,2016-12-07,38.327447,-0.488352,Alicante
CNT_004849,CLI_004849,2021-11-18,2022-04-09,38.673024,-0.48325,Alcoy
CNT_004850,CLI_004850,2023-09-02,2024-10-08,38.334602,-0.469981,Alicante
CNT_004851,CLI_004851,2018-03-03,2019-01-25,38.401969,-0.430343,Sant Joan d'Alacant
CNT_004852,CLI_004852,2021-01-18,2022-12-21,38.259432,-0.693666,Elche
CNT_004853,CLI_004853,2016-07-09,2016-08-26,38.684497,-0.483015,Alcoy
CNT_004854,CLI_004854,2015-10-27,2017-09-26,38.225556,-0.688264,Elche
CNT_004855,CLI_004855,2015-12-22,2016-01-31,38.074518,-0.952541,Orihuela
CNT_004856,CLI_004856,2018-06-17,2018-07-24,38.367641,-0.46237,Alicante
CNT_004857,CLI_004857,2016-07-17,2017-01-15,38.376605,-0.443919,Alicante
CNT_004858,CLI_004858,2017-03-03,2018-12-17,38.495777,-0.796056,Petrer
CNT_004859,CLI_004859,2017-10-19,2019-09-08,38.475741,-0.768889,Petrer
CNT_004860,CLI_004860,2022-03-18,2023-10-18,38.823394,0.079664,Denia
CNT_004861,CLI_004861,2022-08-29,2023-02-09,38.094733,-0.895664,Orihuela
CNT_004862,CLI_004862,2018-04-05,2019-05-12,38.403921,-0.530917,San Vicente del Raspeig
CNT_004863,CLI_004863,2020-12-27,2022-05-01,38.355204,-0.462341,Alicante
CNT_004864,CLI_004864,2023-10-16,2024-07-06,38.221191,-0.699077,Elche
CNT_004865,CLI_004865,2020-03-19,2020-12-28,38.246429,-0.715968,Elche
CNT_004866,CLI_004866,2021-04-01,2022-12-07,38.084206,-0.962941,Orihuela
CNT_004867,CLI_004867,2020-07-29,2021-07-21,38.276219,-0.663415,Elche
CNT_004868,CLI_004868,2017-10-23,2018-11-18,38.364383,-0.457102,Alicante
CNT_004869,CLI_004869,2015-09-13,2016-10-20,38.087685,-0.905628,Orihuela
CNT_004870,CLI_004870,2021-08-15,2022-04-10,38.400269,-0.524635,San Vicente del Raspeig
CNT_004871,CLI_004871,2021-05-14,2022-03-06,38.267367,-0.691966,Elche
CNT_004872,CLI_004872,2022-01-07,2023-11-23,38.36234,-0.48768,Alicante
CNT_004873,CLI_004873,2023-01-30,2024-09-04,38.353022,-0.488177,Alicante
CNT_004874,CLI_004874,2019-12-11,2021-05-29,38.346843,-0.507047,Alicante
CNT_004875,CLI_004875,2018-05-20,2020-01-03,38.338491,-0.4789,Alicante
CNT_004876,CLI_004876,2024-01-01,2025-03-26,38.086426,-0.960285,Orihuela
CNT_004877,CLI_004877,2015-09-27,2016-08-29,38.094492,-0.935662,Orihuela
CNT_004878,CLI_004878,2021-11-28,2022-05-13,38.53741,-0.12926,Benidorm
CNT_004879,CLI_004879,2019-04-01,2020-06-22,38.273878,-0.691971,Elche
CNT_004880,CLI_004880,2017-07-16,2018-02-25,38.412413,-0.505198,San Vicente del Raspeig
CNT_004881,CLI_004881,2015-03-05,2015-07-07,38.351829,-0.481943,Alicante
CNT_004882,CLI_004882,2016-04-04,2017-09-05,38.251222,-0.681652,Elche
CNT_004883,CLI_004883,2017-11-05,2018-08-19,38.406903,-0.500682,San Vicente del Raspeig
CNT_004884,CLI_004884,2022-02-24,2022-04-19,38.311045,-0.448335,Alicante
CNT_004885,CLI_004885,2017-11-08,2018-07-27,38.318165,-0.452171,Alicante
CNT_004886,CLI_004886,2018-09-10,2019-09-06,38.845738,0.1011,Denia
CNT_004887,CLI_004887,2017-06-26,2019-03-23,38.276861,-0.693248,Elche
CNT_004888,CLI_004888,2015-04-03,2015-12-09,38.519259,-0.147119,Benidorm
CNT_004889,CLI_004889,2017-02-11,2018-01-03,38.33563,-0.468527,Alicante
CNT_004890,CLI_004890,2017-03-20,2017-11-07,38.526927,-0.128006,Benidorm
CNT_004891,CLI_004891,2020-08-03,2021-08-10,38.254793,-0.697786,Elche
CNT_004892,CLI_004892,2023-06-16,2025-02-27,38.36879,-0.45532,Alicante
CNT_004893,CLI_004893,2019-07-05,2020-02-24,38.09893,-0.968655,Orihuela
CNT_004894,CLI_004894,2017-04-19,2017-08-03,38.344722,-0.440128,Alicante
CNT_004895,CLI_004895,2016-05-02,2017-12-02,38.253489,-0.678461,Elche
CNT_004896,CLI_004896,2023-09-01,2023-11-11,38.311459,-0.482766,Alicante
CNT_004897,CLI_004897,2023-06-09,2024-10-05,38.380705,-0.484718,Alicante
CNT_004898,CLI_004898,2019-10-14,2020-05-12,38.360003,-0.468985,Alicante
CNT_004899,CLI_004899,2017-01-18,2017-08-30,38.327533,-0.442979,Alicante
CNT_004900,CLI_004900,2016-06-11,2018-02-20,38.851494,0.107224,Denia
CNT_004901,CLI_004901,2024-09-30,2025-11-21,38.343444,-0.477399,Alicante
CNT_004902,CLI_004902,2018-03-13,2020-01-08,38.259184,-0.697901,Elche
CNT_004903,CLI_004903,2016-07-07,2016-12-24,38.35608,-0.436449,Alicante
CNT_004904,CLI_004904,2016-05-29,2016-07-24,38.249187,-0.706415,Elche
CNT_004905,CLI_004905,2024-09-11,2025-08-21,38.480462,-0.770295,Petrer
CNT_004906,CLI_004906,2016-01-12,2016-12-27,38.348237,-0.444414,Alicante
CNT_004907,CLI_004907,2024-10-05,2026-01-25,38.631007,-0.864436,Villena
CNT_004908,CLI_004908,2019-09-05,2020-07-23,38.361927,-0.452574,Alicante
CNT_004909,CLI_004909,2016-04-28,2017-01-18,38.720829,-0.484335,Alcoy
CNT_004910,CLI_004910,2016-03-27,2017-07-26,37.965123,-0.685895,Torrevieja
CNT_004911,CLI_004911,2019-04-09,2021-02-20,38.815723,0.127967,Denia
CNT_004912,CLI_004912,2022-10-05,2024-07-01,37.942669,-0.694374,Torrevieja
CNT_004913,CLI_004913,2018-01-03,2019-11-27,37.975992,-0.684923,Torrevieja
CNT_004914,CLI_004914,2023-07-09,2023-10-13,38.328621,-0.474583,Alicante
CNT_004915,CLI_004915,2015-10-29,2016-05-21,38.350397,-0.505729,Alicante
CNT_004916,CLI_004916,2019-04-25,2020-10-15,38.485226,-0.774138,Petrer
CNT_004917,CLI_004917,2023-07-31,2025-05-05,38.230229,-0.695822,Elche
CNT_004918,CLI_004918,2019-11-09,2020-03-08,38.225573,-0.697273,Elche
CNT_004919,CLI_004919,2019-03-07,2019-09-18,38.701951,-0.458036,Alcoy
CNT_004920,CLI_004920,2017-09-25,2019-06-18,38.268479,-0.664388,Elche
CNT_004921,CLI_004921,2024-01-30,2025-05-11,38.63189,-0.876473,Villena
CNT_004922,CLI_004922,2020-08-27,2020-11-15,38.678514,-0.472065,Alcoy
CNT_004923,CLI_004923,2016-02-02,2018-01-09,38.094228,-0.931015,Orihuela
CNT_004924,CLI_004924,2017-10-03,2019-09-18,38.859778,0.128445,Denia
CNT_004925,CLI_004925,2022-03-26,2023-01-15,38.35215,-0.463038,Alicante
CNT_004926,CLI_004926,2021-02-14,2022-08-18,38.324013,-0.473727,Alicante
CNT_004927,CLI_004927,2019-12-09,2020-04-03,38.26648,-0.683636,Elche
CNT_004928,CLI_004928,2020-11-21,2022-08-18,38.311047,-0.464156,Alicante
CNT_004929,CLI_004929,2020-04-30,2020-07-20,38.711096,-0.484533,Alcoy
CNT_004930,CLI_004930,2024-05-08,2024-12-02,38.484718,-0.768072,Petrer
CNT_004931,CLI_004931,2018-10-26,2019-08-29,38.226601,-0.666198,Elche
CNT_004932,CLI_004932,2015-02-02,2015-10-28,38.258885,-0.702862,Elche
CNT_004933,CLI_004933,2022-08-28,2024-05-03,38.64256,-0.864647,Villena
CNT_004934,CLI_004934,2021-08-18,2022-08-21,38.258173,-0.703635,Elche
CNT_004935,CLI_004935,2023-11-24,2024-03-04,38.25943,-0.749205,Elche
CNT_004936,CLI_004936,2023-06-11,2024-07-18,38.238563,-0.697847,Elche
CNT_004937,CLI_004937,2022-08-20,2024-04-20,38.849198,0.110227,Denia
CNT_004938,CLI_004938,2020-01-19,2021-07-18,37.967028,-0.691425,Torrevieja
CNT_004939,CLI_004939,2019-12-10,2020-09-02,38.672523,-0.487256,Alcoy
CNT_004940,CLI_004940,2017-06-08,2018-10-16,38.391845,-0.535867,San Vicente del Raspeig
CNT_004941,CLI_004941,2021-11-08,2022-04-07,38.287085,-0.681488,Elche
CNT_004942,CLI_004942,2020-03-08,2021-05-24,38.256988,-0.654904,Elche
CNT_004943,CLI_004943,2019-07-25,2021-03-15,38.499556,-0.775211,Elda
CNT_004944,CLI_004944,2015-09-06,2015-11-17,38.274937,-0.727876,Elche
CNT_004945,CLI_004945,2021-10-31,2023-04-17,38.400365,-0.515044,San Vicente del Raspeig
CNT_004946,CLI_004946,2023-05-24,2024-01-05,38.482616,-0.776632,Petrer
CNT_004947,CLI_004947,2017-09-06,2017-12-16,38.083434,-0.956145,Orihuela
CNT_004948,CLI_004948,2024-12-20,2025-04-19,38.695239,-0.478944,Alcoy
CNT_004949,CLI_004949,2023-06-03,2025-01-01,38.392673,-0.516827,San Vicente del Raspeig
CNT_004950,CLI_004950,2018-06-13,2019-11-15,38.48507,-0.780289,Elda
CNT_004951,CLI_004951,2021-01-29,2022-03-17,38.244912,-0.700457,Elche
CNT_004952,CLI_004952,2018-09-07,2020-01-15,38.318303,-0.483027,Alicante
CNT_004953,CLI_004953,2021-08-15,2022-02-14,38.24079,-0.688086,Elche
CNT_004954,CLI_004954,2019-04-21,2019-11-06,38.558748,-0.124484,Benidorm
CNT_004955,CLI_004955,2022-10-09,2023-08-06,38.277168,-0.672423,Elche
CNT_004956,CLI_004956,2022-08-28,2023-01-14,38.702054,-0.488812,Alcoy
CNT_004957,CLI_004957,2017-02-25,2017-08-24,38.242235,-0.697859,Elche
CNT_004958,CLI_004958,2024-03-21,2025-06-24,38.097267,-0.96586,Orihuela
CNT_004959,CLI_004959,2017-04-19,2018-08-12,38.342286,-0.482274,Alicante
CNT_004960,CLI_004960,2021-09-13,2023-07-17,38.70097,-0.476114,Alcoy
CNT_004961,CLI_004961,2023-07-27,2023-09-17,37.961121,-0.683041,Torrevieja
CNT_004962,CLI_004962,2020-03-13,2021-04-13,38.349207,-0.500994,Alicante
CNT_004963,CLI_004963,2024-11-10,2026-05-25,38.334604,-0.518182,Alicante
CNT_004964,CLI_004964,2022-02-08,2022-11-03,38.689213,-0.498533,Alcoy
CNT_004965,CLI_004965,2016-02-12,2017-05-20,38.28165,-0.701186,Elche
CNT_004966,CLI_004966,2022-05-12,2022-10-15,38.306757,-0.491775,Alicante
CNT_004967,CLI_004967,2024-10-24,2026-05-17,38.643777,-0.874311,Villena
CNT_004968,CLI_004968,2015-03-05,2016-12-26,38.542414,-0.115429,Benidorm
CNT_004969,CLI_004969,2022-03-06,2022-10-19,38.626444,-0.876513,Villena
CNT_004970,CLI_004970,2021-10-03,2023-09-18,38.247453,-0.66713,Elche
CNT_004971,CLI_004971,2021-01-02,2022-11-18,38.260593,-0.662575,Elche
CNT_004972,CLI_004972,2024-02-26,2025-07-21,38.844931,0.076436,Denia
CNT_004973,CLI_004973,2015-01-17,2015-08-13,37.975949,-0.680537,Torrevieja
CNT_004974,CLI_004974,2020-11-15,2022-05-21,38.539403,-0.136096,Benidorm
CNT_004975,CLI_004975,2021-11-04,2023-09-15,38.389274,-0.553795,Alicante
CNT_004976,CLI_004976,2023-04-11,2024-07-20,38.25433,-0.730082,Elche
CNT_004977,CLI_004977,2017-06-16,2018-05-25,38.302321,-0.461627,Alicante
CNT_004978,CLI_004978,2017-10-12,2017-11-29,38.365848,-0.43052,Alicante
CNT_004979,CLI_004979,2018-06-20,2018-12-26,38.387283,-0.458433,Alicante
CNT_004980,CLI_004980,2016-04-23,2016-09-21,38.355019,-0.472909,Alicante
CNT_004981,CLI_004981,2015-07-20,2015-10-29,38.623947,-0.866456,Villena
CNT_004982,CLI_004982,2020-05-26,2020-08-18,38.342103,-0.438933,Alicante
CNT_004983,CLI_004983,2024-09-14,2026-01-16,38.520778,-0.105521,Benidorm
CNT_004984,CLI_004984,2015-06-28,2016-01-12,38.486414,-0.798842,Elda
CNT_004985,CLI_004985,2021-12-30,2023-10-01,37.954377,-0.7182,Torrevieja
CNT_004986,CLI_004986,2016-03-28,2017-11-29,38.337697,-0.533455,Alicante
CNT_004987,CLI_004987,2021-05-06,2021-10-31,38.686348,-0.457537,Alcoy
CNT_004988,CLI_004988,2024-01-19,2025-11-07,38.087336,-0.945441,Orihuela
CNT_004989,CLI_004989,2016-04-30,2016-06-24,38.694004,-0.471201,Alcoy
CNT_004990,CLI_004990,2020-07-16,2021-04-19,38.700521,-0.494888,Alcoy
CNT_004991,CLI_004991,2016-07-31,2017-04-13,38.637268,-0.875238,Villena
CNT_004992,CLI_004992,2015-12-04,2017-09-19,37.96094,-0.687519,Torrevieja
CNT_004993,CLI_004993,2017-05-10,2018-10-05,38.279291,-0.693728,Elche
CNT_004994,CLI_004994,2022-09-05,2022-10-14,38.083825,-0.952472,Orihuela
CNT_004995,CLI_004995,2022-09-05,2023-01-07,38.320487,-0.506933,Alicante
CNT_004996,CLI_004996,2020-06-26,2020-11-23,38.874314,0.093931,Denia
CNT_004997,CLI_004997,2019-01-11,2019-06-15,38.357111,-0.450792,Alicante
CNT_004998,CLI_004998,2022-03-16,2023-10-15,38.262128,-0.692915,Elche
CNT_004999,CLI_004999,2020-08-04,2020-11-10,38.413282,-0.517954,San Vicente del Raspeig
CNT_005000,CLI_005000,2024-05-21,2025-04-12,38.121636,-0.962477,Orihuela
